date,venue,race_no,race_key_raw,horse_no,horse_name,finish_position,abnormality_code,sed_record_sha256
2026-07-05,函館,1,02261801,1,アイルドフルール,7,0,0add3fded4d3bf7e6448305ad1ba431b18145c0a36fc626cf51b4e63f1c17f8d
2026-07-05,函館,1,02261801,2,キチロクタワー,3,0,3eeae73f01249fd8ed0d7b5221b65254d00a68b98e5de55774a486109a29f748
2026-07-05,函館,1,02261801,3,マナベラ,6,0,2b6982c10c5a0d0ab5e4bd6032e7ad2629fc74517bef1ecfa484d91bf88a12f0
2026-07-05,函館,1,02261801,4,ライーリーアース,1,0,8f2f8700239db6d0ec6055e7491b274d0cd64d42f441a90bc43208dbbaa94e7d
2026-07-05,函館,1,02261801,5,クリアストライク,9,0,7af6541687b55ba88afed612c309daa29b43323c44fd58e1d25b120368d288f2
2026-07-05,函館,1,02261801,6,コックニー,8,0,20ccbba92ffba3dc957a952036e9753a912abcf3c5ec43d292efb99c4df1bf4b
2026-07-05,函館,1,02261801,7,チカバリエンテ,2,0,0f6c0b5fb78e3acaa0715646f1f5b040f1dc4437aaffb8bbf9b6abd2b1c1c1ff
2026-07-05,函館,1,02261801,8,リアルジャパン,4,0,faf7c3cd6c4f27ae03ab0c833312773db20776f66ec321aaa688d2ad9451c18e
2026-07-05,函館,1,02261801,9,レインボースター,5,0,a39286ef3685d6bf26403e7745de18bd902faf8bafc0237af13114cccbe94f86
2026-07-05,函館,2,02261802,1,アクロスメモリア,10,0,06efa0b3638054431e56371b591cf0bebec22d1923ea5b627a64ed4981f7b5d1
2026-07-05,函館,2,02261802,2,ペイシャクロス,8,0,fb1426b15edb4c094ba38c19259fb26b90443cba893e5bc1c8c9e71fd8ff41e2
2026-07-05,函館,2,02261802,3,カッサンドラ,2,0,bb263f28f510fb8a192d69cb592e281e9b8544475b13807ad3b3a8d903aad787
2026-07-05,函館,2,02261802,4,カフェオドヴィー,12,0,e1aa416196cf43fdec1463d929a1da2276e05e9b795593db2cd945ed07c9cd22
2026-07-05,函館,2,02261802,5,カプリースカラー,4,0,e13d977d86f5bf6fbfc9138cfba01d649b85d0e48785507673c64eb84ea3121b
2026-07-05,函館,2,02261802,6,ミスマラッカ,5,0,aedb537caa7a54c6de585fe951d208a78b2d71d7fa0d2e5292c3af4102cbb84c
2026-07-05,函館,2,02261802,7,マーマレードスカイ,3,0,ae96b0577f5e05f05655eb169587736d7d9242568a2f1abaf7b2b28efbaf1d0e
2026-07-05,函館,2,02261802,8,デルマハルナ,9,0,189761750ead87ad0e04ba5fd3320442f15cd954ef1b06c13d196d5d9b10c4d4
2026-07-05,函館,2,02261802,9,ジャストキュート,11,0,88384e01cfe4a7882f96448cdd6a0b027eaa08b518aed3482b298c0e6c91a806
2026-07-05,函館,2,02261802,10,グレイトソン,1,0,4b00696096a110fbead3513951b38aea90812f7f2828c5a1f973c1813299dcc1
2026-07-05,函館,2,02261802,11,ロードベルファスト,7,0,f129f5cedc3e1ccc2db916eeb05aa37b8fcc88dfff8f23aeb11d25279c9544a6
2026-07-05,函館,2,02261802,12,ジェッディンデデン,6,0,3e7b214006d6d956cd099e3ae99f52cbadb21f1af0e46ea5ddd27f5ac63de838
2026-07-05,函館,3,02261803,1,ニシノモリミチ,2,0,ede7ff1d78e548dc3802d447cdd437af2e0cca048c680a7457b1d6c526edf7c4
2026-07-05,函館,3,02261803,2,キャピタル,8,0,a0da1760ca12924ebeea1000d410106622d6495337b9b1478d1892a530868905
2026-07-05,函館,3,02261803,3,カンフージョン,14,0,e0d38fc8573c3dfc02ce76ba4faa85aeafb4d84d4d8cacbd5491ec3772dfb12f
2026-07-05,函館,3,02261803,4,レースクイーン,4,0,e3100eb1b40093a5ed0ff5671be5361d5224b8df96903a07b8db3bfecb85dfd0
2026-07-05,函館,3,02261803,5,オーキーベルセルク,13,0,b689658ff197eb95ebcb8fc59415b949426d66954ed15718660bb301f87077f0
2026-07-05,函館,3,02261803,6,ガダニーニ,11,0,20c93ffe2e0a4270b2af2879cb9ac752cccd8f96e0abc398ea5d742bf7a489d5
2026-07-05,函館,3,02261803,7,ヘイマー,6,0,86614e2d06cd39cc5c699cf4a02b683bc7971cc08ba4ff0a7171dc1f591ef782
2026-07-05,函館,3,02261803,8,ミリオングローリー,7,0,54c6689c263052098ba5fe344e49ea4dc2481e398a547009061a178455fdfeed
2026-07-05,函館,3,02261803,9,ジャストグレース,5,0,5907cc74d19b981e4bbd616ff02c238ded2ff69a452cd87099cdcc275cbe7885
2026-07-05,函館,3,02261803,10,マツリダシリウス,9,0,3f879caf759623f3dd84d3f5e6714dfcad0b308fbbb16c1ef93d783e50ab289b
2026-07-05,函館,3,02261803,11,クッカユフラ,1,0,81a3d8da31e3f78420ebb17fa78b8ebc4a721b2c1750d6cd0098c9451cf139c1
2026-07-05,函館,3,02261803,12,ガーディアンテイル,12,0,f53a37a4611b6014a62a6bf2db82381369cad5a15e95f0b67dbf373568ff1400
2026-07-05,函館,3,02261803,13,ゴンフィンガー,3,0,bed1fde698bbdb48db9067facd3b79881d2b54d6c574cd64c4a97721fe81c6fa
2026-07-05,函館,3,02261803,14,ルナノーヴァ,10,0,4086f87d14740e9806e7651ffa47cb08abf254144421c6252a2ab41659b2fa4c
2026-07-05,函館,4,02261804,1,ラストシャイニー,14,0,d4739c2c276e93a9bde2874214123d1358420d3ee20a43416d412148871283c7
2026-07-05,函館,4,02261804,2,マメーアップル,2,0,383ba1b7b9b537037be24d3d8f5ea9978072396615229532ba717c512a75304a
2026-07-05,函館,4,02261804,3,パトリシア,11,0,3130f18244ad8294f3db1e38be501bca4901ec4d4769e5c0366077f12fdeeccc
2026-07-05,函館,4,02261804,4,ブライティアロード,10,0,f9e7fb9fcf8abfd20130648d11ff6373d5132c9cadd35736ca6224bcca938bf6
2026-07-05,函館,4,02261804,5,ブルーエ,6,0,8ec69b5fdf5c70cbce0ba291d465024bc93c95fa44d4486ff021f5001d32e42c
2026-07-05,函館,4,02261804,6,ハルヒメ,5,0,bf9d33b52ce69fee4aa0036648910c5abf9bf54390e22be3a34d1d794a1d4ce9
2026-07-05,函館,4,02261804,7,ルーチェコメット,7,0,2c3df93a1aa360675a66fda7b331d84522207dc5d10724841eab761fa5e82999
2026-07-05,函館,4,02261804,8,ヘリオドール,12,0,72ed835e1130cba574e8ebc7eb480c32a388bc23b58b583e39a27bf5e9c37594
2026-07-05,函館,4,02261804,9,プリュスエクラ,8,0,754c3502dde339828b4fd59f9033a7dd72a12728df57dbcea49acc6194991362
2026-07-05,函館,4,02261804,10,ジュディーイメル,9,0,b253c1ab462f554521871a7a87d4f6dfa0627b140f1a39ce42ba4f4fd5248a54
2026-07-05,函館,4,02261804,11,アルマフレイヤ,13,0,e6acfe8a3b0368646cd492e225533c4eefe2122209d4dc3b079397d67d78bcf1
2026-07-05,函館,4,02261804,12,コスモファーブロス,4,0,6904402c46e319a96e4f3d133df660cc7f4902954a28158717c24ea1168e47d9
2026-07-05,函館,4,02261804,13,ルージュフローラ,3,0,7795b86abdaa1b21dadf4c4f55aeb6d9dcf5e67736d05f043f78447864bc8bfd
2026-07-05,函館,4,02261804,14,レオダーム,16,0,f65b6c92b125106e1e19197ad28f0c08d09f9244a7cccdef1dee726a4d06e88a
2026-07-05,函館,4,02261804,15,チャーミングアイ,15,0,e1cf3a55478759bfbd79d46f746cc9e932965813c76f892703a2350a404f385e
2026-07-05,函館,4,02261804,16,バレンタインビスタ,1,0,dee8f5eac28d06187dc3605a18225dd5e110753c5754ce8b8a5125b1f6e1fc86
2026-07-05,函館,5,02261805,1,ショウナンガレオン,1,0,71ca2e38286500bfd87e195c02214adebbb6009bb089cceac80f9b6c2c25545e
2026-07-05,函館,5,02261805,2,ダノンキューブ,2,0,5c90353727ad7b31693c8106da010cc2124444bbcde500739b901e4856601022
2026-07-05,函館,5,02261805,3,スーパーユタカ,3,0,c3e50e362fc7d599f0a69077e83b5439caf4396c3261e0f6d9b6c0599596c473
2026-07-05,函館,5,02261805,4,サトノパラディ,5,0,749f984a4b14b6d91af46d2ce5f565191f572f3592de235905a5aa5dae05666b
2026-07-05,函館,5,02261805,5,アートオブブライト,4,0,0d46b7b143c2b4273cc1c8e30aa34bf65a6b2060cc3d2c330e838675017a4f80
2026-07-05,函館,6,02261806,1,パンキー,9,0,33ac0a7ea966e5a1be8e13ff08af36a51ee3ca0192eea4c54f12f717f7dcd9f4
2026-07-05,函館,6,02261806,2,タイセイネクサス,12,0,a788d806a13db899eea413b8a0755eb6316227307a537f72e5286349cb043769
2026-07-05,函館,6,02261806,3,マコトアディントン,5,0,00cc556006f127e96c13cbc891d8186254927af5688a9fe262ca4a1dd46816db
2026-07-05,函館,6,02261806,4,ヤクジョ,11,0,68cc10c23078317503ab767157997cbe503a2824caf21654f9992721ef947e4a
2026-07-05,函館,6,02261806,5,ティラユール,10,0,0f0a47a4c8911f0949c18a4fce380fa9700b4413fa4c4061aa9495b15e83b98a
2026-07-05,函館,6,02261806,6,エイシンインアウト,1,0,d146698c2e1d0ed4c61b2dc2dfe1e4ef1cb7417168772e5986fc4bc23b162fd2
2026-07-05,函館,6,02261806,7,ウインカトリーヌ,4,0,2338cc40a563d6eaf976e330011d345a8d88f41de1f90c041e20a31e132736ea
2026-07-05,函館,6,02261806,8,ゴコウコイコイ,8,0,c1d7ff44133b211557525ef7d86ad8a9c947a31bd2d8944ebd68fb1657e6d155
2026-07-05,函館,6,02261806,9,リトルコリンズ,16,0,4f8f63df64825e8709b73e6527ae0080c2ba96c7acd612993e9dd7d8245172d8
2026-07-05,函館,6,02261806,10,ルナティックブルー,6,0,3304bed165998b02474e004df7f9988aa092917025def1f01334df9e1a65b885
2026-07-05,函館,6,02261806,11,アルタティール,14,0,44939600b4e530fa60e915c5f353ef05b2daf6383f9436694b58a0b9fbe43034
2026-07-05,函館,6,02261806,12,ショウナンマルチ,3,0,5d259b334e22819c2b3f9805533f28d2a6b6dd2be5e65c1dc2bdbceff06b412a
2026-07-05,函館,6,02261806,13,テンレディーゴー,7,0,2d58902fd358de8aa744055fb25e132196d51dbcc117703c92233aa9d2d28ce1
2026-07-05,函館,6,02261806,14,デルマノリクラ,15,0,623021c6e5eec34eee664d2e4a7f6758ce472a0ff3e50dd8223d7d7898f19ff1
2026-07-05,函館,6,02261806,15,ファーザーアウェイ,13,0,99dded012e28fbfbd3b192612a929445963ec822b7852b7a7e305e1ac948e9f2
2026-07-05,函館,6,02261806,16,ギオンバヤシ,2,0,16a6c04256b9bd5cdde32c0296b29ef3cfedbce29a20b92ab65ac2959876755a
2026-07-05,函館,7,02261807,1,ジェイエルライナー,9,0,54c3eaa0c7ec9ec87c1d7988c087820bae2b5f434b9682b0365a73bf53d8f8ea
2026-07-05,函館,7,02261807,2,アルヘンティニータ,3,0,797e80f08e67839e999f80fe1d0322cfca8714e32236a29c2ae2253835921fe3
2026-07-05,函館,7,02261807,3,ムーンブランシュ,5,0,c4b7c5f65f8017e502910aa5a706c9b6cec5577fef45e66fa95555e2f84e60c0
2026-07-05,函館,7,02261807,4,クイーンレグナント,4,0,1fceb20e88cc20217f17be3b1495a511a645b4ce5d44613088c14a81a0158c3c
2026-07-05,函館,7,02261807,5,マインセーラ,8,0,cbef69e737dd0587ecaed1523ca24f3c3e6bbccc11621244937e877a69810e3c
2026-07-05,函館,7,02261807,6,パーティーガール,6,0,63290951924d2a9a2d4e594f3f08079e58f065d0cc17d9a1c25d8d34b3f3b18c
2026-07-05,函館,7,02261807,7,キャリーグレイス,1,0,448782e4ae6d6615f00c7b90c7feb19b30ca715088e38ead9f9164d3cfd5b035
2026-07-05,函館,7,02261807,8,キャンドルマス,2,0,c66ab0740d0f727ce257f64d0445a2aada70caa1b4132a2e25a25bb41c39d49f
2026-07-05,函館,7,02261807,9,カップッチョ,7,0,d705517ce49755a156628c2fd17d0d2df244a0d86baa3d0d74e4c6d99a6bd4d7
2026-07-05,函館,8,02261808,1,ファンタイムギフト,3,0,5191ac4160dd970320bc1e86070651b101fb40d53bb1dce5f3494337e1239d5b
2026-07-05,函館,8,02261808,2,ポンピエ,2,0,c4aee97e76b3c1a6c7b084aea2932642707fcc24a104b1c7ff5938bd59a37496
2026-07-05,函館,8,02261808,3,スタンピー,8,0,e6212b553e5f635e331f3bf13baab947cc82c04aa335664e2a68f69bfcc2c761
2026-07-05,函館,8,02261808,4,アオハルブルース,1,0,359b3379b10fc6b4c1d44a429a7295356a068f8f2e57fee160583833e944ed4f
2026-07-05,函館,8,02261808,5,ブリスフル,6,0,f6cb1bbd2a6e83ab3c04475148a45dd90ccfbf13f7dc0fa4539101a8f0907960
2026-07-05,函館,8,02261808,6,ゴールドドレッサ,4,0,e771231fc8666e36e4f17790800184f9922a27e1b124d18d14a847627f9a6ed6
2026-07-05,函館,8,02261808,7,マジカルシャイン,7,0,5fac6a840b7f44b8b30b50334ea8ffc124d53a14cc5098041f950aa044fd5ebd
2026-07-05,函館,8,02261808,8,ナクライト,5,0,27a2d42244e17cf5637a3d39b30bd83515bfe03a2aa3b9f3dc4627ffadd0c779
2026-07-05,函館,9,02261809,1,スイミーユニバンス,7,0,38fdb0320d86c71a84ac25e62afd9f936a98e1580be663246fef34cdbb3cb069
2026-07-05,函館,9,02261809,2,ハリウッドメモリー,4,0,f0e41e54c8c49178ac54f466ecf71f92342f9008ee5325a6c8320477de38d94a
2026-07-05,函館,9,02261809,3,マジカルフェアリー,2,0,537483510f338ce05646277b047eef7cd4bd5cc96f0088bbde41c5d4b6a0de66
2026-07-05,函館,9,02261809,4,マルプリ,14,0,79c57b779ff54a793258795453680d67fc212adf39f7cf95233160d1dd6fbd38
2026-07-05,函館,9,02261809,5,ゴキゲンサン,15,0,c4b6c392889ad507603a00b0aca8e8b1d7fe0ba61a597d39d2776355668dccbc
2026-07-05,函館,9,02261809,6,マナボニート,3,0,e2c6336dba8d392f4074d3180ca4e7f8e807efe9eb67c6bf172c96b47b758a15
2026-07-05,函館,9,02261809,7,リリーフィールド,13,0,f7fbcad9f546c5295228e17d96884742b3ea2fd8fde4c759d18a07438c6fec05
2026-07-05,函館,9,02261809,8,ラスティングスノー,11,0,cfb87fb5f50cd0babbafb0848b788134aaba217c315790e5ea20928e047b6fd3
2026-07-05,函館,9,02261809,9,ミニョンマルーン,12,0,3575d124587c5fa6019915a0b95209e115cd3bddfcbdaac431ef9e864ba8472a
2026-07-05,函館,9,02261809,10,ベルビースタローン,9,0,7486643b43c713bb30e80c070510c616ee7d018d65c32f60946f6b2c97ab9d7b
2026-07-05,函館,9,02261809,11,ベビーズブレス,6,0,afbd6705be682f8511134dd697389fa818f4b23df309fe09eda029ad613352d4
2026-07-05,函館,9,02261809,12,ヒラボクミニー,10,0,d194a569789cb3a8328078ba975f4d81980db01d1673b23685ec9e9c975ddd27
2026-07-05,函館,9,02261809,13,ショウナンカリス,5,0,32903deeddfbce1f2af2f1fec55c546df1cd958974222f8ca9d8b8d2c9544a5d
2026-07-05,函館,9,02261809,14,セイプリーズ,8,0,e8576854ea3046d6181500597ca3a17903a9f17e25a63196d5102555fd4c47d1
2026-07-05,函館,9,02261809,15,モズアンタレス,16,0,c8c43e9684b6bbc75939fd71d3d33271137a8a2db5041d1b9906e8fb08b0ef9b
2026-07-05,函館,9,02261809,16,サンタアニタ,1,0,96981de99ee2c7c30e5998695fd1de40c39491c65efbd086099b1332085c6147
2026-07-05,函館,10,02261810,1,アルマデオロ,1,0,d479fcbe460684fbb9d5cec36fcf5079131da8d50cca409a37dc9f8087a16f92
2026-07-05,函館,10,02261810,2,アメジストブラック,10,0,036d78fdb0888ad937e38224730233912e91110e8987b9853a7ba1ca1b44a987
2026-07-05,函館,10,02261810,3,リアルファインド,6,0,f4f0197d2d1b1b9f4b78f8c9835e766ee9c9ee81e8f45f907199192fc472605e
2026-07-05,函館,10,02261810,4,ゴールデンパゴーダ,11,0,32a0cf09ec02b7c5ceaf84db7d56748c3c67a8090d1614fc089e3a6e2a310460
2026-07-05,函館,10,02261810,5,リギーロ,9,0,a2e4697b09ba90fc38d431f46667b9f34bec6f973ecd70071f2ed8e192bb5af2
2026-07-05,函館,10,02261810,6,ジュンツバメガエシ,5,0,d941e55ed6e97cce5e822303fed5ccea7c7d2a1b3d25e9692f0facb6f3e3cbbe
2026-07-05,函館,10,02261810,7,アスクデッドヒート,2,0,29cb7cb847868b05f28f44f819f01afec7e9ae1b7df22a1579fe212183b528b7
2026-07-05,函館,10,02261810,8,ラーシャローム,4,0,4241eb7507a4781908aa52d0ea8c95a10cb2589fec213e8adee555e37879863e
2026-07-05,函館,10,02261810,9,ブリヤディアマンテ,8,0,4d152e4c7b02aa7d39114a5004a9a25b4474f5056a428acfeea30f910060c4b7
2026-07-05,函館,10,02261810,10,ライフセービング,7,0,5fc1a1032486e34a02de9a1377e68cde8dfe92401043838f6191b19ccea1b219
2026-07-05,函館,10,02261810,11,バースライト,3,0,19f21ee52bd2fd1c472b46bfcee4a652798c72b53d0e7dd21bf43832099f07ec
2026-07-05,函館,11,02261811,1,オウギノカナメ,4,0,897747d3bf35d922355541aede9d6723d427c31a5b1234ac7d68b3b0fe5205a4
2026-07-05,函館,11,02261811,2,ラタフォレスト,7,0,3eb79a8b1812142d8e8bae5c20e7a9afc5242ef39a94a3577c0ef2e7c3b6722e
2026-07-05,函館,11,02261811,3,テーオードレフォン,8,0,f82a2f59f88a338d96e4faec3a30ef24f601d59e3b4e1881155d86ab1fde1e1f
2026-07-05,函館,11,02261811,4,プロミストジーン,5,0,d801ab1e719f9d4085aaa63e3ba575894f5b3f9644bdcf4ef07a0f875cc0ac35
2026-07-05,函館,11,02261811,5,ホールシバン,6,0,b28cd775e070e7337e70e97f61270468117d18696f99964737390332384a037f
2026-07-05,函館,11,02261811,6,レヴォントゥレット,2,0,368a7de5800d76ec41c871fa69d5fd01766677e8c70dcd87268990d85192921e
2026-07-05,函館,11,02261811,7,ヒルノハンブルク,3,0,a72ea3593b1a9ccb48df291f17b4eb6cc996107aed32dd22526b8aff3bf92349
2026-07-05,函館,11,02261811,8,アスクデビューモア,9,0,c204b94b2e33e50a2d488d6c64766bc0946b6a14f8a33d44ac9e603f7a19d10a
2026-07-05,函館,11,02261811,9,カナルビーグル,10,0,d36faa1d4528b0f0bfd5790454c378a82e609f84c5fd09dd81a5d653e2f98556
2026-07-05,函館,11,02261811,10,コトホドサヨウニ,11,0,b89ce23e9e77ba5ac4d45483547e43f6fd1904e6c9f029bf24567f7e955cc6b9
2026-07-05,函館,11,02261811,11,ワイドブリザード,1,0,a7f47e02484b7eab7e8ae135e4619c2462082b9bdbcb57c6833fd362e8f91634
2026-07-05,函館,12,02261812,1,ソードマスター,4,0,44df605b01ae4af71cb1a37cfa262bd2e86717cb616271fb39626b94274b4b1b
2026-07-05,函館,12,02261812,2,マイオウンウェイ,10,0,775c2fce1ffc33630fb4470ee55c5ba232e72242608bc450bf74eecb055b0771
2026-07-05,函館,12,02261812,3,ユーベルジーク,6,0,d597979b1ac11c424344b731f4b01028765fcee0a417c577e9109d0a2f8ddc95
2026-07-05,函館,12,02261812,4,ララバニュルス,1,0,3fd6591d67f7ec6e18bbd6f5f025183e515513cefb2c842bc1823ea414e31936
2026-07-05,函館,12,02261812,5,フレンドモナコ,7,0,0d3d63c5f4bfdc47e0999a3a8412a3a23afe8e3b416a3a43c2978d500323b898
2026-07-05,函館,12,02261812,6,ブライトアゲイン,5,0,de3d5a71152c84ba3d9e7610c0fdcc9116240c8751c784d6252e10a08c82687f
2026-07-05,函館,12,02261812,7,ハーモニーソング,2,0,493a06035e5eb72d70789627bbb0c7f2eb431c2137d0638bd01893c9b84bbacc
2026-07-05,函館,12,02261812,8,ブラヴィーノ,9,0,c4bdebfc1bb0dbd969ce955675e232a6a00b8ae276350c641a7b490b4a1efbc2
2026-07-05,函館,12,02261812,9,グランフィエルテ,8,0,86856ae2a91ae66864133d03380222aa4d9c9cb2f6133b6faae4f37470e744ea
2026-07-05,函館,12,02261812,10,コモンスナイプ,3,0,f179c7a5eabf7f552249b74c6fa826d267e057f915217ac7d68da9b1cfa90807
2026-07-05,福島,1,03262401,1,マネーマネー,12,0,e870a83a25be6d7ea38ecb57ab3cc434a39d05ad5709e28082b2b4057c2ec676
2026-07-05,福島,1,03262401,2,ドナソラーレ,4,0,d7fbf14a449f2850886254647eb46a95e88a85b7e6d887d740a97479fbc6bd80
2026-07-05,福島,1,03262401,3,ナックレジーナ,11,0,531a62d7a109231e77d15471e081b9424fb419cb95fb7ee006897f0dcd940812
2026-07-05,福島,1,03262401,4,オーシャンミューズ,8,0,14903093c1c730bc842da1bd1fb1f644082e8aac9d0f16f4b3a629e59d41c6fd
2026-07-05,福島,1,03262401,5,ペールデュクラン,3,0,d79265cbf55de58cde141fedd43602086b43ae71651895cdd8f7c5cc81cc1d00
2026-07-05,福島,1,03262401,6,リトルベルタ,14,0,cdb50c35a838271fe9e345aa31f8659c69bea3d6a1a5fb7a1562002d913f90e2
2026-07-05,福島,1,03262401,7,アンジュリオ,15,0,14a753686f3ce63b0f0fef7db20b5473583cb8bb27a8c7ab864bfe8f74fd96d8
2026-07-05,福島,1,03262401,8,オリエンタルガール,7,0,13a68fb10d00db21ae1aa9cfa97726557d47ce8d9fc93bcd95e3e041796e03d9
2026-07-05,福島,1,03262401,9,デルマツルギ,13,0,be9c074725eacad56a9ab70dd370ab7a83690ab3b83353c3d3a04de2e74fdd86
2026-07-05,福島,1,03262401,10,オウケンハニー,1,0,ff8d270563ecdf029a3f94cf2bff325cf4c66fbc4fdd941812a3907a7afeffa1
2026-07-05,福島,1,03262401,11,デルマザオウ,2,0,8024f5f63b133b69b2d03929c77ed330b413383ebd774553d189de8305bc8f8c
2026-07-05,福島,1,03262401,12,マイトリックスター,6,0,839b78134149c0361a1df52e4cdf41fdb92640719e29780da0aea981f1d4441f
2026-07-05,福島,1,03262401,13,バーヴァンシー,5,0,34c3c3c90653cdfad44a2bf5374ff7e2ade2bbad2c01f3272d43ed7e3fcdf018
2026-07-05,福島,1,03262401,14,ミュージックレイン,9,0,98265d63fb7d3b1962d51458e2f42f40d9a841c8f4f9e50b615bd5d93bb890c6
2026-07-05,福島,1,03262401,15,バイアブランカ,10,0,635ee8e00951d3b2e61dae39fdfa1b9f478715184d1fa5c44c64566f58c3e862
2026-07-05,福島,2,03262402,1,ハルカオル,6,0,1cc1c5ab7523207632357ca01276f61e7ba92f05fa71187079b15d84decaa91a
2026-07-05,福島,2,03262402,2,ダイユウルミナス,2,0,6483a43b00479a9155f898ac2cc02bc1d19a4d0a79902cf1712d3ef628dee194
2026-07-05,福島,2,03262402,3,ニシノタチアナ,5,0,9a2f2fe2488c6e1b45e237b846ed4a22c5b644ba1c8659e1c3ce3d9f4f9c3783
2026-07-05,福島,2,03262402,4,セイウンプーパ,11,0,c79dafea4c8f4f471506343a9a418bc6cf111dc82ea969c08ac0b8555d9ffc47
2026-07-05,福島,2,03262402,5,ホカミテダメ,15,0,aa373d9e5d9a481986f82fb673715ce7d56b6b3c00ac2db5d7342cfdef79ed11
2026-07-05,福島,2,03262402,6,ネオアンボウ,10,0,fa4a10f19ab26e041b8abc9a8e74bcbd2a0f266600d12d075a8f7f3f2f44b8c0
2026-07-05,福島,2,03262402,7,トウシンラヴ,13,0,b8f76e9da1c132a770378ddf1e23920b203809b6dd1961f099f23413d166de06
2026-07-05,福島,2,03262402,8,ゴールドパレード,1,0,3f95ae409e3e960fbccabf2d4687f26e0e8042355814a943afba7515881eb39f
2026-07-05,福島,2,03262402,9,ブロークンハート,9,0,c76907661fc5877bc83a9bb9a2d8769ef1e138200488f99460b1b7248c996918
2026-07-05,福島,2,03262402,10,エンジェルサン,4,0,f5e5edea3ff1a72614db6cd82f6f42c4d39edeab0df6c2dbda67f1537b6e784a
2026-07-05,福島,2,03262402,11,シルバーアックス,3,0,4912f26558b3d20f0ab2ff2038e7392b26d0d29c2817dfcfc52de9aa741ce236
2026-07-05,福島,2,03262402,12,ケイベエ,12,0,98c8e26ff092d58da46c7b320584d57c43c8d84f505283bec2d7427b46b2be59
2026-07-05,福島,2,03262402,13,ドリーマーズ,7,0,319037a377b66db16f723871ad8fb892b1c2a066fc00895b895801b3f29301a7
2026-07-05,福島,2,03262402,14,ハッピースーニャ,8,0,b642138c2476411c3aba623e83b453e546615375d870ceb5ad848c65cb65aed1
2026-07-05,福島,2,03262402,15,ローズバラード,14,0,f95f099eb58afec551bd1faf23ed667c5360a930b0bd114d4ea437b4ee3e8799
2026-07-05,福島,2,03262402,16,メインテーマ,0,1,b3c3b612bb26519bb5958aaa4e198a29a8df1b56e42d5cc54a4fc22068306429
2026-07-05,福島,3,03262403,1,ロマンス,12,0,a15ae2736466d144de7a7faf928df7068d277c25e513fd0ef67bccce8503a722
2026-07-05,福島,3,03262403,2,ラスタリア,9,0,faa6f900e863b02abdb6ca72d0a7f80512d6bd342a813a489ebebabff68c8fd5
2026-07-05,福島,3,03262403,3,ベルランコントル,3,0,040b6f0d4c802616725c404eab53d6451eac9bd50a835e5fec59cad0c968447d
2026-07-05,福島,3,03262403,4,セシルブリュネ,13,0,937d70b3d64b68dfa67dbe4e367490396e4e0fb9b269d09f7e9d65a731d0e62f
2026-07-05,福島,3,03262403,5,マーゴットドライ,1,0,effb9a4fd0a8d5e6b50d7d3240847be8d394cecde30664fa1b65787a538519be
2026-07-05,福島,3,03262403,6,ダイシンパルス,8,0,39066855d661f1b770eef0cb9d56d0b27ae544b4fe36b0dc6157a486d4265ab3
2026-07-05,福島,3,03262403,7,シュガーシャック,10,0,40a8c12dd770988231563b76ee8ccac58cd386e65c308ceb4ec86eb909aceb0b
2026-07-05,福島,3,03262403,8,ブラッククラウズ,15,0,d043d5876dbe7074227a147f3deacee6bbf47342649145470722ce42ae6f8d4c
2026-07-05,福島,3,03262403,9,プラネタリーアワー,4,0,f6b847930415f0afec66dddb74eeae7505ec0f94f8151d5b7f4c154c8c5ddb93
2026-07-05,福島,3,03262403,10,ソロンゴ,4,0,2f970cf4e80231f92ea3fd7fd8b383f24a29db5577bd2ab0be530c96b33e8448
2026-07-05,福島,3,03262403,11,ワインダークシー,6,0,1d083c3e9b05fa8a159bf8de082b8e0789bebf5bf88bb7d6f36d462013c3c41a
2026-07-05,福島,3,03262403,12,クラックミーアップ,11,0,0b2fa9363534a951ffefdb52f082081d38a97966900a25785e4b7539b4bcb609
2026-07-05,福島,3,03262403,13,ウキヨノサンシロウ,16,0,b3c98c0e5abaacb5e74f8b302675ba5125555f8de225ef869a176bafcc82824a
2026-07-05,福島,3,03262403,14,ヤマメホープ,2,0,a9d3881db8cdb4814ba8d93f6827721342f7ee9d63e192426f102efdc66c9a0a
2026-07-05,福島,3,03262403,15,スカイプライド,14,0,3b828830b04252555d0fc3d4b583de426d1454c3f32feb6784cd1540bfeac1e1
2026-07-05,福島,3,03262403,16,ヘルヴィッツ,7,0,4c484be21e07f3fa83783deb849577ae3aefc8041840fa9be3033432f1bb7f00
2026-07-05,福島,4,03262404,1,トレフォイルノット,10,0,264fb91f476771c344d382ef8bf5724265993676ea1a4f7efe098139dcd3955e
2026-07-05,福島,4,03262404,2,ジーティーソレイユ,8,0,70ee5de8ad85d210dc7089053716e2f980824730a9cd0a9da5556441b3eaae20
2026-07-05,福島,4,03262404,3,ブルーダイヤシチー,11,0,f93f1e6d881a99bf410aaffc7d7599784afd2efb39784a4e6cf27616c10a5509
2026-07-05,福島,4,03262404,4,エリースノー,4,0,a69a0034c16c2410ab77391c79c4da42050d272ade2122f03c33a635b6578a8a
2026-07-05,福島,4,03262404,5,ハクサンミレイ,12,0,0bcca48656f3f46a2fc9a62e6799371e3e1f4d9f45c7aea22df6ab08a4fbf517
2026-07-05,福島,4,03262404,6,エスコルチア,16,0,d9cf5abebab9d2247408ae99c4659063604257b99125cea1bdc8c32b2036c837
2026-07-05,福島,4,03262404,7,フェイスリフト,6,0,186dec6110670376f692c0cbc4466bd7ef2067f4eb742b1e4041f780df1f16d4
2026-07-05,福島,4,03262404,8,スピニンググローブ,2,0,81800cd78f829dc66accf239084ab8223ab448c8c1193242c4463b9c9fc3b0d9
2026-07-05,福島,4,03262404,9,イゲマジャ,13,0,9686e5d1c6f3bd544bad1c0b266df0f1656c62bf277a065ffe205f65c26d3093
2026-07-05,福島,4,03262404,10,コウソクルリアン,1,0,a72c03c0e3b894683cf0a55c6b78bf21af61071e16f426ce84362699b6c8ce1b
2026-07-05,福島,4,03262404,11,フジコンフィデンス,7,0,eece74ba13756a5f2af0761b160a0a004393cb8f9a96b2747ef7f730068d8f6c
2026-07-05,福島,4,03262404,12,ドングラミ,15,0,d1f15a9f462910e3a098acdad72c253805726af2dac3d18ac809b10e72989c5a
2026-07-05,福島,4,03262404,13,セイウンヤオヨロズ,5,0,32d137bbd4660fba8caf37b45a50b8ef5fffca06ec47c99969020f985c5918e3
2026-07-05,福島,4,03262404,14,ライヴギムレット,14,0,8863a0156a36dd4b3ceb7f37319e16667831c8bebaddc13121d8bb61d21be5bd
2026-07-05,福島,4,03262404,15,シェリアドレ,3,0,c068fa67bde18ce598d2a6daea7145783763a889e467543412c56849bbf39675
2026-07-05,福島,4,03262404,16,リアルパラダイス,9,0,1acea744ce38ec37babe97c5dfdffabc762cd165d0dd79e80231d144665e462e
2026-07-05,福島,5,03262405,1,ノシェリー,4,0,29161bc6f5a15eb5f648b8273818fff2470c68a839a4f9683a024dfdb0290e27
2026-07-05,福島,5,03262405,2,ランドジャイアンツ,8,0,00211ae7f2c4788cdac7aa09ea852b9acfa316dcd213660378e32efd97b95f71
2026-07-05,福島,5,03262405,3,ブライトシーン,12,0,da500653dbe3dfafa112667e0517e6c57494a379102b982c9d682c5ebac7df89
2026-07-05,福島,5,03262405,4,ミリオ,14,0,4350a07145dfe31acda439fadd3a7a67c978c24b453df43497c960cc4e71c38b
2026-07-05,福島,5,03262405,5,エスクアドラ,1,0,37aef51a10be2413b02f68511f563989add6ac76539dc95474ea53a3a7e7ffbd
2026-07-05,福島,5,03262405,6,ミッドナイトフレア,6,0,826641deca70a34d32fae44e01f331b8ab2516b528fc1d8dc4b0123ed2d425a8
2026-07-05,福島,5,03262405,7,ゴールドテソーロ,11,0,77b825e483a0eb14e9fab979637cba70b2bffecbbe6aabbc1b8833c661d9c140
2026-07-05,福島,5,03262405,8,フレンデル,7,0,7edd85b4e8d235971000bafb0a7e80eba98ebbbcb3c8fa3a0f57691df94bfa95
2026-07-05,福島,5,03262405,9,ラプユフラット,0,3,b24dc8a68175b09c06b475b295835134e599c0ff9d403d3c6997023db3d1591b
2026-07-05,福島,5,03262405,10,タイセイソアリング,5,0,d30d7a89f6fa7b24fbfca4e438697236fcc85752bca955857c7891c4dc48703f
2026-07-05,福島,5,03262405,11,リアライズグロリア,13,0,d9cfda21c343abf27a974e3110fecf9fcbf0a75ecf44c9718a40de8d3ecb9c8e
2026-07-05,福島,5,03262405,12,プリンキパトゥス,2,0,2b4329499818d9c453269d9187e154301ad185e0b7e36faf4434734f2cd5d2b7
2026-07-05,福島,5,03262405,13,ファウナード,10,0,3b91a2b09b9cc5273c543759cec5e6d1d7505825fd427035529d28a5e9e12450
2026-07-05,福島,5,03262405,14,ビートル,3,0,525a72f8751e59a6b5f0e4450b7898a24405d5b5ff1886dcfcfdd33a0017aee9
2026-07-05,福島,5,03262405,15,ブロンクス,15,0,522a236440bf67019eadcc46d52962eee349b6e33d408952c4afb7f72857bcc2
2026-07-05,福島,5,03262405,16,ドナズエクリプス,9,0,7b19320b88e130657c91c3223a725f2e75cadc2af508c37ff7fe93690b39212e
2026-07-05,福島,6,03262406,1,スターバーナー,5,0,869e5d76a5b030b90c491535e6289cf50fd9e2ef3add0a32adeb7855dc64e29b
2026-07-05,福島,6,03262406,2,ヴェットビルズ,12,0,d9e9cd9c1f4eadb8ef01975aa5979af430df7882704adb91184d3849572dc431
2026-07-05,福島,6,03262406,3,エレスレイプニル,10,0,cdda70006cc934d4e5949e2050b1a6c2a084c3531a22aad7092bdb8ebcf58f84
2026-07-05,福島,6,03262406,4,ダンシングアワー,6,0,6b6d6cda82afee71a706dbdffab81b1f144acab36034e259c90d19b60040daa0
2026-07-05,福島,6,03262406,5,エーオープリマ,9,0,3ec391926b06e7bb9ab59e5d5713feaccc5fc3fdd2344c8ac6168d0cf0146a96
2026-07-05,福島,6,03262406,6,エレガントステップ,11,0,d2de9587f9674187cff26935c390ef06c78e89e47315e8b19eb8554a05ca7fe4
2026-07-05,福島,6,03262406,7,ジンクピリチオン,8,0,d1c7d6724587caa0a4bc4949a9b118821566bcc4e4505179b471c091edb79d55
2026-07-05,福島,6,03262406,8,シュネーバレン,2,0,451c943d6c22e7ccc3ff2706a8d271829a0b75c391b83568b45176c9038687c7
2026-07-05,福島,6,03262406,9,エストレアボニータ,3,0,8526579dc81fb7c3d9ce5f4d990c4eeb823c226bb9fd42a79644302cbbd51f73
2026-07-05,福島,6,03262406,10,ピクニックマーチ,1,0,38cfd456b40f6399c48639e6a2d850a7725ff25a8d7f11ca583a5e2b7103ca70
2026-07-05,福島,6,03262406,11,ゴーゼンチュー,13,0,aadb69a3aa5de56745a325ceb46fa7aeb3b8262914fe840bb2f011f6ff452290
2026-07-05,福島,6,03262406,12,イヴナンバーフォー,7,0,1be88910853460859cffe7d3560b21bf6d60b4e42d0b23b59f686cbd8e8d96cc
2026-07-05,福島,6,03262406,13,タガノカハンカ,4,0,adeb742d989dd0797ed04de4e2afd2702cee0520cd4a58da0a877840c6c5877c
2026-07-05,福島,7,03262407,1,ニコ,15,0,07315f367b2ae5d5bbbb25b13ace741ead660ed857e1257e122349882353fe25
2026-07-05,福島,7,03262407,2,コヴェナント,13,0,c5592c15ca15016862faed1f49c7611ef5d484aa96b8cc8b8aecd868def3a407
2026-07-05,福島,7,03262407,3,ケープウィッカム,3,0,81acfcf84017473d028f4507cfc052806d859621cada5968b6a514e4c55f15bb
2026-07-05,福島,7,03262407,4,フォンデネージュ,7,0,c79fd5106d801249747ae68b565d1489a78347460051c295c6e25a14c884d4b6
2026-07-05,福島,7,03262407,5,グランコネクシオン,8,0,b759d94724defca7e508258193c308936e7b92db789bb1de454961f57d89a673
2026-07-05,福島,7,03262407,6,ヴンダーバール,1,0,2165cf52339ef1baefc2a4b681a6a9ce4b5ff0f907c6623d11330b55797e70e1
2026-07-05,福島,7,03262407,7,デルマアポロニア,6,0,d64e9543838a6d3f0a02502653f502ac0dc684b8fa8efcc8782779d68d18e3c4
2026-07-05,福島,7,03262407,8,エイミームーン,11,0,7db7432c9ab1508b40cc01d5951e4830b5acd4e23bdc44786c54249f62d56c7b
2026-07-05,福島,7,03262407,9,ランスノーブル,5,0,878b3c3a850de40ab5ba491d59b6379196d56cdaa1c0391cfb8362f094d42c37
2026-07-05,福島,7,03262407,10,ベルフィーヌ,12,0,b2435a20b0de9c35e38f28ad683da8ec1c2d3a925a90e691f8ec2b015ea74c17
2026-07-05,福島,7,03262407,11,マタミカンサン,9,0,174f3f9e10fec6a0781040f25e87176627cfd980a41a50e214cf851aed1584b4
2026-07-05,福島,7,03262407,12,リポジノ,2,0,48ac87e0a5293502ccad470d6cc70e2371b67d51e7cdda06c0d09be009b5bc47
2026-07-05,福島,7,03262407,13,グランシャット,10,0,c49a37e390f0ff4e6b19465ea88600b7951ce4160dbd588480f74bb26b5754b8
2026-07-05,福島,7,03262407,14,ブルーサーマル,4,0,dbda27674f585e88202611c9f9e1943898afa643dd77acadca115d614a9545ff
2026-07-05,福島,7,03262407,15,アスコットヴェール,14,0,a39e598d0ac295ae3acbe2eead1464c74a32c7aaaea3cc126189ec6eed3eeb2d
2026-07-05,福島,8,03262408,1,ミエノストロング,3,0,ec002f0df2d346f60e59f967fc5f9a17cdec785d0a963ad9386537c10b6ccc0c
2026-07-05,福島,8,03262408,2,カリーン,8,0,f97ad8bcd32c4697fd230f198b65aad4c6fdbe05e7a4aa03ed37f938dde49172
2026-07-05,福島,8,03262408,3,クモヒトツナイ,6,0,65181d71106962be29a86474c611eb1be4f5c6eab9ecfbe8de4a8cddf350f27f
2026-07-05,福島,8,03262408,4,ジャグアール,2,0,5a9b6556bd56c179b9b6d05c55bd5f15f209e75271af54a98aac67c49763676d
2026-07-05,福島,8,03262408,5,サンシップ,12,0,a89f6a9c27b0fddffd22e7b6cdedbbeda7d2fc667e416488d4b516537ef44270
2026-07-05,福島,8,03262408,6,オックスアイ,1,0,a224d299614977f1f5c8899c402c84a8e7b8eed69046548245036e116d65a6cc
2026-07-05,福島,8,03262408,7,タッカーバレット,11,0,9d240099edea2b8e2abf55df615146b93b1e1d6a89799358d3ed54bb6cbcac96
2026-07-05,福島,8,03262408,8,サンブライト,4,0,aac1093137d4bc5642d3dc0878bf369606d5dbf0e7eae5ad98c0b85c55cdb4e6
2026-07-05,福島,8,03262408,9,リネンタイリン,10,0,5ae279e05c9c0faa2f5f3ae2929db9642751ded22f2e50f39f2d5eaf39085a91
2026-07-05,福島,8,03262408,10,ヒラボクヒーロー,7,0,c3458a011e7020bf33ee11b10b5f1bca566fcd36c1a213a81abbb5880905fb50
2026-07-05,福島,8,03262408,11,ウインイルネージュ,5,0,9fcadb677809e165c654e9816e51035679cdb95fbd1f36093026494ab11aaf0d
2026-07-05,福島,8,03262408,12,ティティナ,9,0,fd290c73f892a374874bd6d7449d058aa59a265af5c36e9115256beee6cc01a7
2026-07-05,福島,9,03262409,1,バシレイア,11,0,f4c62b78ce0c974bc49dc30641002c57fd1dee4dd621c66a39de57f3a53c57a5
2026-07-05,福島,9,03262409,2,ジャガード,13,0,afc67f759527d402f9b6a31187869d3ea304abd6721264ed0c9e188c55752459
2026-07-05,福島,9,03262409,3,ラパンチュール,5,0,fd7aceb7cb2e17edba63e647973674338a826ad4c2b9d341d239e1980b4a0415
2026-07-05,福島,9,03262409,4,マンウォル,10,0,371c0a1e21cd4aa5eee984f36326cc20d00f76041c88375b55162266cccc2908
2026-07-05,福島,9,03262409,5,セイウンデセオ,4,0,b71ae5949c1621eedee0f318502e53a8ffc25c15ff20cf95408bd88d0fc0f696
2026-07-05,福島,9,03262409,6,ゼンダンタカ,16,0,38a756e82d843e1f8d0781e2b916677d8c6b0ab058f18ec2ef7a83c960ada944
2026-07-05,福島,9,03262409,7,フェデルミエール,14,0,b0fbacb5122edb76400e46b42d98611fab6cbac052930141bfb601ea98dba52c
2026-07-05,福島,9,03262409,8,エリカカリーナ,15,0,202e29021490d6d7c047967a666ac5818944e2fe12add3904d7d2867de88a9df
2026-07-05,福島,9,03262409,9,フェルミアーク,3,0,fcfb0dd38d9a0036482a82933400ab6829bfb5754dca74a356c2d445d40b750b
2026-07-05,福島,9,03262409,10,ライクアフラワー,9,0,74299290598c9f5f9ee05864735248de0b9b504273d1a336c0d900d253d175a9
2026-07-05,福島,9,03262409,11,イゾラフェリーチェ,2,0,2113ffaf34bccf34ec7f8bf76716032de75f716fb02cb9dc1e290cac81981b19
2026-07-05,福島,9,03262409,12,ヴェナートル,12,0,d2290cdb06e2af38fdb764a523ecfe0466e3c990cb2c161f193972ff32352e2b
2026-07-05,福島,9,03262409,13,カーヌスティ,1,0,43e4ae5b46f7c099abadc6764d6aee6bf52497cc71b366b1ba1c69fceda5e263
2026-07-05,福島,9,03262409,14,マキシマムドライブ,8,0,bfb4a83b7ce61131a3c112b604ed9d226b7e4c40833f6fd5016c23aa53a4dc2e
2026-07-05,福島,9,03262409,15,ホウオウブースター,7,0,9dd0546e9c872f7a9db6622fa596eaf2a4411ea6fa528bfd66abb869bc6ee786
2026-07-05,福島,9,03262409,16,ジョウゲンノツキ,6,0,4717141b902015f8b7373467a7e50751eaa5bfc24f183dd52138319e203625a3
2026-07-05,福島,10,03262410,1,ワザモノ,2,0,16a6b08196fd4a215989b3c4596599001a9a41b5cf0b77a2ad080a8254615472
2026-07-05,福島,10,03262410,2,マイネルフォルツァ,6,0,f759010f17c303eff0dae2a1c0a91bc279eac3cc9d67b76af0aedf1ab4c346f5
2026-07-05,福島,10,03262410,3,ロゼル,8,0,2ccf3269ccb28590f238af51b7af3a867f84d34f5ae2fe406194111184e518d7
2026-07-05,福島,10,03262410,4,ペッレグリーニ,3,0,bee9a802dd2ccd35aa46389e78a814924bc33c2b2b8cd7361cd298d347568ba4
2026-07-05,福島,10,03262410,5,ベストミーエヴァー,1,0,2652899e4f23f91268027882c176c63edd4edf1df13b7147b54a5b3ba5f2a3d0
2026-07-05,福島,10,03262410,6,ヨシヒロ,12,0,127a6baec30f0b291bf583c5a2ec1af416697c9593b1e6522673e89f419dd920
2026-07-05,福島,10,03262410,7,レッドダンルース,11,0,43162bdd68c871eb49c790c48da6c9ffdac6cafcff58b21d17b8e5e51f4a245d
2026-07-05,福島,10,03262410,8,シャイニースイフト,4,0,58f1e6774519d73f36db8c02dae153eb692920958540a6ac2e11c81da38ebddc
2026-07-05,福島,10,03262410,9,バセリーナ,7,0,50730c283ceeecd30cd1557ffdffe7a45d58f33af04f8c3402a13a09ed3f08b2
2026-07-05,福島,10,03262410,10,リアンベーレ,10,0,73ca05eebc4cbfa81cb967500517c7d0f7772a940e88fb7132cff98e46d1cb31
2026-07-05,福島,10,03262410,11,グランカンタンテ,5,0,4c219e8b345772100f32a5e768dfab521db2d42d539ca1300e03dcf136a460d3
2026-07-05,福島,10,03262410,12,ビッグデイメイク,9,0,7499820f7427f33b2e04d72baa429333e66ae2aa69ee1831cb4b323f2c834f92
2026-07-05,福島,11,03262411,1,メリークリスマス,3,0,b0c9feaeebbf157b099dd761ff9209a2d47701a94d081c4e7fd37b27e7fec36e
2026-07-05,福島,11,03262411,2,カンピオーネ,8,0,b9f7c047241f2220e0537fbb37da305aec95271a86fc0c5fd7e3a0049fa179fc
2026-07-05,福島,11,03262411,3,サクラトップリアル,15,0,836f3d39421eea52a02bce0cd4cbdd3bbb54a4510b6a717096167bdbf06e5c57
2026-07-05,福島,11,03262411,4,ベルウェザー,12,0,9eb2cac0c0130e53b5c1626a05d2acfee75e76b153247e73a972b7fd66bbf1d5
2026-07-05,福島,11,03262411,5,ポッドロゴ,10,0,32f6ce50610d91bf7658d844f3d16717582c3cb6060fc99f5a305313434b1eeb
2026-07-05,福島,11,03262411,6,ニシキギミッチー,6,0,3585304834dc8c71047ee7b82a65c60afcc614d6ffa8e314cfb977093ceb8dab
2026-07-05,福島,11,03262411,7,ストレングス,1,0,81e23e31d95e97ddd2f995d654caa78403c2b9ee1b2e5e63534f89afcc7dcb21
2026-07-05,福島,11,03262411,8,ミッキーヌチバナ,2,0,7163416d6506f45becca3c1920a71093a16d5047333dad07943a578f69b7d6e7
2026-07-05,福島,11,03262411,9,ロジアデレード,9,0,49a6433c1a2d2312f231b57713a55411b78302682507f394cfde0955780491d7
2026-07-05,福島,11,03262411,10,ルージュアベリア,14,0,1ce9d37ed44018467da6e35605d7416b088e36efea7a49eec9b593cbeda9f5a6
2026-07-05,福島,11,03262411,11,ショウナンライシン,7,0,d99696afba42b6398fe8f2ae8e2db323ba698b9de0c93b456bdcec7e3f014560
2026-07-05,福島,11,03262411,12,シゲルショウグン,4,0,d2851461ab88f987c7835204bdf9fa32cb141f967e55b2e5949ed5bcae40d51d
2026-07-05,福島,11,03262411,13,サンマルパトロール,11,0,33e486d00beafa3452cd01baae105ed15bf947e39910ef7a3734352b9ba3ad99
2026-07-05,福島,11,03262411,14,ピースオブザライフ,13,0,bd6a00b54fcd0680aeb5054a01135222242ee5786b720130d27525ed06a534aa
2026-07-05,福島,11,03262411,15,ハビレ,5,0,fa78f5f2c634d7fa6ad9d4ada9903cf6d218164cfac52887c74c14a6224f9490
2026-07-05,福島,12,03262412,1,ピコレッド,9,0,4329494d62d09d02eb03338d50b67695c3400b9e7a9e94b7763c9cc6f8204e47
2026-07-05,福島,12,03262412,2,ヨドノティアラ,8,0,727b1c9eb40c4ecb2e747f14c53f6d62d72c886ab84e7389bf81db3f63fd9c32
2026-07-05,福島,12,03262412,3,ヴァイオスペース,6,0,97d02e7026559e97489824d7ad1a41333248fbe232b272e747a4eaaa10abbfa8
2026-07-05,福島,12,03262412,4,カンレイスター,10,0,49ccf763c58faa4aac69c4c1973bb24ade7adffe0b6955c9e6c790f0cad1db6c
2026-07-05,福島,12,03262412,5,トモジャオーリー,2,0,3519c344fef601a1fccc78a580e2520cf42bcc1ae2aa5f19904e4b8f0f964ea3
2026-07-05,福島,12,03262412,6,キングクレオール,4,0,58ea552f2587bc4c9868a930e1225f65c0d58a6823dd1d3905e80092c92dde6f
2026-07-05,福島,12,03262412,7,リバージュエル,7,0,2ebb6b860abb92220173172078ff0ee9462bd4e4b1b15afd17ff5efe63984447
2026-07-05,福島,12,03262412,8,モーゲンセン,1,0,7ec2da8347a3855b902f35c328cdf1eeae0ebcc1e4936b36982f6a33319bff0c
2026-07-05,福島,12,03262412,9,ノーブルオリンポス,15,0,cc58d29f78cf024afd70f730606d30ef0bbe5366222505fa0f5ace58b930be63
2026-07-05,福島,12,03262412,10,スカイダイバー,11,0,f66ba414f193932ee5b46237c0511182024380112ecb9c97768f4d9c5b9a3f39
2026-07-05,福島,12,03262412,11,プレザントトーン,12,0,eb46d2ecc672079ccb2c6e2047a5c1a8ea122925269d968c1f962afafd170a0a
2026-07-05,福島,12,03262412,12,レインボーラッキー,5,0,41f93c57970beb7f203fbf080b273dbc67c768db746c4599aa3c72abc7e25c8a
2026-07-05,福島,12,03262412,13,ゼファーテソーロ,3,0,4b6999aea8a96194c462028851733071b243a4ba701dab4574dd7221d3e4bce3
2026-07-05,福島,12,03262412,14,アースミューズ,14,0,166f3fb768d31df24f4ff2938c5cfe0286c4215886f324a7babc26a7367fae42
2026-07-05,福島,12,03262412,15,ランドスター,13,0,6f3e18a65cddeb7eeddb3ef25865926c373b336a08587bfe63f28daf60c2b46b
2026-07-05,小倉,1,10262401,1,スペルキャスター,11,0,8a373bcfb38d2a02da67a335054aa3b2bb61efea1259847c16947276ebad00a7
2026-07-05,小倉,1,10262401,2,ボールドハーテッド,3,0,c4d357d42228d2886bb9b4f2d76502e5cd9fa93fc4b293ce273d4ffed8137caf
2026-07-05,小倉,1,10262401,3,ガストン,2,0,4c15ae888e2927bdcae810c73e7af8c0600ceb9d24e09e77eb540729221572e0
2026-07-05,小倉,1,10262401,4,モズナイスバディー,7,0,b3d9335c706a0cb43956af122104635ee72dcf993c7443a1f11338f072e53b77
2026-07-05,小倉,1,10262401,5,ストラクチャー,6,0,38ab1dd9dc1bc4b27a9448ad797761f4518a0e3cc79f21e1e0aa9c064ae1bd4d
2026-07-05,小倉,1,10262401,6,ホウオウスターツ,4,0,fbec065c54c4d5a1e11c13d4b87522dc324e6152ca07a536c869018fcad20e85
2026-07-05,小倉,1,10262401,7,ベールドインパクト,0,3,d0e854a3e30efcfd3c53b1ef37a7d04f3f2d32dc1a118d922990671e480f0a21
2026-07-05,小倉,1,10262401,8,タガノバルコス,5,0,74b68568d1c0e49a7c4bbcdc95488c0eedc6bf8f75c025493fe17ac9f7d98194
2026-07-05,小倉,1,10262401,9,ルルフィーユ,10,0,4615ea38ed15c8b41e16b84f57d9e5a92360384d0091c55a7d1749be4b1915b5
2026-07-05,小倉,1,10262401,10,リッケンバッカー,9,0,4cb5c1645e91bf47e741c1962f482fc8d78de144043057bb0f3d2f44bbf3c246
2026-07-05,小倉,1,10262401,11,メイショウブレゲ,8,0,7217fcfc3c928bb6c930b0fb4bf86b1d6d691f0c36d5ddd3dab68a28201b8aa0
2026-07-05,小倉,1,10262401,12,ドラギニャン,1,0,b8a256779b3632cd56b85d757eda9e7c2041622687794fb9019d74567685b6d6
2026-07-05,小倉,2,10262402,1,ユイノジカンカセギ,10,0,b4679eaaec2c7a704e213617ed9e77d7eaf5e92fe51c68c78bf3dfac2368499b
2026-07-05,小倉,2,10262402,2,タカモリ,4,0,9c57f2f0944c5ac5ae3d904104c40b6b016dd28fa1226a7959e80c4b92f1db73
2026-07-05,小倉,2,10262402,3,ニシノマティーニ,8,0,7cbe506d96b4ead822727aa0b677f85b1e5c8a2c04dc73cdce6b04a5f42d36d6
2026-07-05,小倉,2,10262402,4,カシノクロサイト,11,0,bf98d92d92b8604f9ca0d04ff5cc0c84375578763195536a7effe80de5e17169
2026-07-05,小倉,2,10262402,5,グレートキリシマ,12,0,ff7b3a14aa1a90bbed1ea0584b0a32d9b1c59e5c34df3739fc060bd484c6400f
2026-07-05,小倉,2,10262402,6,ルーストカール,6,0,5fa15a0426f3ef7b550ccc8e7ab2aa4c9b976ccc8bbdece19052abbba28facf1
2026-07-05,小倉,2,10262402,7,スイトーヨ,2,0,d56486a61f4856d01feaa1b3eb9983e0ab95b245b3ea1763722b2dc413e45f60
2026-07-05,小倉,2,10262402,8,ニシノキヅイタラ,3,0,93a869b965394bf74cc0f3da2f09cbfb3b6c4b5c8c54cf3029650a78cbc8a399
2026-07-05,小倉,2,10262402,9,ヘキレキ,7,0,961ad7952537b6a70b09857b8bc02f26266b85ce41e109ad6583e53d7a62bafd
2026-07-05,小倉,2,10262402,10,リエーヴェ,1,0,bc7da4e387742e49cbcbae38d9faed86a1cb05ac73e181bc90a751d68af65ab4
2026-07-05,小倉,2,10262402,11,ラブマイティー,16,0,a22e0c457dc086e44f3edd87505707f44ff7eeb1dd79891f7bbc71ac32f471ca
2026-07-05,小倉,2,10262402,12,カシノカゲマル,15,0,ea6980fa719e1630c7bf1983b930e206ca16f9180dc88124e1da084a31f75d22
2026-07-05,小倉,2,10262402,13,カシノヴィタ,13,0,7c7b592a3bd5f1a1e75a8e58f6487114a5c0758fd79d51a339162d0cf9f52269
2026-07-05,小倉,2,10262402,14,ワッザイカ,5,0,8b66f282953ff46d19013cc36db74a3a7c6491b54fdf0b347d5799d5c1bfb9bf
2026-07-05,小倉,2,10262402,15,ユイパルティ,14,0,b7bb5f561c1913ababef582b7cd9a5ac69d31fb1e9c06511550127b0e0fadee6
2026-07-05,小倉,2,10262402,16,ココニイルヨ,9,0,a372abd1fd65f39c409326a5702804fe4bfb992c0bd07cd5eaebe39fe8ba8d51
2026-07-05,小倉,3,10262403,1,グランブーケ,13,0,160f4722a319c5d8b7c42e09cf03ef4aa6b5dd089302f57d5624541a0bb44e61
2026-07-05,小倉,3,10262403,2,ケンブリッジグレイ,15,0,7415cb7da15042aed11800e23ba7eb04bd550b928b6b4f3ecfe3cae1445008d2
2026-07-05,小倉,3,10262403,3,サンタカタリナ,6,0,d56289c7e48e3fd083a5db2bc7aeea21edf0ba872f0515045d8db91591faeaba
2026-07-05,小倉,3,10262403,4,ウィスカーパッド,4,0,a8accd748974161d62c94d9379ffdfd62b1cfc9805197ce85e2aca85deaaf165
2026-07-05,小倉,3,10262403,5,アオイハルカ,1,0,4aece21b46ddf60422bee71df7566156956c6f8616d8a2a6fde439878fe8a561
2026-07-05,小倉,3,10262403,6,タイセイアビオン,3,0,968146772007b43840cf2b9684f0fb55fab85bc89487cdf046b0a7923b8e9cf2
2026-07-05,小倉,3,10262403,7,リボンインザスカイ,7,0,d492b22dc768cb1a00d5271b4b9fe4edbbd17e460df46b8566d1d221096a8431
2026-07-05,小倉,3,10262403,8,クラリノ,5,0,7a6bc05028f366bf4d1885f09e4dff44a2e1e16de1c25f66a110367f43c0d7b0
2026-07-05,小倉,3,10262403,9,メイプルキュート,17,0,53b87a0c74ed2ca4561ee70c1d55abaf206ef76ad1231141e330b32fa259fc67
2026-07-05,小倉,3,10262403,10,オーマイラッキーン,12,0,b30f97c7f30cdf60b3c617568eb5d20da9b81263ac99447a32bc38c399366a7f
2026-07-05,小倉,3,10262403,11,メイショウコハル,10,0,7b1076f41a788f335c45ea30f444e9ec60058f9803e09fc42bdf3815559b27b1
2026-07-05,小倉,3,10262403,12,ベルトナリテ,2,0,80cf83b70debb43a94a6e7ebbae5e8331816ee653054e0d3aa9b1bfd4acf9d5e
2026-07-05,小倉,3,10262403,13,ノクスカンパーナ,16,0,bc7c1cad1fd9e2d2505cfa481bbc90217f2b1e61f36fe9a5a96cb631de3e3334
2026-07-05,小倉,3,10262403,14,トライアンドエラー,11,0,4e8912d30c278b4be931778c4005b2bc825acac3baf4cdf227285fcd9f919715
2026-07-05,小倉,3,10262403,15,ゴッドアミーラ,14,0,9275153a914dc1409493f14d01d527160e6dc2c997a1637b4565c805483ea426
2026-07-05,小倉,3,10262403,16,カトマンズゴールド,0,3,7a67f60fbbb125723e866fea54337d4817e7f7031c38461faaa38db1b762b734
2026-07-05,小倉,3,10262403,17,ティタノマキア,8,0,439e125bbc2d4139e5b6e61a42abae9a6541de2b1fad593e476c62314423aceb
2026-07-05,小倉,3,10262403,18,ノヴァレジーナ,9,0,a9b737a1167643c9f2bd75dd5989783f9c3439b840e0a2c50c71a0cf3d60cc3a
2026-07-05,小倉,4,10262404,1,トモジャカトゥーラ,7,0,0c59452dcbebf278ad8cf1f077f6a9ed5f86b714ed7c7f0ef799e83838891e2d
2026-07-05,小倉,4,10262404,2,ショウナンタマユラ,5,0,75baabadd367ec5ed183047de9e41a05996ae0d9974d18b426e9290e9514b321
2026-07-05,小倉,4,10262404,3,モズナツノジン,14,0,5e0de8e84f0dbcadf3d4d2b2c9c6abec745108fdccefc152fa388f580abf3f24
2026-07-05,小倉,4,10262404,4,モズタイシソウシ,3,0,7a41b209b18bfdc0435b460a262c3c7b5fa2005e1300550dc6e8d9070fc7f1f1
2026-07-05,小倉,4,10262404,5,メイワキラリ,2,0,187423432bddf128fd7d78db3ec736560e2d2dce62d7ddec8bc3cc5e11d76c94
2026-07-05,小倉,4,10262404,6,リトセア,1,0,4ff580119fde930322c2d9f10763078cd4fc2f293e8078cb67861f8aee53d998
2026-07-05,小倉,4,10262404,7,スターペスアンナ,8,0,1350ad378bcea4cf7a290dcda61e8167c58d3708e8cb08ece83f8535787d03e9
2026-07-05,小倉,4,10262404,8,サトノロザリー,4,0,0ec7578ddf90af1c336d3e7a94332fe90d88f30079fe580cc0b60757aa4e82b5
2026-07-05,小倉,4,10262404,9,ナムラステラ,13,0,62b470a2a2f9b232bbbad8e49e644c8964efa53c54d613cb5607839fa131c716
2026-07-05,小倉,4,10262404,10,タマモビスケット,10,0,f91f9c1afe91b90c2c4f79b5ff696b667f9520763da05e25e39f373fe062cc39
2026-07-05,小倉,4,10262404,11,ナツノオジョウサマ,9,0,07594df48aa84f1a38fa006343657746edbda2ebea1c0deede342f6d58da2875
2026-07-05,小倉,4,10262404,12,アルミラージ,6,0,cfff85dd0abc507e35e7de3e2b9131787fb2a24be59b97c29d49644a5ceaf39e
2026-07-05,小倉,4,10262404,13,ロードフリューゲル,12,0,607e73b6c4f227c9a9652472ff4bc50e611ea5034d72f98e95aa4aada59672fe
2026-07-05,小倉,4,10262404,14,ファイアプレイス,11,0,41ae2ad211159e13598392d11de81df6ec4d3699b4315066e072529d81e0899b
2026-07-05,小倉,5,10262405,1,ポルトブルー,1,0,6131f792bf327519892826ea98badb7f1a71c75d6995e9d96d37fc017e13c7c7
2026-07-05,小倉,5,10262405,2,ヤマニンイハナ,4,0,db0a58f5e25a9e2b8ad69183e8bc75286c48260554da8a9e2d20b952cb177c2c
2026-07-05,小倉,5,10262405,3,アシャカブラーヴ,5,0,3c2ebbbabb818f61f5710b629e33542ee03284b8567147e90401a1af025419af
2026-07-05,小倉,5,10262405,4,ロードフェルム,11,0,fa19da347074c2b96506ca23f8402964d811cf13c3afe42c2cdfb05d3ba97737
2026-07-05,小倉,5,10262405,5,ゴルディアス,10,0,b227ea13dff0198df8c86e42153a59a25235b543a3b25ec3ec3d08efe124482c
2026-07-05,小倉,5,10262405,6,タイセイルミナス,12,0,dd1ca1622bcaffcb8cadffcdfe92032e4255f413f7ce694d63cfc0255a16648f
2026-07-05,小倉,5,10262405,7,オーラムミーティア,6,0,f6c0ffaaf51ec05ce039f1af9542c467282967af8060fd2ee0e0fff396ce4c61
2026-07-05,小倉,5,10262405,8,シャローチャンプ,3,0,2d709321ddf758b9277204c5cc28b7aed8fc548097fefd5f3afe5c8f824ce603
2026-07-05,小倉,5,10262405,9,ジャンゴッド,8,0,e50f39741863f32b9ca7496557c933484c50a7d45caf80d977edd5425c66d961
2026-07-05,小倉,5,10262405,10,ヴェールダムール,9,0,59208a5010b0b2a29ecb464829739c670de10bf38a905372b3cc4678f36e52e7
2026-07-05,小倉,5,10262405,11,アーデルボーデン,2,0,b56a1956af9d7d08663cd59f96bdfa81bfdd8046051f67299ab8fde27060ace4
2026-07-05,小倉,5,10262405,12,ウィモウェ,7,0,6de8c1262131d601a4c0373bc852d1938f59240929bb5ba1a75b7aa1ba82756c
2026-07-05,小倉,6,10262406,1,タケルレジェンド,1,0,1bd64727c4ff71b378b52f4f00781632ef0ea4cb3683d76d77c9ead74a7efadf
2026-07-05,小倉,6,10262406,2,ヴェルヴィエ,4,0,ea5c7da9ea131aa750413c416754ad10b4edddb23ad3c5b3f5618a24316ca2f7
2026-07-05,小倉,6,10262406,3,エボニーウイング,6,0,999396b5904c1603971b10c007702e36d6f5bfdcc4c1a33720e7c82a69f077b9
2026-07-05,小倉,6,10262406,4,アテンド,10,0,ae9e128adc9d4c4a44457e5fff17a4b421308a54af6d6cedf6b38c467d66d722
2026-07-05,小倉,6,10262406,5,ファータカエリ,8,0,7ab4fcf488bdf12698aa427f0d47f26ea46752865b965fd8e4e785ebefcb0f6a
2026-07-05,小倉,6,10262406,6,ボビーザグレート,5,0,4ca65cb71d9027c8088f2a0bb6a634904dc26996f363075ac4c744fb4bbd5b5a
2026-07-05,小倉,6,10262406,7,ファラオクィーン,2,0,3f0ff911f3620c942d2a9092cbba3e348b56fc5a781d738338346678f6c0dd97
2026-07-05,小倉,6,10262406,8,アイルエクラ,11,0,b2fd89ace093b437be476ed1ac54a47c51c3623b715c3631bd52b0ecf47c1539
2026-07-05,小倉,6,10262406,9,ジョウショーツヨシ,3,0,faf54d4b1d2b714f7eb5b05f39f71e035232a442a0d29bb9082bc6e3ad563143
2026-07-05,小倉,6,10262406,10,トリオノチカラ,9,0,fb86a7b37aa412154356bbc4b8930755f705506c05c4733eee194063cba1994b
2026-07-05,小倉,6,10262406,11,シュライアハフト,7,0,3cd976c36a8b4f0fb7bfcafe82de1eb932f89e4b3e79ae7019402420b7d6df20
2026-07-05,小倉,7,10262407,1,ドラムメジャー,1,0,803b623120972d6d3d9577e9a57d4e2a3a4b082ba306d2d5b06b339298407941
2026-07-05,小倉,7,10262407,2,タワーオブバベル,10,0,aa5a8faee30078a22d25a798d99e7738a719d5d25cb26bfd7a69af69f7c35b66
2026-07-05,小倉,7,10262407,3,サウンドヴィヴァン,13,0,b67007d890aa87ab920a4396b6f9a36c639a3246e5bb70f8f1c18bc3502a7952
2026-07-05,小倉,7,10262407,4,キャンディーズ,8,0,db21169f688157717b670f74c1f5fcddf72a8b590d0f762e9db14175a72a9925
2026-07-05,小倉,7,10262407,5,ファーストアタック,11,0,334221ef9a4f70ba48494e6ddf248d33eb7cc28e1518014cc098db3592661d8d
2026-07-05,小倉,7,10262407,6,メイショウジーニー,5,0,d40031b1431074550286221e999ccc299583a2a64f198ca406eb92bd7d15c4ff
2026-07-05,小倉,7,10262407,7,トウカイジーク,3,0,d49e7e129e6c9d36c22a448aa91dfc25a3772453b4f7047423a41d55fc57c219
2026-07-05,小倉,7,10262407,8,ファイティンアスク,6,0,62492a49f6d77d0278762e97ead57052373edbd8ea12fc30708c0924c5864060
2026-07-05,小倉,7,10262407,9,ナムラオットー,15,0,e25c6fb860f83473eab47d28582744e227b139630da0019609b6f2d005a0c2c4
2026-07-05,小倉,7,10262407,10,アッセクシー,14,0,ed18f638f72de7e7d2afed81f31de1d08cc78528007710a38678cc1cddc42df5
2026-07-05,小倉,7,10262407,11,ルルハート,12,0,b36a13603b7940963cbe744d1f6c2eef2cce92064fbc95e5279c878fc5faa92e
2026-07-05,小倉,7,10262407,12,ケイアイブラック,4,0,1f1d2c793934c41f1def0817b966bacaa235f297cc1d54c7c744e1ca98c0422b
2026-07-05,小倉,7,10262407,13,ホッコームジカ,2,0,bd4b2bbcdf45f42d5c88cd8608906a2656e01212c30d229b128f75fa5ea1ea41
2026-07-05,小倉,7,10262407,14,パトローナス,16,0,e9ad63efe5c40de3fdbfe91ec7acec54049872edf1b62fe7a4a4e581d3b15933
2026-07-05,小倉,7,10262407,15,グロリアスニケ,9,0,16b520807c5dd1924081fcf8cd19c5b3daccdf7d93dd4eb2e826770dde824ff7
2026-07-05,小倉,7,10262407,16,ベルフィーノ,7,0,f8fb004f5187afdece1a8712f7637ec19517f0fa2b3ab7ab61f51aa3298e3ab4
2026-07-05,小倉,8,10262408,1,シンドリームシン,6,0,152d0d295e132fd64e5949c608fdfa1aa0566585bb184ed54ee9ba0b46cb2848
2026-07-05,小倉,8,10262408,2,アスタールテニウム,10,0,e6b9718416f2715abf5cab331db74cb4c8c3697422e469052cb59ff24492529d
2026-07-05,小倉,8,10262408,3,サトノアイボリー,1,0,a8e1cfb824eda684a8b92f926507bb36e99620f13bcd7d521ecbc65294336775
2026-07-05,小倉,8,10262408,4,ラマヌジャン,9,0,9aa15de70a7a54a9c6faad789e0db8bf66f5be56a713fbebde8e267efb0f74f4
2026-07-05,小倉,8,10262408,5,ワンダフルボンド,3,0,1243004dc37fe1ea215f222371e08ea74f226e9c632cd89157fcc0b48c744e22
2026-07-05,小倉,8,10262408,6,クラウディアイ,5,0,1384fd4b5f369687ff0b2b74d5233636c71e99c6b1b6a51f91802e4bc91ff903
2026-07-05,小倉,8,10262408,7,レイデラティエラ,7,0,82495836e2e75c06bcb4ea1b34f5219611b976bcf5603f71fa55f0f261007e8f
2026-07-05,小倉,8,10262408,8,オモイヲノセテ,8,0,ff90ecb2a6449dfabaf57c8fd19dfd29e005183d9d96bbb170a16c49477c7567
2026-07-05,小倉,8,10262408,9,ビヨンドザドリーム,2,0,58193b3a12ba8d6b864b2f1a113acfbf1d52a9ab9a5762e47830ba6e91ebd908
2026-07-05,小倉,8,10262408,10,ヨカオウ,4,0,47ce6457a3fd8321767730b992da911b60d43fe06339351dd9e46245b1e2c18b
2026-07-05,小倉,9,10262409,1,ナスノソナタ,6,0,b8dafdddb914a549f8d7519c67ef047ff5e57c8501d6cebf9b5a659144ef7e10
2026-07-05,小倉,9,10262409,2,ダークマルス,2,0,470d3b6c62b5f2ad7486912ba713b08e8a289fef27c90682b84559b5beea10ea
2026-07-05,小倉,9,10262409,3,レッドシュテルン,0,3,f5312ebe8c2f9d7e738b201c42bc3c4cd40e4f3fc7b2d3a3a8cfc28e53c98675
2026-07-05,小倉,9,10262409,4,サトノブリジャール,7,0,98dbf59bed3f08e3128490f69f8464e2356f9fd2b353450423bc72e16ae2be48
2026-07-05,小倉,9,10262409,5,アクロフェイズ,1,0,f37f6d9bd0b5c728bb36efb98c4b39ba0849e14274e199ba052f9f90a23d03c6
2026-07-05,小倉,9,10262409,6,ムスクレスト,3,0,62d8ce3e72fc64575415d46d44b5257f1ddd3d61843ee68cad33975fe4f67c17
2026-07-05,小倉,9,10262409,7,ウィテカービート,5,0,094afcadbe2d99168857f78c5b55066b127bc3e5aebda3dee7871d78e284e401
2026-07-05,小倉,9,10262409,8,ハレアカラフラ,4,0,cd836daebf7601cf305051de0b20afea4c94eb54818de8a7212c44e3c2e9fc1a
2026-07-05,小倉,10,10262410,1,プウスカンドゥール,5,0,52538564e1cd12886783dc53c483ab075358a699406f4044c9064eb308b86083
2026-07-05,小倉,10,10262410,2,ホウショウマリス,4,0,2294c0bf2572eb8fc51626d062251b01f900524aaa57d93c126fe1abd663613a
2026-07-05,小倉,10,10262410,3,ユウェンタース,9,0,79702203ed4515b057d68be57cd2c3aea159b373904ae0239cac4036f517625d
2026-07-05,小倉,10,10262410,4,タマモジャスミン,6,0,6f6a1b7873f84e11f25c25d1bed1ccc66d7cdd99040a372227f4b56aaa0939c1
2026-07-05,小倉,10,10262410,5,ノボリクレバー,7,0,8d439e1b1e5b305b9c0c537945459bf4e7b4950f8b35b4c3b0529f5723dbac28
2026-07-05,小倉,10,10262410,6,メイショウリリー,13,0,9e0eff2903e4c7fde432028bb802b2cbb1d02e08f9c4101253fa333362b8de13
2026-07-05,小倉,10,10262410,7,フィドルファドル,12,0,c3b9b02e4ee50033aee2e7ffd73b6473517b93858884f1fad29a03df3ab02b25
2026-07-05,小倉,10,10262410,8,ジャルディニエ,10,0,b28b481fef1090dae99bd16ed0ff7eebc708aab520a492af3a665d267d211e02
2026-07-05,小倉,10,10262410,9,マジックローズ,1,0,115063713f8134ed6713e138a641e8ebb6b58ebf66ed294e66a0e62354bc710b
2026-07-05,小倉,10,10262410,10,ツーピース,16,0,bad33c019eb1eae78fcc03e39caca5ad1c601b3047b3d1d07787ed43f957b724
2026-07-05,小倉,10,10262410,11,ファミリーツリー,14,0,a1042754b98626b24d87f0a755149394dd941c8f3f313633be80d249c903aa8d
2026-07-05,小倉,10,10262410,12,シュヴァルツリーベ,8,0,9579e8472ac17edc43b6f557432724364b63d597b9ef481e40bac0e69417f265
2026-07-05,小倉,10,10262410,13,ワイノナオミ,3,0,90654874d01c3d3a2099e68f8ae0eb2e5f34f48eb0af54b99293e034db0da4c6
2026-07-05,小倉,10,10262410,14,タマモナポリ,2,0,2d243e37a00f7c661f5e7e39491c16ffac484c68ba65dd069443abcac29be396
2026-07-05,小倉,10,10262410,15,フローラルセント,11,0,e4e33af89b1550cd3e903a816b76743bb11dfd74681021cab10ac8e66c3df8fe
2026-07-05,小倉,10,10262410,16,カロローザ,15,0,29d68fc915764fe397a27796995656962262c115705f668a378a2343f4c94f5d
2026-07-05,小倉,11,10262411,1,ランフォーヴァウ,8,0,a4d36f3d39c40e927d803bfd1dc95250208f31edd0ebd5f35296328fcc2f95c5
2026-07-05,小倉,11,10262411,2,ジェニファー,2,0,8ead63a46798e6c050a191471b2def5a59bc6bc85a0b97b96ee74e4f88801966
2026-07-05,小倉,11,10262411,3,プロトポロス,12,0,bf7a8d3a36ef7679fa214e89d800064c394838702c23ce7cbec4f3a8760b2b10
2026-07-05,小倉,11,10262411,4,アンクルクロス,7,0,35d6f08b21dec96aac38f728426acd269c984c9c519c0a3a52805621fb062b85
2026-07-05,小倉,11,10262411,5,アブキールベイ,5,0,04d42dca8482cd9ddb255f8f77ae74c07aeef82f2373e507e1bd783e0ddbc1e3
2026-07-05,小倉,11,10262411,6,オタルエバー,11,0,7a4b973a77525718dc01f7d0d82cb47a1b9f1e196f3eb95f50d11c39f1ddaaef
2026-07-05,小倉,11,10262411,7,デアヴェローチェ,10,0,52b9583722eb87bcc8e94387acb8ee455830ce9bbab54d1d9980f0f2cfe4e642
2026-07-05,小倉,11,10262411,8,アメリカンビキニ,13,0,6ee502140dc59fc475d439f7d37f1515f7771b2e3999d38affec0487af479556
2026-07-05,小倉,11,10262411,9,ヨシノイースター,3,0,de110c816c7e14f41c1dfdb18ca1fb7ace0367f42b456b1ba112a33d6b06a59a
2026-07-05,小倉,11,10262411,10,サウンドモリアーナ,6,0,f8a17ea14e9344f8571793c8d65d24c33c559a4500f38a18e3731fca0f960d39
2026-07-05,小倉,11,10262411,11,ヤマニンアルリフラ,9,0,809c1683c0009c12ecf4678979c564bd40b51d21923eb8a66d18f19cb4baebdf
2026-07-05,小倉,11,10262411,12,フリッカージャブ,1,0,f299a613227fa61159637f7bd51fce5752ea415b07f9c350559f592c69a3ed20
2026-07-05,小倉,11,10262411,13,イツモニコニコ,4,0,1c77342a2502084a12092b4cbe62a65b3b59f8def67d2ac062e24c94d6073111
2026-07-05,小倉,12,10262412,1,ケンフィールド,5,0,4c58063943d197be3359b62bd01cda788efd462327d2c2a2b9a9b29c441eaab5
2026-07-05,小倉,12,10262412,2,サイモンゼスト,2,0,d35bc425935d5c6b653ab785d750c12d74626fe919d319a9129e107d544c39aa
2026-07-05,小倉,12,10262412,3,トッレブランカ,16,0,b6fad46fc3a3924235b7d0e9fa8ee13f90afe4cd10e104f535637b9b58f73db2
2026-07-05,小倉,12,10262412,4,リヒトミューレ,4,0,3ba40e9e77c41f4f7b067726f116dd99fe872776969f511a350d1bea8bfa07bb
2026-07-05,小倉,12,10262412,5,テイクイットオール,6,0,9715aae4cb6b7ce5dbb93ce91b3531606636ae60386ad74010f83b8df4e13e33
2026-07-05,小倉,12,10262412,6,フェミナンジェンヌ,9,0,b59b297850f83218436369033120982cbe129106b54519fac0d3bc79ad29bde1
2026-07-05,小倉,12,10262412,7,ゴールデンスラム,10,0,b8a47cb914b5e417a2a94f1935c2cb4f6b9f5a7aab8a735a59ae446f520c3e98
2026-07-05,小倉,12,10262412,8,タイセイジェイド,7,0,54b40abd6e326e1069d6b4ff44c1da9e7a8fdf155dfcebc182811c58d78428ad
2026-07-05,小倉,12,10262412,9,ビズロード,8,0,f524dc3fec769e93c7d744297f9c806809e163d0cb2933d75996e7623737c529
2026-07-05,小倉,12,10262412,10,システマソラー,1,0,4d1a032e8c34d622b9c0a470cf502e4d200b347d0f61d6483ebd95962a192fdd
2026-07-05,小倉,12,10262412,11,ルペイドゥロール,12,0,94759c19e6fa6bfaf5f8f06c7d914e3d3c95a6009857dd6fa99ad64f0895bae3
2026-07-05,小倉,12,10262412,12,バレンシア,14,0,349ad256ab0d5b817a3a6961238f55d7b8b7ccf1f804517aa733a70fe74413f3
2026-07-05,小倉,12,10262412,13,アーブルラーブル,15,0,5b1b0583005d0d4520b17553f17c497d7b341392718a6c57d7365c00602df73b
2026-07-05,小倉,12,10262412,14,メイショウカスガイ,13,0,3c5b3604c4b28e8fe8b76511a46742b125e8d666ac8a671543a2ec6867afdad2
2026-07-05,小倉,12,10262412,15,ゲタリア,3,0,59436c1c40665f86c9d9f99fe791575a88924f75f32de4ce20135003fef83cd1
2026-07-05,小倉,12,10262412,16,ブラックドレス,11,0,74e2143d0ac44410ee4427fc338c810a280adaa9b7affe89f77d85d16b2e326a
2026-07-11,函館,1,02261901,1,ラピッドテソーロ,1,0,8af7e2c80a498fd0ffd4d7ba88b51a7cfc9dbbd9e31e9c7795f5dc84e82fa867
2026-07-11,函館,1,02261901,2,タイガーストリート,4,0,6700dac7e59ce206fe9ea8df8cce9fc6f8fd869a1de317db6e5671bf101090fb
2026-07-11,函館,1,02261901,3,ラストモーメント,6,0,be2bef8a37c32ae4899fa7c77a22ed37900eb694b1c50a172ce2fb59abf1c841
2026-07-11,函館,1,02261901,4,ブルドッグミトス,0,1,b4cf828abc37291fa19fae00707a3725071cc7b635a1fd99bb10876ef15f46a3
2026-07-11,函館,1,02261901,5,クラウスーラ,2,0,5b62446bd7a52bcc2e9ce7c2937272cf647ef1546b5bf49ad45ce6f0c67a3dff
2026-07-11,函館,1,02261901,6,セイウンコハルタ,10,0,159ced168b70bf7405ee5d2d487049f965a676aca381a6468d857231f88f0ed9
2026-07-11,函館,1,02261901,7,ウメヒナタ,7,0,3dcf94671fd572406ec38ec01b82c6736ba4920df7086d6b595b8d96a87b7c9f
2026-07-11,函館,1,02261901,8,ベイビーブラザー,5,0,5536c539f453aad154d0acf5a0a4c7591b3a9b5fd4e648645be6077f8b25dd6c
2026-07-11,函館,1,02261901,9,ロゼハイスクール,9,0,8aa000cece1e9c770cb4c6ed1e0bdddd0635b5a2f929c44537db4c10de72fc5f
2026-07-11,函館,1,02261901,10,ワイドウィンザー,3,0,e1092856c155f082e7dbdd27881c36562c7d50127b3f58b9ededcabcd69c360d
2026-07-11,函館,1,02261901,11,カクシンゴールド,8,0,b5b1aeb0e085cfe58b366b2965e3051b8557e836f93f84a099fa34b71c3f1c7c
2026-07-11,函館,2,02261902,1,シルフ,11,0,645a062b46c51fff4b724d288221f86970bdcfb4544e46e490f83454776336a3
2026-07-11,函館,2,02261902,2,ワンダーアスク,7,0,2a63423c9bc4be394e88b5c36cb671e118497cbad76b614a7bde0b60545b94c4
2026-07-11,函館,2,02261902,3,タガノシルフィー,2,0,cf1704b08da5a69f47a5cdd4a1def10af6e85653e6cd077e42691a273be9e1a9
2026-07-11,函館,2,02261902,4,フレンチブラッサム,3,0,ac353755b919e07edafa05365cc3edc536803cab9fc6db5e9e86c10a7742ecf0
2026-07-11,函館,2,02261902,5,コイバナ,8,0,b6d8eab7071b169c458140e197cc80f141696e5389c0085b0fd4c53d7a97336b
2026-07-11,函館,2,02261902,6,マーゴットクリュグ,5,0,14efdec12f3301ba3394da31e0f548bc9501c11bab2e5d02536e5629a8bada6b
2026-07-11,函館,2,02261902,7,サラサチャチャチャ,1,0,11552637694990e2fadd0cba92a3a95b8ee97b76f979750491d4fe0ca36f3001
2026-07-11,函館,2,02261902,8,メリオルヴィア,6,0,308008efc1265df180fc2808a5ab6082315306cb7b153db946a005219213306f
2026-07-11,函館,2,02261902,9,チカマヨルキーナ,12,0,cf8b8501cbaddf55a079b5feb1cd41b09f1a91796f78040b90e8b2b5c29aa576
2026-07-11,函館,2,02261902,10,ジーティービキニ,4,0,b2996d04ed71311f6338374a7aa3b541859d1ae735110840ee652804e0113752
2026-07-11,函館,2,02261902,11,ウォータースパウト,0,3,16d71f0ee1033d7c9c1013243e7ef0f95bd290efef4fba452624879b56ffda51
2026-07-11,函館,2,02261902,12,ブエノスオプティマ,10,0,b34df6a3e4ce03c96568d0dd02842d19fb9df228d97760f29312276c2085145f
2026-07-11,函館,2,02261902,13,サマースプラッシュ,9,0,72a7770c335e5a326b1a11779201ef114d8f303dd610c518dd95d0988eaa2cf0
2026-07-11,函館,2,02261902,14,ベッラモレーン,13,0,3f217f0b9da68f4836afabe1c4f670eff258c3f6bd7ded274be7e6d60e4e363b
2026-07-11,函館,3,02261903,1,テンユウ,6,0,63c6c681d16d83f00724c67fa1e8239db4753aa6f07db84d6f24aed76b2b9745
2026-07-11,函館,3,02261903,2,ハッピーローヴァー,15,0,b48937fb08b9ec71fa45b6ec01147b8c1ad474c670751bb45cca56237c76329d
2026-07-11,函館,3,02261903,3,スピットブレイク,8,0,710e1bdadec187db6a7750557efd7e93937ceb13266d3cf65bed6605b4ab46ac
2026-07-11,函館,3,02261903,4,ロンドンプライド,3,0,fc437172fcd4c2efaaf1335fbc33563d97f3ebac37f6e4135ac13fe605d6de85
2026-07-11,函館,3,02261903,5,スノーガーネット,2,0,cb865b819220739b3267a448e1b798d28999644b6b167d0047ae9d235da25849
2026-07-11,函館,3,02261903,6,アルサック,1,0,5a0653bba1c7f864fc9906c29240569066db8deed293612ec85feabec9f8a085
2026-07-11,函館,3,02261903,7,テイクマイハート,10,0,28c88ebc503f4d3c07ba021fd13436fec32413569d9bf4e9b5a084563fcb18d7
2026-07-11,函館,3,02261903,8,アゲンストオッズ,16,0,91bc2c233da18c925ba20b5b5b2aa94b23d6094d75a234fc9c0d1ef1ced9524a
2026-07-11,函館,3,02261903,9,ダノンルミエール,7,0,e42b42ecf794757201af506fd6fdcc3e4712c9c78e87a42c94cf60372d784cd7
2026-07-11,函館,3,02261903,10,クリオロゴールド,4,0,a55f74e8d5d2a8d637deb82cc2d78f85e2f0a3eb89cbe780d1f54e4dc2f99508
2026-07-11,函館,3,02261903,11,ユナダイヤ,5,0,a77fd16b497585c2fdf6ecf3a66a7a671aa2a27cde963944d349626ed1c922f1
2026-07-11,函館,3,02261903,12,トゥントゥントゥン,12,0,d7186eead0d417fdf8d67ef30d0ddd3dddce4315b237a4b40b942a147a9474d1
2026-07-11,函館,3,02261903,13,ブルーハーツ,13,0,c6d4519f03b73f750c85406aa3a0f1e8de3182eb19ba124068174a5dd1418a48
2026-07-11,函館,3,02261903,14,ウインドトリック,9,0,6018d08888d11ef35ae7d10331c86c25a9a36464d211fbe6c04ae0bd8aa87701
2026-07-11,函館,3,02261903,15,ルージュフローラ,11,0,2bdd7c83f892de506c639cb7bb10638078828d956af65de0e9ff49105fe2dfde
2026-07-11,函館,3,02261903,16,ナオミニオールイン,14,0,7058362bbf1848f4a0c6972e63dae047087dea1c53426842fd01b53857a88046
2026-07-11,函館,4,02261904,1,ミリオングローリー,4,0,5aea619c4d0a1e53d8593d8b65adea9c81abf8c9b0690269059e5fc79b1e1281
2026-07-11,函館,4,02261904,2,インフィオラータ,3,0,b228ae8946a213ce44b9febcdafb2a0284c3a9eaeb2f5a274db831b9cbff5dbb
2026-07-11,函館,4,02261904,3,ヘクセンハウス,6,0,994d279380d8ae1f60fdc7b5516fddf8e09a93b8efff3fccac7b81bf8c429b90
2026-07-11,函館,4,02261904,4,エグジスタンス,2,0,ed0ebc288908feb2ad22a85b46bd1b9f35cb91ef06718486fed5ebff0e2cc1df
2026-07-11,函館,4,02261904,5,ケナゲ,5,0,55d59460705ee4db61598dafa16d30f970e1df9497a40473323133f0022f4829
2026-07-11,函館,4,02261904,6,カネトシパンドラ,12,0,b8fcbb367be901d3a211aea2e6e87dc9cc4859b29f553aff1dd5358317b09d10
2026-07-11,函館,4,02261904,7,アスコットダンス,13,0,b5189fe9d3b8f3f5515f0ef16c49f324d186485302b62f68fa1da2e7650a7952
2026-07-11,函館,4,02261904,8,メメボス,8,0,23da49bec1f3b7a71c1fb192b17193fcab31e3eaa925265f10eaf5be79106bd4
2026-07-11,函館,4,02261904,9,シアワセチョウサン,14,0,51eb86a8b2adcf537b28726c5499a8add7d2ce831a25b011549d1b322112caa2
2026-07-11,函館,4,02261904,10,アーデルブリックス,10,0,f35e890ce552302493b34f5480ab1d3689084b83885de2ff659a83e7b35e0fd2
2026-07-11,函館,4,02261904,11,コスモクラシック,11,0,7f34571dc7ee38c3261d247f32672a04ad5a51f65ac6d97e9bfce4a38fa2167f
2026-07-11,函館,4,02261904,12,マンサニージャ,7,0,50df216c8d4e62d6f414f0511a7db17b445b03280c041516f1e0f23f33f8ad00
2026-07-11,函館,4,02261904,13,セイントクーヤ,9,0,45fb8e2a30305b44a6ca4bd3c9556f74818d299a819fbb53295b3543257b060d
2026-07-11,函館,4,02261904,14,ウインアプローチ,1,0,8e98a218eee4fa3b5a4e2c2fcbe29c77fe69e8e63b2cd48bd918d83e59b65621
2026-07-11,函館,5,02261905,1,レゾルートハート,9,0,a0a43119521f23c8d77d238285bc10ab21778fad63eded8bb398c856828af74e
2026-07-11,函館,5,02261905,2,ジーティーマドンナ,5,0,05864e0a9393fb90488120952a0441c65e58b2a11aa49b28d278b3d143a43639
2026-07-11,函館,5,02261905,3,リーゼントエース,4,0,36b8f19b6790624e0e5f3bb949312fdea5fa8f10782eda8072bf4a05ad92f272
2026-07-11,函館,5,02261905,4,シガレス,6,0,800021f43b9c49e51f6dc530bbfa1fd7e7e1367f4c6e2f1916bccbf7cca73e8c
2026-07-11,函館,5,02261905,5,イリスロッソ,8,0,5f54a194dfe483b3eb074d081c64e31b08d91ce0a14b34595050b937d8815476
2026-07-11,函館,5,02261905,6,サノノベリー,3,0,bd725992c078da959de4bb718a905c0da76c53496994436d121e328bf9319252
2026-07-11,函館,5,02261905,7,アークレイリ,10,0,356dceb46fcfa79f9e9016787d0d52ea62bb50df43f516fa89e99687cd614863
2026-07-11,函館,5,02261905,8,フレイコン,1,0,9179837eb16e4eba93d43f1fd3e863dd0dade5000444ec09d1556144002871af
2026-07-11,函館,5,02261905,9,シンゼンノト,7,0,6d57b4b5da0a6a26299378ab83ee67bde365f63f0faa4aae59cbfe6b57d1465e
2026-07-11,函館,5,02261905,10,レジェンドヴァーサ,11,0,b492da740d520ef506b6f98e202e31ece0235da68bc1cc938239877fe769e9cd
2026-07-11,函館,5,02261905,11,ライフイズアート,2,0,19898ba740204650a718a3a1e133c3c988cdc07ae04eed44b270640a76b1df8f
2026-07-11,函館,6,02261906,1,ミスチヴマリアンヌ,7,0,769c8b28ce1da780d279168873782868793d8ad712cac4fcba882ab52b039e9e
2026-07-11,函館,6,02261906,2,サクセスブルー,4,0,b22e1432ff2fd83a0d6bd3b5287ecb284ea4b2342cebaa9cc71e18c121e99f94
2026-07-11,函館,6,02261906,3,シンエンドーツダ,3,0,163e684ecc3e6d16bc473f9a87e647cc75ddf9228806c39d7d9157b170517f58
2026-07-11,函館,6,02261906,4,ヤマメイッカ,2,0,057ebd105b47a392693e61bf0f7c7505a2271ee78adf2c6cd9cb67af4a1e0843
2026-07-11,函館,6,02261906,5,ゴールデンダガー,0,2,fcd71b843234fcfc3bdccaf3c952df58e1ea065fc5f40fd548d6e27c7c88c73f
2026-07-11,函館,6,02261906,6,ライトアファイア,9,0,47d764fae2b1bb52e24aa34cc5650286cc68bd7f16df8f5f077e2965b9dcaff1
2026-07-11,函館,6,02261906,7,モロノカガヤキ,6,0,1d8b9575cacfed035ea8d2fa4eb1f17f41728ebd392ec11b97205a107b0065bf
2026-07-11,函館,6,02261906,8,ブライトラン,5,0,62b8f37576b1dd92c1888b99ec15ebddcb252ee6a4fef0c994bc710c36d70015
2026-07-11,函館,6,02261906,9,チリンドリ,1,0,2f06c62afe71a8bedb25856809285af117c2c3f792155e944f5cab5dcf97f716
2026-07-11,函館,6,02261906,10,ゲレイロ,8,0,bdc102ada7a76349aab4ac1f2ad6b93235374d1be523de2409771ff3cca094bd
2026-07-11,函館,6,02261906,11,ラヴィレット,10,0,75971d8a563cb948dff6fef6cf85d35f3e0cdcdd56cbfb74dd7e8db03c11f09b
2026-07-11,函館,7,02261907,1,ナムラヒナギク,3,0,494175812132d26407ea79ed20c55131ad36a4c522770b15d4e84ad3228f9c23
2026-07-11,函館,7,02261907,2,リリーズブルーム,7,0,349581fa1c07c1983e182cb27995c17c7a4d2418ee700cbad4b654a3b7e556d9
2026-07-11,函館,7,02261907,3,コスモレッド,5,0,9ad0f4adae74a55965ac170a71c79a386f8d945805fc0ed996a13a05124c9ff1
2026-07-11,函館,7,02261907,4,ナイスプレーアスク,1,0,4b97563a77977bb0807d3650b9298cba46c43b70ae06ce7c779da56fe587ae6e
2026-07-11,函館,7,02261907,5,ターンザテーブルス,7,0,678fc9bf37d108b88e7eca3fcf837cd0789d8eab8820a19d81e55dcb37e18de3
2026-07-11,函館,7,02261907,6,アイドクレース,2,0,ef9b527f30b2a0a93a5c9d7adf76b65861f1e5ad35703e6bc12dc5ffbcf9c178
2026-07-11,函館,7,02261907,7,タイムレスキス,9,0,d0857a8c71255333393524a5e1ece4f08cdb79ee8b582b688e355a8787962ba3
2026-07-11,函館,7,02261907,8,クシマトゥルー,14,0,7043c3cdf5bbee5f66a29b031d94a9716bda0bbfe6f83b2e8547c406ed3b3624
2026-07-11,函館,7,02261907,9,キセキノエンジェル,11,0,00fd5f7c792d1e01d361ba0246fa699cc29075b55b828ecb22040dcd664c396e
2026-07-11,函館,7,02261907,10,ルージュカエラ,10,0,9325aea6c8d8cff3c075bd4448b6f710d1452517ab9e678a04d5a2e929bf7a40
2026-07-11,函館,7,02261907,11,フクシマコウヨウ,12,0,f862cec2323ef1b95e0d332941f8f6046557337b7c85ff50c7d1bfbc800c1dad
2026-07-11,函館,7,02261907,12,ミッキーマドンナ,13,0,f7a0456d19d01494fa5a9c820099aae692ffcdfd59087ee175cea62cadfba4b4
2026-07-11,函館,7,02261907,13,ルージュスティーズ,6,0,d8795347c38084ffdacbd001ea1bcee2a685759539e94b5db3dee927300d77e3
2026-07-11,函館,7,02261907,14,ベアサナエチャン,4,0,a4664e1a61cc70154a478a118a253c1e23de26f5d245f417354f135443a387e3
2026-07-11,函館,8,02261908,1,テイクオンミー,2,0,704defc5981f9da94b42547fe10f44fc4c0b786c73e532b902eb7e450c9fdac3
2026-07-11,函館,8,02261908,2,ブリスフル,6,0,ec15746e32225ce3db1c8f6a19da8224c73e1d3fad5e6624768bf88bb017d4a8
2026-07-11,函館,8,02261908,3,エンダードラゴン,5,0,c710042fe79cb791f32888250dd72d68c7f20c9080c84dda122a0938b611a71e
2026-07-11,函館,8,02261908,4,パラダイスフェイス,3,0,3843e7daa3a9535f494c94209a1b6e71066d17fcbd114372d6d32a8a70530491
2026-07-11,函館,8,02261908,5,アルニラム,8,0,ef40a71be34a7aa9549901e07390380d8c6d0c402dd6fa7b08b047983a180169
2026-07-11,函館,8,02261908,6,ナムラハリス,7,0,b39550e7fb03fdb392f8fc30394a7114f8a7735e982b9c301cd9d719e15d9a5e
2026-07-11,函館,8,02261908,7,シビックアスコット,12,0,3438bfb45e51bbea4421907c831d19b302a26907433f301434e8b87961e1eadb
2026-07-11,函館,8,02261908,8,アイファーシャドー,1,0,db805cc49f712a0b917e33658d4e99ed9113141a25363e40261c9bc32c6af4e0
2026-07-11,函館,8,02261908,9,マテンロウカナロア,4,0,73e8cd6eaccc9730ae3231452523d33d4a844ae0165939e66ee5d6fe305b3f5e
2026-07-11,函館,8,02261908,10,レイサンソク,11,0,c23e03c7fc8d6fcfb8705d9c6aa9e1e87068c7c5f3b57fe1e98541269ed2976f
2026-07-11,函館,8,02261908,11,タイセイモノリス,9,0,91026e2a0fe54bccf5cf05669326a4a0173038f31bd8211d4f4002a93cb0c7c1
2026-07-11,函館,8,02261908,12,ベイビールビオ,10,0,b1f8d73fa93a9f17d81311e88f680bbbf4c887bf4b97b4be3178f5c9337d716a
2026-07-11,函館,9,02261909,1,クリスレジーナ,9,0,4ebf80da91349de51dbb09b41907eeed6060bce382f90b99d41f02eceb40523e
2026-07-11,函館,9,02261909,2,ゼアズノープレイス,10,0,f70800f1efcfdc072c55d543b6c7564faccb7a58ca39473a5c82489b7575c508
2026-07-11,函館,9,02261909,3,エオアリイ,4,0,c3960b67515685250a38cb89bf686e3d31bdd20077a7b49c7971b142caf3e56d
2026-07-11,函館,9,02261909,4,ハルフロンティア,1,0,d6a6a9d44bf60cfd2673220597be7176ebb0e92a8b34dd7824436fc50a1e5f33
2026-07-11,函館,9,02261909,5,メイショウソラリス,7,0,ee0632f2c4bba1f5d5248795dbf98336f8d8cd9ea83792b52eb0e85aab10c47b
2026-07-11,函館,9,02261909,6,サイン,5,0,f1f779448d2723dcc77adc5c20a65ab0c0348ef04ef91a8ac645692a20209b43
2026-07-11,函館,9,02261909,7,モルビド,6,0,b3c977676db04ba30a0fc7201a4448032cf20a7618ae8a416f824ea567470633
2026-07-11,函館,9,02261909,8,デルシエロ,2,0,db4382bb3debee1dd8ccd9112e207cad3515deb94cdd48c654c5e5edc8d9319f
2026-07-11,函館,9,02261909,9,エトワールブーケ,3,0,ce8ee0a3d072830237e8286851350a92d7b3750041c9c0db1a7284cd21265cd0
2026-07-11,函館,9,02261909,10,ドルチェリターン,8,0,b02ddb5489c0d3da016ed3505341ed312d9a567436ba362786d0ded3de0fa7cc
2026-07-11,函館,10,02261910,1,トウカイエルデ,5,0,37d95467ad385c7cb695fd3ed72d9afbd6a765908d4dc7adedd66ef2fd7a535a
2026-07-11,函館,10,02261910,2,ピコアーガイル,2,0,2b3d9b552e0ff525930aa6a2188aca3532b389279daad337c09c93c937bd9b1e
2026-07-11,函館,10,02261910,3,ライツユーアップ,4,0,9b7247c1753466ac2b4c4a0aa3c861b19f0d5db49591bf7f99e1b41bdd13d511
2026-07-11,函館,10,02261910,4,キーガッツ,11,0,0b9903f4863eba2649ad0d2cc6f9ed7a2b5ca0863460cca44a6d68bca0d21115
2026-07-11,函館,10,02261910,5,ジーベック,8,0,c33db845cc0656781e36eaa84d750b110a4cceb579862a9d48187743b3407111
2026-07-11,函館,10,02261910,6,キープサインオン,3,0,f3044a9d613ae2ae0e6b9e7f89bfcb07588cce5c5b2c1bf37957371ab002978c
2026-07-11,函館,10,02261910,7,アスクケンタッキー,1,0,f05d5bdfd5b960ffb047d62e2e21d63a96472c889eb76840f2f9c5e8a4541532
2026-07-11,函館,10,02261910,8,フレッシュラン,13,0,c6cc66d07fdc17eea0f96fc7f44bbd40a955f7698c9732d8727f8e8e8dc55946
2026-07-11,函館,10,02261910,9,レイユール,9,0,2bce436d564e01497f5894d3e11570dbafc6a95c5c693ac1b56c1cadbf547253
2026-07-11,函館,10,02261910,10,エルサトアナ,12,0,261285c3d6f8c550c39e991b43285989f91b5876de1deb86406e8f715593e31b
2026-07-11,函館,10,02261910,11,ラスティングスノー,10,0,ef875375d61643fd7d7555090868528737af47c1a426011021a8507a97cc530c
2026-07-11,函館,10,02261910,12,ヴィヴァクラウン,7,0,bbc50a806d6e3fadc980aa22a7ac2b8f2cdec4d5f42b7eb8ee0c5081bade4eae
2026-07-11,函館,10,02261910,13,モレポブラーノ,14,0,60de841e27962a0e78b9e7cf6073938e2fa7bf412be85fd1441e733139a57ff1
2026-07-11,函館,10,02261910,14,ムチャスグラシアス,6,0,7718a6a4aa15308fcb0078eb9060d0f2a70d9a3c70004c24fa100b43d3600961
2026-07-11,函館,11,02261911,1,カテリーナ,1,0,81a33bbdc10d0597780bc0060e3aed05e0f4d00e56dfbe8dc9f0fc08dce5fa63
2026-07-11,函館,11,02261911,2,アイスグリーン,3,0,1ed210591cfb6991b575f6c85193522a237857907a23d89cb4ed58b41972ef7c
2026-07-11,函館,11,02261911,3,ダンツファイター,2,0,d42adca8ebb4098fc7f194050f6e70d35633728154fb834affd59b468e84da62
2026-07-11,函館,11,02261911,4,ノーブルスカイ,11,0,312db0b776cf96de581b2549cc4cf08d4cd4ccc8b135d8384849c4f44938e8b9
2026-07-11,函館,11,02261911,5,ミッキージュエリー,10,0,0c1c69169b69ca6bd3c7797a345dfc2b2825b96173798985d06be0c263c97877
2026-07-11,函館,11,02261911,6,ショウナンサムデイ,4,0,e7c8db98c8a9a82bb3c5a47cb3564263f7bafa696a9658160b3beb05af1bebdd
2026-07-11,函館,11,02261911,7,インパクトシー,7,0,c117b28d0920b772aa31cdcf6b3857d710008b3336567748c7264c75fa6dcd29
2026-07-11,函館,11,02261911,8,インヴォーグ,6,0,60682ae36d0f1ae4810b34715a67b54c993c832fbec3fadbbfaee5e426087df2
2026-07-11,函館,11,02261911,9,ドゥカート,12,0,a21d8f48f2ce35559ac758f1438254d6ccd06640a96c49e5d23d09e843289e79
2026-07-11,函館,11,02261911,10,ウイントレメンデス,9,0,fe40dcef049d660aff7c4a5e40b70af4863df994214753b03e1f9ea6b14945ff
2026-07-11,函館,11,02261911,11,ソリダリティ,13,0,125a2ec5005a4eee8e484ac80a32bb373755f676409119ad03bccd86060ab7bd
2026-07-11,函館,11,02261911,12,ウィープディライト,8,0,c609767e9294edb24d225e53fe78a9cf61a5da2055b5ccd474051ddd45ea9418
2026-07-11,函館,11,02261911,13,ピンクジン,5,0,a21f247156f9419319d0e90efbc049b5ac742367a12ce67e5362fac1020b4892
2026-07-11,函館,12,02261912,1,ビップムーラン,1,0,2b7e2020d0a4c8631d8baa0f3196ad98870e63eb938142921ee4b2e400a257d1
2026-07-11,函館,12,02261912,2,スパークルジョイ,8,0,74a0c7d25232e9f1a3e508b56675c384639b4641537d38923c1bfab4ad03cb9e
2026-07-11,函館,12,02261912,3,タイセイブルーム,5,0,7123d0b5fe21a7059f993e62f4753aa0206362140c50049d9408ac8898ddd805
2026-07-11,函館,12,02261912,4,ワイドデコラシオン,2,0,8e1741476bbdef0a64f09dd518de26deb866e43fe6df9b3b08f7572a266f94c3
2026-07-11,函館,12,02261912,5,メイショウハッブル,4,0,d2a88c26aa89808c6e4e8747f5d4e24523b631235f95e4ab15e98ab42864fe51
2026-07-11,函館,12,02261912,6,ジュウオウ,7,0,b794a79b91dd8669bd3f73e9f05fd2979a4745026b304d5c37ec06395bebee0b
2026-07-11,函館,12,02261912,7,テーオーナタリー,6,0,c0ed2ffd7f418e52cb45f402db8812e4b457dddf5960461dec14a16cd6e6c655
2026-07-11,函館,12,02261912,8,レネネト,3,0,2f83737169d0f49168b49dce9d2a727f6081f27bce63aaafbd088ee286a1a6b5
2026-07-11,福島,1,03262501,1,ヒットアンドロール,7,0,6b2a412e58213bad6b57ea55fcff10ccbd477d399a092b73ed982cdfe8c94482
2026-07-11,福島,1,03262501,2,ジーククローネ,4,0,06552364529ead7a39e015d6352fcfc0b50e2032899c9abab60ffaf3a27e877f
2026-07-11,福島,1,03262501,3,トゥラッタッタ,2,0,722f98a1ae822ec9461401483b54b2424a26ba8e91c7e224855f8abc45316a4b
2026-07-11,福島,1,03262501,4,ナックエルドラド,5,0,b2b6df98e5f82997c83bf5d50e9d2a2433a60e1d4619f94b5e7252ab3b5fc616
2026-07-11,福島,1,03262501,5,フームスムート,6,0,e08812971c498f8c2880a552cdee484626119e9357af5f008a71811ae81cb522
2026-07-11,福島,1,03262501,6,シャンデルナゴル,1,0,497e6f68d44b30ad3271637ea6a13b02962c08acb74923399ff7c7d95371848a
2026-07-11,福島,1,03262501,7,ネイチャーシップ,8,0,d4e25317c4e03fef2630098416c778430afa1d8182e5f5b38cfa30c7114ffcd2
2026-07-11,福島,1,03262501,8,グラニットピーク,9,0,c36e7ee4b3463601e36a64dc252f889cba42bb992db78b5e91f8d49c77808144
2026-07-11,福島,1,03262501,9,タマモエース,11,0,1f742f46a8d5a2baf962326d454820d821011333f161554db776bc7032593cee
2026-07-11,福島,1,03262501,10,コスモチプリア,10,0,78653663a4efe8768a0c8a09752d95f8df61891fa924933bf8d1185d3e54d228
2026-07-11,福島,1,03262501,11,クラウンセト,3,0,ec82de7c7139029821201b33665e8aba821575e2375ca74ca9ef64ccde9a0544
2026-07-11,福島,2,03262502,1,ワイルドミュール,7,0,f6cb444e54a311075a283ed3f1c71e344bcbfb3d3becee633e8ad1e3ad489809
2026-07-11,福島,2,03262502,2,ビレッジルイーザ,2,0,95d66f72de7a116c082d4cc2266eac616e5c0944eac72a758b44a1fa9142d5a4
2026-07-11,福島,2,03262502,3,エルミー,8,0,aed73d59356037c9bfeb74a4a773d106f6226664bf1a7556385824b903f31ec8
2026-07-11,福島,2,03262502,4,イセッセイ,13,0,3548833120fa1e787a1f8373232351279d60166f5787ed237d2dc018fff357b6
2026-07-11,福島,2,03262502,5,タマモチョコチップ,3,0,ceb973b9d7feae07ce2a4f1fdf70e10f443b2fe5df590b30d74d27fe88e54d8a
2026-07-11,福島,2,03262502,6,サイモンセレーノ,1,0,f8bed15a927a64a2eb420979a83c182e71bd42233396c9f795259554b4a53c12
2026-07-11,福島,2,03262502,7,キミガハマ,9,0,d9299b926ea8ad5da02b6c9b907ce12567afed47dbe49dc914086c0db2155bef
2026-07-11,福島,2,03262502,8,アルバニクス,15,0,58330da58bb7cceff44096a68d5300bdd780bc39cd4b6bb2219f4f1dc6a5332c
2026-07-11,福島,2,03262502,9,アインプロージット,5,0,d85c362785d491e175c9df202b8b07ba96581a2d2c246b4ff9e9725b9437fd42
2026-07-11,福島,2,03262502,10,ベアエクスプレス,6,0,f89138f58895399d221e661ce01dd974af5f2f31557d8da2b4de2a64d7c33fe9
2026-07-11,福島,2,03262502,11,ゼフィリア,10,0,ab0deb03fa8d606d82364d543bba7d0810626da02e14fe2349e3bfbd1e73405c
2026-07-11,福島,2,03262502,12,ホウライブラック,14,0,8f2dc725b237eaa05c0c3b16b284604fb272e3c87271d014b1f99495debfe5b9
2026-07-11,福島,2,03262502,13,メイショウミズホ,11,0,06df6e823f0aa430c37d6ff7838f3bfae48046993774863d9f4ab39008e00f75
2026-07-11,福島,2,03262502,14,セイスイカルメン,12,0,069c7d54220d14d49a60e3afb8fa012bb9a63f1bd31096e0e22c6b83b12b332d
2026-07-11,福島,2,03262502,15,アジュアカレンツ,4,0,3082414fbd2d4396ac0f711abd407228c0c90fcabe1c09893b0a4e4296a6187e
2026-07-11,福島,3,03262503,1,レオンティウス,1,0,11d29832f2e28bb352b456c8f75594c844fe47e757ff363883be08918fcb3802
2026-07-11,福島,3,03262503,2,ペアスターロード,10,0,aec9562c38b30d3f2e98e15df924aee716d024ffa1a1c40293b17c1fa47680d4
2026-07-11,福島,3,03262503,3,ジーティーフクジ,11,0,a4a3a523b641175fc50fbde0623b9146613a205360cf2ea0a43357a30a118b37
2026-07-11,福島,3,03262503,4,トーセンマスラオ,3,0,4b0193a667753d8ff22e4f3e5bd8105e56d4b57b7e26248cff977276e04c14c5
2026-07-11,福島,3,03262503,5,マイネルリコルディ,6,0,856f3ec50d4ca8787cb16f6ade8f929afc4a37d4973252fe9b6aa8f4dc6c34f4
2026-07-11,福島,3,03262503,6,タイセイアドーレ,9,0,fd407f37458a50fefdc23195706a3b0e5217e955f02675cbf1c1e597019a87a4
2026-07-11,福島,3,03262503,7,オーケーマドンナ,8,0,73e10edd7258af9d8b7731e3b126b9f7cff39487be87dd71e0f91c5893e19539
2026-07-11,福島,3,03262503,8,シアルナーレ,5,0,302c87d7c226816eee8a38d44276c7397a1b6f3da27995f159ed2f3a8c87dd21
2026-07-11,福島,3,03262503,9,キャピタルストーン,2,0,e8be5e0bfd69ae5d6deeada562b190debe8d9a5298c31d1c7afa6ab584b8ac7e
2026-07-11,福島,3,03262503,10,ジュネストレイル,14,0,23024211584772453b2f694db032057e99a01c867215d17055345ab479ba3e4d
2026-07-11,福島,3,03262503,11,コールドスリープ,12,0,b9406d4fc12a5df7030649012395cb550d32cf3193e6db1e8f806e8fcd33ce00
2026-07-11,福島,3,03262503,12,シャインラブ,4,0,603eabbcb8bff95025336c65e2dfedcf27f6bac8334e81f6516d0c7ae95977fa
2026-07-11,福島,3,03262503,13,モーモーゼロ,7,0,39426aec1626ce1f356b8793a5f0f753c7a38894089868d182429a0d492d7144
2026-07-11,福島,3,03262503,14,コスモシグナス,13,0,e98892c9edeafc894fe9827141ff53eaf5215449fe1dc7ecfd83c601e79eec6b
2026-07-11,福島,4,03262504,1,ロードプレリュード,4,0,239083b8d65f397524067ca64bf3d717e6e0f22f86413b45b034e9ebdea0c855
2026-07-11,福島,4,03262504,2,エビスディアーナ,11,0,0bc08a398c719a3b63db261023b00c5be4a97013078d5a5fcb8480665743c2e2
2026-07-11,福島,4,03262504,3,パワポケウォーズ,12,0,c5680a79dccc66c832203ed7349a55d755fbd55c9b627845ece033ac4a015ad2
2026-07-11,福島,4,03262504,4,スティールヴォーグ,3,0,3676f43bef8d0d49a16530412eebd1acceaa4ad42992905c1e7f3bd7a2487df9
2026-07-11,福島,4,03262504,5,ゴールドプレイヤー,2,0,f55f5f0e00a5f78f474a674b547ac8068b368ff220b66e1c677c5082223ce002
2026-07-11,福島,4,03262504,6,ルールオーヴァー,8,0,03d57e6711ce1a0831c6391a191cdfe4e78550e1227b4620a94e548fbe8be143
2026-07-11,福島,4,03262504,7,ドゥーニ,6,0,e881092f8204d3c2be0acbec62b7c5417bdefffedcf54348517716c22ee02197
2026-07-11,福島,4,03262504,8,セブンワンダーズ,13,0,b33246a7a9aae2142d1084eb377b08f14eab368bf44dea8b3990fcd0ad3164cd
2026-07-11,福島,4,03262504,9,ヤマタケボニータ,5,0,11e378c71e3632e16e0e97bb12fbc817ed0affb349c942c0c12f17709aaaad31
2026-07-11,福島,4,03262504,10,イケイケルノワール,14,0,4c4eeee6727c033e285fcc2a989e83b41e0481312b726acc44a45146ce9d15bf
2026-07-11,福島,4,03262504,11,ツクバアヴァロン,7,0,fcc6c51ff6da69f11539229c895eb0be77d601259c8714e36fa3068fe230a331
2026-07-11,福島,4,03262504,12,ロイヤルタイム,9,0,1cb8f7d2383f43a0d8c1270f9854b6c4b38e34a4be029fd4f30fbd597661c7d3
2026-07-11,福島,4,03262504,13,ウェスケンジントン,1,0,fbf5cad825ded7cf1fac5494b75f7dbb948b2ebde699c99e5b8c3d1e4eafc337
2026-07-11,福島,4,03262504,14,マーゴットリック,10,0,5129bb1dc85148e0171568967b1adf8b50346cf4d33d3dca6a65e3233f76e305
2026-07-11,福島,4,03262504,15,フッカツノジャンボ,15,0,20ec2b50b37de016ae6fc2b4bdd659710dc5d52c9a8d58ca7fbe21fe82ad965f
2026-07-11,福島,5,03262505,1,ニシノイサリビ,1,0,6bbb0d8d374a5a015502bb02c448871552eef55a0917cbefba8ca3885fdc2d7c
2026-07-11,福島,5,03262505,2,スリーフラワー,10,0,03bd81edc866341282e7e61f894e7a7a3b2f235c48495dd6e61cea1c8461b756
2026-07-11,福島,5,03262505,3,アップルザビート,11,0,b1574484233d15c0eebc6004ff700795c5976d0f09d3566920672e3defac9ee5
2026-07-11,福島,5,03262505,4,リーディンアクター,3,0,dde3cd2198e77ce3b8ae173362da629b98efa8805b984bbad34cec0fc71ca1eb
2026-07-11,福島,5,03262505,5,ディスペアーホープ,4,0,3eb4e64904be37b9e1fa1fda8194a7643ca5b04db21c44893bc18724d6f9ad9c
2026-07-11,福島,5,03262505,6,トムキャット,5,0,b92ea9da21d737016a5924700dfffd20c720ad4eac31cfc030cccbfd8ec52ed7
2026-07-11,福島,5,03262505,7,パルセノスミハ,9,0,f47ac0549efc9223989fa76a451ad9173e2d632c974606d9865649efd514e675
2026-07-11,福島,5,03262505,8,センカンナガト,7,0,e4879e3b2774c1616ea3caceb632e866552113e35086760284db15bcff1a3c47
2026-07-11,福島,5,03262505,9,ソースウィート,6,0,234a5a981fa52f6d40ad32902a6085c3718253f95c2530ef2c435e31b701ab63
2026-07-11,福島,5,03262505,10,セイリュウ,2,0,dfc7367d412e13fad9bd9415f31b1f97888237bc3c6c03700dd282b0813083c4
2026-07-11,福島,5,03262505,11,アドバンスアゲイン,8,0,19baf57f42d7592aa450286458fa9453c90f93e82882853fc047eca142a51cf9
2026-07-11,福島,6,03262506,1,ポポラヴィスタ,3,0,132a8393754eb509b961bae6751f06a090d76bcb8182d459deecd42a0827a531
2026-07-11,福島,6,03262506,2,パーフェクトスノー,13,0,b1b8ee2ebc3fd1e3cf43f0d5eddf0b893bf616ac5f8dfa955ee8817dbfb06a50
2026-07-11,福島,6,03262506,3,フクオトコ,7,0,df8fcecb0269a1d1259fa7e00238c2297b89e95ec30480c360a26f443836165f
2026-07-11,福島,6,03262506,4,ミスデルマー,14,0,2e46f7367194169db43ddcd570b5ac518e48405b69ec2fc818437de6f63bacb7
2026-07-11,福島,6,03262506,5,ジョブックボー,4,0,4bf1b9910d96cda155caf66a6bb8e1082ec308370bdc1ff3113e95af96083024
2026-07-11,福島,6,03262506,6,セーヌデローヴ,2,0,36657c3493c9f9043b84b6fc0fc20762a3e64e2193cf1ba621262bd7ab903a11
2026-07-11,福島,6,03262506,7,サファイアプレミア,9,0,efccade27726c67ea2d9134b23df0425c217dfd58281c34ef83e5e455f151f39
2026-07-11,福島,6,03262506,8,ウインテラジーナ,5,0,6264a91f419e7aa48113524bb0bd7e2e9265a0a5723c333c180f01006c8a823b
2026-07-11,福島,6,03262506,9,ルンベーラ,1,0,240373395055b0d8c2558df763e990e3a9e1ad34614766f3a91fe02a1595bf09
2026-07-11,福島,6,03262506,10,レッドフリーマン,15,0,a03e413520e3e8bdd4ad52f2c870a789528c56e26a1cfbbc00903b919b60b72e
2026-07-11,福島,6,03262506,11,サトノアンナ,12,0,967603f7ab07fff256d94b304380f45b8431a0415c8e9fc1db3146e19840ceca
2026-07-11,福島,6,03262506,12,ブルーブロディ,11,0,2b30dcd48dc7d5dbf75fdcfa826d8ceaf34923473b4775e37857e12f1bdabb46
2026-07-11,福島,6,03262506,13,フライングビーナス,10,0,6f701667d09fb360b5fec3349eff30402472a78784466a74af6f7a67101738ea
2026-07-11,福島,6,03262506,14,シルバープレミア,8,0,ba334ad4f7c8ba67f369b0d93fa6e7b441399dd038c5dce7421e9a4a37927f59
2026-07-11,福島,6,03262506,15,ムーングレイル,6,0,220460a0813bad3048fe95ff9b5c5d2ed417d74bef57a3a2380f9050276162f4
2026-07-11,福島,6,03262506,16,ケイアイギルス,16,0,3f5bb678254fd1e5aa4951700ee8b018b51c6aa3f12e820d4a72df6a23f8e7c7
2026-07-11,福島,7,03262507,1,ヘルメスギャング,11,0,40e796610929d37d1b5b99368341d6e18d4069ec094572210af1597b5d628579
2026-07-11,福島,7,03262507,2,ヴァンデスペランス,10,0,cc6db8a6e2117f23f51a410ddd88f35e13ef36158d015b59975226472c1c15fe
2026-07-11,福島,7,03262507,3,リアルセンター,7,0,86d74e7485827bbf1232392e23662620208e55d46c8cc7a2787eade52826b1c3
2026-07-11,福島,7,03262507,4,イモータリス,3,0,0fde326df8f74022bd3d96919ef0b5bda2b51d7fcf83eaceb5fa94ba8540f76e
2026-07-11,福島,7,03262507,5,ボニープリンス,4,0,e00dc7b2bcb6515159694495ba6e6f395d4a1e7b5cda9048315fdd6b8bf51382
2026-07-11,福島,7,03262507,6,ドナルンバ,1,0,18a8bdc2dcfc0dd6d72ed1c24346ffb405e37ade6dc1dceb0988de61e5f78c12
2026-07-11,福島,7,03262507,7,ウインボレロ,6,0,b25ea1d8dbab57e865dd3eeb56aeb55337d8f8a9fb7c4eb0306005708b547821
2026-07-11,福島,7,03262507,8,グランプラネッタ,8,0,867ccc99f9dc9599ec51db9c4d1719f9bbc8e5331a1a539b7252028e13169317
2026-07-11,福島,7,03262507,9,マイネルモメンタム,2,0,aec7e8b3c29e0ec7bd5783802cf9adb2ec72765df9e207eee22d1bc8ec752cb2
2026-07-11,福島,7,03262507,10,ニヴルヘイム,9,0,70d30282b6944f4aa5d15093547422d20994239018483d7331ba8649b94566b3
2026-07-11,福島,7,03262507,11,デリシュー,5,0,fc6bffb9662755db9c828a4b529352e802a8368b6ea47c0b6eb11dad822113a1
2026-07-11,福島,8,03262508,1,ゼファーテソーロ,3,0,3247b915e3a74954ecc2b872812af5d838b62e5e5c2426a9df2eeb731d30fba1
2026-07-11,福島,8,03262508,2,ハルノアラシ,9,0,1f84f935382e7c5e74858f24f6e67df8e3eb1c6df1a10c2625b5a782e7c77f13
2026-07-11,福島,8,03262508,3,チェルシー,11,0,322cf49f2cc84e0da6fe3416281a6df814c3201a50bcbd9a9e86415b1626e0b6
2026-07-11,福島,8,03262508,4,イズルード,13,0,5c134391c54cb3d51ae259e48916767d1a3b3de8093f691f304f390d64e91611
2026-07-11,福島,8,03262508,5,ダノンリュラ,15,0,366665f6ff35257138df9f02716dd80b2b20e60d1e8651ed3cdbfd249f5cefdc
2026-07-11,福島,8,03262508,6,ラエトゥス,6,0,c20d181424b9a329f041b1ef11cd589c4884927cc9d6f6f51c91e44b2fa2882d
2026-07-11,福島,8,03262508,7,フラッシュポイント,8,0,0a12245232ddf27d98a1104318bd53d2d3db52eddb728dcdc808969e215dc71c
2026-07-11,福島,8,03262508,8,アイファーリーベン,14,0,3efa0a4fa55c5628fdfb8d7405a5619bd2b7b8c51a51653597b55db40ca6f655
2026-07-11,福島,8,03262508,9,グラティアム,2,0,ff791131d42a997f5441b82e794617cbd32a66738aa40e737de751d7e4421a54
2026-07-11,福島,8,03262508,10,ミッシオーネ,12,0,28603ba15b09b690824084022fbb172bd2e54565d068b22803213da85156f182
2026-07-11,福島,8,03262508,11,ブーケドリス,4,0,7b8a25d033fec85b3f6ad62e9e0305cc06cd9dc36a598e02bc2016eff245418e
2026-07-11,福島,8,03262508,12,ライヴレッドアイ,1,0,2b1d4ed1d950a79b7f2f2b1ff18bedbc99ee5df21426dac7a4052b06abfedba3
2026-07-11,福島,8,03262508,13,エーティータキオン,16,0,f8654b379bdf3bcdfb297bfeb2ec1a464ba1299ea8f19b1573ca94da94d44652
2026-07-11,福島,8,03262508,14,ジェイエルキャリア,5,0,a197e693386cd245769e3cf8f5a3a13828e7781bbe872a09b0b2b2417a212984
2026-07-11,福島,8,03262508,15,マサノピンクレディ,10,0,c79375d6d5db30cdab201d133d6deabcc57a35a3b6b2fd74e38c54ab8bc9b1f3
2026-07-11,福島,8,03262508,16,アイムインディ,7,0,24ebf802d6e620ea4b090e99e60a8b613df1646cba96540eda29a58d91043c48
2026-07-11,福島,9,03262509,1,キングズトゥルー,6,0,05574faa45235cca3fdf5694a3b17c54b0a4bb50a0745b82ddd3a8e3802fcdda
2026-07-11,福島,9,03262509,2,ヒストリアイ,15,0,96e0cb36b67b6f810fb5008d2893909b73e7f153f0fd83b4c80df7e711e6a4dc
2026-07-11,福島,9,03262509,3,オルトパラティウム,3,0,b72c871fe8ffc2ec4d5f23c865d4f4b2e9e05e09ff544154e8c19d3a64086cd0
2026-07-11,福島,9,03262509,4,サトノトルネード,12,0,afa192bd5647cd8d1a75475cd4a515fb9d98a5296a4ddc1c0d01b0bc6f4f2aeb
2026-07-11,福島,9,03262509,5,キンググローリー,2,0,1090a7cc52e65dbf479bdc38f17b4711868b1085b379d7228a1ff2debef39bf9
2026-07-11,福島,9,03262509,6,ハイラント,9,0,77e6b4eaaca895938109f1bdbbde720b7048aa6b3d67ce0c192d3c26fefccede
2026-07-11,福島,9,03262509,7,ビッグベルーガ,10,0,430f045ed12e71aeaf9ced56487ce0ed4d56c5ebaf4bb46fdda19aed2a67f6de
2026-07-11,福島,9,03262509,8,ヴァイザーバルコ,13,0,1929cd75e70f198d82a6fe3a8c33d0f3d92c1f951a0289b707e7ddb89c61b44b
2026-07-11,福島,9,03262509,9,スズカミエール,7,0,d316490d2ed5b5de1878190abaff36990b07df15c1d02a3bdf0fbb122391e76f
2026-07-11,福島,9,03262509,10,ノクターン,4,0,68e7a03eb81120e42f50c142d6685b9f8ab1f7b95c118a9d10ffa239edb654ba
2026-07-11,福島,9,03262509,11,ウインマイルート,5,0,ab21d5ec5f25c51c02486576fd65fa52112aa69b3652220c941353611406ea71
2026-07-11,福島,9,03262509,12,クリフハンガー,11,0,eea3492b1571bf8f1058985f0657f8443fb3945a4f5f3f3f08941bd116190291
2026-07-11,福島,9,03262509,13,サトノソティラス,1,0,1774a7e9ba1345663d02eaacbd0655c8d08afdd3bf8279ca61103e7783f353b6
2026-07-11,福島,9,03262509,14,モルトマエストーソ,14,0,8968f7ffb7e3c6ed611232b303d52772f853923692f62e9f141456baf0cd6c0a
2026-07-11,福島,9,03262509,15,アメティスタ,8,0,980011544108f195f2db0d601f86f8b81d2cea47083814b52365a90e85447d6a
2026-07-11,福島,10,03262510,1,フォルテム,6,0,dca02f2102474801361029deead026393a55e68a4a2b56e0ebb7bdf7e0f93614
2026-07-11,福島,10,03262510,2,アタリダイキチ,5,0,09993a1c513b99c53fe124469013d2e2987ac373170d44581952fcd022b20f18
2026-07-11,福島,10,03262510,3,ショウナンラスボス,9,0,63a6843f75043d587a4f1c67ff47313a39d433feec76760c68d91ee3ac9c16b5
2026-07-11,福島,10,03262510,4,ズバットマサムネ,7,0,9aa8e431be89610c5fb882090c3e5882610090690dc58a7590d11b4b31e6a3d0
2026-07-11,福島,10,03262510,5,スマイルアップ,3,0,ff4c9a0c5cbe3dbf7750fa7ce842b8e416c59d4da8f8ab392c75d3de18bd39b5
2026-07-11,福島,10,03262510,6,ロードマイライフ,4,0,69b862e281c37a0286bd4ea3491100b3f585e3685b5fb7c4f809bd65b71ca874
2026-07-11,福島,10,03262510,7,ウナギノボリ,8,0,4de2e2c070addb33df122a5a96a725c6b90a6b6b8d6112d3b3c782ac0af17340
2026-07-11,福島,10,03262510,8,メイショウヨゾラ,1,0,05e922be37f68bb59913a054448b303bf4c33751d46cbfdbdc4b21002c9a8606
2026-07-11,福島,10,03262510,9,モーデン,2,0,4de42725c277314fceff589364711a57c8174c961633624d8e31f6fd0b9676b7
2026-07-11,福島,11,03262511,1,ショウナンハクラク,8,0,3cd3786352b76f400c3c691c2dbec5ab069358ac886b65cf114d8931a4d09117
2026-07-11,福島,11,03262511,2,シークレットヴァウ,9,0,beaf7683717e38ddaeae1f22ca828dea756fbf966c2870c25a0081ea87a2b7d7
2026-07-11,福島,11,03262511,3,レッドアヴァンティ,5,0,76475a6ba3a0a5a1039fefd4e44391c9667b9e7549f236a4b0b740a7219baeb0
2026-07-11,福島,11,03262511,4,ゾンニッヒ,4,0,5e88b079b62161e1cadd09310e65d758c9f6f3cd867a9d963319e2bfde968aa6
2026-07-11,福島,11,03262511,5,マサノカナリア,1,0,c7cf22574795e16e7bd2d22d29bd617cbdb43cefe8e07bce0ac4554dc8a545b0
2026-07-11,福島,11,03262511,6,クリエープキー,7,0,e1baf3ab608aaa849b8b301803fe0727f2bc683b6486a0079e284f4f734db81f
2026-07-11,福島,11,03262511,7,クムシラコ,2,0,d7673a9bfbcd3f3223707547f436c4e9507b56ca0849faf172fd7882eb0cc22b
2026-07-11,福島,11,03262511,8,マイネルジェロディ,6,0,841a7a352fb4fb55b4b25f617fd935272d52dcf4c6e80a07fac85f7f8dda4a2d
2026-07-11,福島,11,03262511,9,カウンターセブン,3,0,058ceb429c63e712296cc5c0ca348f2d59817f3e6bb6ac587b2ebc212a7118ab
2026-07-11,福島,12,03262512,1,スカイレックス,15,0,99e0d3e52d8fc37aec39e192e1f5c4daa04bb0d666626e787447a460dfa6c906
2026-07-11,福島,12,03262512,2,ブレゲアン,6,0,89fec21ccbbb49cea814f0ed3b488fa3560aa8ebb26f3cdba441020a4ade51fc
2026-07-11,福島,12,03262512,3,モヴレクス,11,0,8eacd126e09ba63ea955237d7f12f99c5f781a419677dc5fe1d5f5801355463f
2026-07-11,福島,12,03262512,4,ホノボノ,12,0,56104a52c3dfa536d7fd8ee47a4e266fec1f5bc12c73f4202d715d5bec2562ab
2026-07-11,福島,12,03262512,5,ヴィーデ,8,0,2aeba8a6528f368b467ee17af7cc69b49cc211ed6f91c69ae6b8b082599d26fe
2026-07-11,福島,12,03262512,6,アンティミスト,1,0,8cac867fc1dde9d7c33372c0168f7f0098a7b5cd23e45dae1ac2553eaad03328
2026-07-11,福島,12,03262512,7,タケルムサシ,10,0,0a0048555e74fe3299e2d8212f8cc9a4f42f4e29768f47946d071bb6ce8d7d54
2026-07-11,福島,12,03262512,8,エリーニック,5,0,b8f611983fdee1694e45b41bae8aec60458bfbec4930edd0bf292d36463e389f
2026-07-11,福島,12,03262512,9,コパノエイダン,4,0,f209f45215952731b5a6f5c0e84b7add35d01e95a41c60db308f06b7af35d07e
2026-07-11,福島,12,03262512,10,レッドロスタム,7,0,e54e0b6a11c56f41b7f3ef1c7cd419ec1915181b62b7e7ed1eed28c8d7b28a3f
2026-07-11,福島,12,03262512,11,アジアントレジャー,14,0,5775fef0161db0a01db64efe3affe73cccd8ff416dfa4cb5ca3c0e8e84c02358
2026-07-11,福島,12,03262512,12,アルプスオジョー,9,0,a69ff828b7ee20ef0a6d7da74e59bb3a269a1b309533b69635860be75675dcd3
2026-07-11,福島,12,03262512,13,エコロガノン,2,0,c823369731dc2b1bb0b7d1c2f6355679bb3e40aa0f6674ef1dc7bb17a49bfb93
2026-07-11,福島,12,03262512,14,アスパラゴ,13,0,88ccb2ee35700a68a07a48faf223b64e2fd1350c18054086dee5b2904c4d0dec
2026-07-11,福島,12,03262512,15,アトミックブレス,3,0,edef163242d1e32ac9e23a9bd7f5947193ead5b0816ad8559329a77e08f92a41
2026-07-11,小倉,1,10262501,1,ミエルモーサ,11,0,21abb4d96b62e70d8d63c9bb5cf4529ad5959fac69ebff89e75d87cd075a68d4
2026-07-11,小倉,1,10262501,2,ラホーヤアイズ,3,0,f0b6612a5dbe4dd35b9523c7050e1ac32665db7d09472b81b5e9bef570759acb
2026-07-11,小倉,1,10262501,3,ゴールドショーマン,5,0,e21cb4dddccd6d4fc47863e3f093200dad565e3bdf9406bab667fee39df9fc58
2026-07-11,小倉,1,10262501,4,ユイリノベーション,7,0,0a6dfdc4dfbb3f3082283d6aea7167da869ffdff36b6a9dd2de0a35b8647d6e6
2026-07-11,小倉,1,10262501,5,クリコキアナ,9,0,a3aaad3bde9b42e38003da8e76866d4ebaad1a084bb268200bf0042902b977ff
2026-07-11,小倉,1,10262501,6,カシノカゲマル,12,0,48c0141e944dc722aa628d39ea5732879029be2aac3836bfce11f2b0c55c210a
2026-07-11,小倉,1,10262501,7,アセンシオン,10,0,3749804add722e9c3c31d639b1097004a029c0dad6c30b78b24583528c8b8bb8
2026-07-11,小倉,1,10262501,8,ハロナ,6,0,2d0f51e7edbe2273f1828736bcd54e192f028baf2b8e3a00a859495df1bbf8bd
2026-07-11,小倉,1,10262501,9,マルモリマイベスト,8,0,76ca06b8f86f26b380b7fdc3fb4128e0f5d0762b22ccf87341c3ab25d2e7762b
2026-07-11,小倉,1,10262501,10,カレンハウ,1,0,5025ba4406d0dbd5df0745feebb68f07a5f51881ff8aac9079a9f0ef46abc336
2026-07-11,小倉,1,10262501,11,キムケンシーサー,4,0,429aadfa3e803b0fcfe0911dce7097da64e2336da12d2a25911085b8bc8f6ed6
2026-07-11,小倉,1,10262501,12,バクソウシャチョウ,2,0,1ae5cad1a6d6bd1dba1daca5735e614e60cbcda3823044f82edcdfc801a33e99
2026-07-11,小倉,2,10262502,1,ソルアモール,5,0,2e6b539ec07d50c0fe56c69a4b5497a526cc9b4c935f56fadd5b8a1518a30f58
2026-07-11,小倉,2,10262502,2,タガノラヴズワン,10,0,e8118c2f59897e5bef757bcdb7cb3766b60e3b0d84f46dcee29cfe16c5274abb
2026-07-11,小倉,2,10262502,3,クータモ,12,0,14c0fd4761ccaa7a369f855acc76de50f15a75353b49c9b211eb0f92d5c8dc15
2026-07-11,小倉,2,10262502,4,アルディメント,15,0,9244987830e27b7007b4f7521b3a4ff1ada20d13a21f215b6fc768712238314c
2026-07-11,小倉,2,10262502,5,アズライトアスール,8,0,321272e33e812c984da00a08e85f12f140ba504c4a3ee862255205ba451a92fb
2026-07-11,小倉,2,10262502,6,アスクハッピーマン,3,0,8d1bed232cc217b46577bbece9cbc752bb6383375e7ce8cac7e9e6bd1bdba658
2026-07-11,小倉,2,10262502,7,サトノグロリア,4,0,5896811375e373b388c23491349ad91eea1aeadf3e8fcc4c0f93aede59583fd4
2026-07-11,小倉,2,10262502,8,ダイメイクマモト,1,0,ca91088267b18b30ae9707f0d856a1fe1311d41ea90dfb3408d79761acb444c8
2026-07-11,小倉,2,10262502,9,マカロンブルー,2,0,a824bd89ddb3147151fd0279b3bf06352a1ac1ee49406101590bcd8be69ff737
2026-07-11,小倉,2,10262502,10,メイショウグロリア,16,0,d4a00148fcf58a4fd5eff12790aea6c5ca481de9ab0b9f96d7b280c35703ccb4
2026-07-11,小倉,2,10262502,11,ルパピヨンブラン,6,0,83003b4df95881aaf211517a684e44d904a206292bc965ced3b9fde996fae2f9
2026-07-11,小倉,2,10262502,12,マテンロウルクス,9,0,9aca83fd5e71e54a6dbb2486e356e83c4536c02911d05b50eb72aae2a1085b92
2026-07-11,小倉,2,10262502,13,プシュカル,11,0,536c7c5d6daf5379c8abcd50ab08bb4ecf9ec18ba3f34ebfe44316499066d209
2026-07-11,小倉,2,10262502,14,カツラコマチ,14,0,890ffdfdbfadda33cbd77e90626eed81c27650c649b6f98772dc97da52dfd7d8
2026-07-11,小倉,2,10262502,15,ラッキーヴォーグ,6,0,356e3cf354b9f8f1bfe092ceb48f6afd6c0a43e55f0911068eae385a75e16999
2026-07-11,小倉,2,10262502,16,ピゲ,13,0,9b7aab5fa0874ff56edf125e632af1bce02b13ae1ab88e37b8b416db5070475b
2026-07-11,小倉,3,10262503,1,ドントゥール,15,0,72ac4db71d8fa6eace19b997576dcb0b677f2ee50b22c9dcf33aa768fb2314b8
2026-07-11,小倉,3,10262503,2,ワラビガミ,17,0,3cd9f0a8a33d552cd00a7ebe16e2da4bc0b79bbd08609f5e9d47e32824062677
2026-07-11,小倉,3,10262503,3,ゴールドアベニュー,13,0,de2f5793119658e47f84bb10694492263287ff33f0280bd64fad98a9e0e0d3f6
2026-07-11,小倉,3,10262503,4,フィエールシャンテ,9,0,fa6f38c21c1fdbfad8c12a801edf09b670ec1359acd8299c9de6de538e2d3b33
2026-07-11,小倉,3,10262503,5,マスアンジュ,18,0,4e150126f6795eebb6ac7be5a70d2e325ed860a1c73faec60ac00fbde200fa78
2026-07-11,小倉,3,10262503,6,トラカイキャッスル,6,0,0d2030bb42adf0488f47d16c6382a0d6a412f6d2d87ad54b16430de3adbc1464
2026-07-11,小倉,3,10262503,7,ハナコトバ,3,0,2435b217fa7d01272a1f1b6acb9b7f7e9f9a2295ba7ae4eb9002a1fc8787ab66
2026-07-11,小倉,3,10262503,8,アメジストブリエ,14,0,47670d18b5760335bff1b3c6e6dbd62258a2b030aa7ab82079590263d7068371
2026-07-11,小倉,3,10262503,9,ベルトナリテ,8,0,04ac799009beb7f3d79d730e883ba870e799b44eb7fc8c001b17e9609eae4371
2026-07-11,小倉,3,10262503,10,フィニステーレ,1,0,20a5095f21e6b9c115c19af21bb9b023b37b064c9fdd692f8fe3246f676b21ec
2026-07-11,小倉,3,10262503,11,メイショウタカネ,16,0,4a041084d8efb995bc1c885a81d3a755f6d392c08f443bd1f6ef1cea4e93c659
2026-07-11,小倉,3,10262503,12,マコトエウロペ,12,0,6970fef1873938751febea64b35ffefcb7722a998a72871fb9c1b99871748fde
2026-07-11,小倉,3,10262503,13,メイショウバルキア,11,0,2da66c92bd326163b2a8fad51caa864be0cecc3d3fb5d730710d8bd417499891
2026-07-11,小倉,3,10262503,14,タイセイアビオン,2,0,0eff1732e400a0e21cd021faa66c185e65ea9655cf8f98d66dc7273767d2cda0
2026-07-11,小倉,3,10262503,15,ソニックブーム,10,0,7517250237a8fa12266b6fbc7935d3e7e7e1613e94bf13d9f1c4476cf5a9b0de
2026-07-11,小倉,3,10262503,16,ビシェノ,4,0,5cad1b5b36512b1be7ee7248aaba55951134bb0b368317fa5dfb95304633a9f8
2026-07-11,小倉,3,10262503,17,ワンダースアン,7,0,0010a0098a3c6c287b133342208fd6ea8c90a2e4ed157e290fd97f36b3daaa25
2026-07-11,小倉,3,10262503,18,クランズクラウン,5,0,633562c653c37060a366e9180df8c9b25bc318e8c5456429f52d96da70ac7063
2026-07-11,小倉,4,10262504,1,ワルトシュタイン,1,0,da56de862f396d28ed44d824f36e72fff3f1bf3b6534b105edb76f5a828c1e0a
2026-07-11,小倉,4,10262504,2,ジョーカー,3,0,c5b05dca6baed87e436fbcbce55405e5fc266c53e0f3df59c217da3271697ba1
2026-07-11,小倉,4,10262504,3,ベラジオヴァレル,2,0,648984a0122159bf686e5ddafff8c9298be037fccb251666a095dc468610c261
2026-07-11,小倉,4,10262504,4,ミニュイ,9,0,de63357c1dbfdc622887be201083ff6280be8013717369c8c53af441c2be21e1
2026-07-11,小倉,4,10262504,5,サンライズハリー,14,0,b2501ee8070035fa08caf3ae476f40829372be838654183983214efc308e3b52
2026-07-11,小倉,4,10262504,6,タガノランパート,7,0,949e70e225e9885b119370203253ee4c281bb0ff9849684e78eda8e3aeb2e9f7
2026-07-11,小倉,4,10262504,7,ゴールデンドラゴン,4,0,7550ed6eeeb9c5e371d976112b534fdb37eadf479ffd7816906b7992bfbd071b
2026-07-11,小倉,4,10262504,8,ラッキーダイヤ,11,0,c66573e072e710bf002c567470c2f461f00289d6f34402e4833ed30ca71e4145
2026-07-11,小倉,4,10262504,9,スナークホクサイ,12,0,822b3671e15786365a0807fc49ffb8a5d2daceb9df16863ca9c52acb66007b73
2026-07-11,小倉,4,10262504,10,カフジミモレット,15,0,4cfe5b4d5b4ae1a966680e4e33b230f512617fc7df42253fb700d64e7c742dea
2026-07-11,小倉,4,10262504,11,ウォーターコトノハ,13,0,4c64d9b2b0155d7b724d0bcb9bb49a076a832e149696acb5ee32668434380997
2026-07-11,小倉,4,10262504,12,アメリカンサクラ,10,0,844834b6f5bca058326f11d18e4b69464420b6e6f4e0a309684a1851f4c461b3
2026-07-11,小倉,4,10262504,13,ショールミーズ,16,0,040773cd56cd2603dcc14dbe71680c3bc4711e375bba6d8aa471d3837a2df00e
2026-07-11,小倉,4,10262504,14,アンリミテッド,8,0,80a5cfca42dfa147e7a01256437061c68e9a56c4eecc4774c625b6e0e34e444c
2026-07-11,小倉,4,10262504,15,セイウンダイフク,6,0,07f54db3b87eb05aa84030c11d2d6e9178946b251bb0b346dce067f72de6a8a3
2026-07-11,小倉,4,10262504,16,メイショウマグナ,5,0,5de629f53ac03af19439678dea260f9624e3d0a5f2762d1c4048f33976235caa
2026-07-11,小倉,5,10262505,1,フランソワーズ,1,0,a12adc8c49f11af7cead6fa2af016850813d6683f3e217b33dcc430f4d2fe728
2026-07-11,小倉,5,10262505,2,ジーティーマローネ,6,0,36e65a3f2365c523838bf10640235897fb2257761e502f8caf582506a18fea9c
2026-07-11,小倉,5,10262505,3,ヴォルテックス,9,0,df092a68c7dc63ba625dd09beef6770863ede5b9ef1e8b661d329093c7a5d209
2026-07-11,小倉,5,10262505,4,ティエルニート,12,0,0fcecf78622ddc346274e6b3f4356ca2a31425d2fa6d874b4ce04aba82ba0288
2026-07-11,小倉,5,10262505,5,イテルム,2,0,2d021cfc9205b3333dbb373aa966b6228555267cd05a274bd9fcda1d3ac63686
2026-07-11,小倉,5,10262505,6,ハルカカナタ,7,0,bee71ccd0b435d941ff0adf00d42ffbdd1b71901b37b2134425b48b7fe486f17
2026-07-11,小倉,5,10262505,7,ルクスグレイス,11,0,1307e4a235b0f6570c827cce17ddac2a80e0143a90038fdba9519b7d4a1b4ea9
2026-07-11,小倉,5,10262505,8,ダヌラーサナ,10,0,3cb4253aa7ad91fb4289ea5c5a0bbda33b847767c8ea4314ec90242fcd1c4796
2026-07-11,小倉,5,10262505,9,アイオリスパルス,3,0,91d987db50045d7c714299af9fd668465e8947a8b61948c19db0d2a95d66e81f
2026-07-11,小倉,5,10262505,10,クラリスバローズ,4,0,85af19af040d93fb082722553d471c669a617cd66986226b1296224ce0818d3f
2026-07-11,小倉,5,10262505,11,ココフルール,8,0,5297bd1a4cb959919cab6f266bbf92e006f62d957d2b22f74e37ef424de3bdb3
2026-07-11,小倉,5,10262505,12,フラッシングルビー,5,0,d6815666d1daee92f6b2b4df15144072f0d97f2993f8a0ce8fbd177c13297630
2026-07-11,小倉,6,10262506,1,ヒッグスボソン,3,0,2ed0e7892e8d5aa6cdf3f17d6fd2276c12c58b4b7b962c21ed3a4783d6d681bc
2026-07-11,小倉,6,10262506,2,ビサイレント,15,0,3aecfdaa373be89f0b32be7838959e625d831dd006f82044ae2e115cd1b7a57e
2026-07-11,小倉,6,10262506,3,ヒャクギマル,12,0,e22a3f0779031a977d75a8f17052d5cab69f2f7fd356d0c32317d82136396574
2026-07-11,小倉,6,10262506,4,リメンバーシドニー,18,0,0222971571157a4617bf09ee278bc886dc3cbb33cd935ebb50b46705c85f1f2c
2026-07-11,小倉,6,10262506,5,リントゥラウル,11,0,67b60f8ccaec6ab391a77f3714f486c7217ed46f792d986044aa907eda48f2a9
2026-07-11,小倉,6,10262506,6,スターアスコット,5,0,53424775f8139624a89029781c2b599fd55fcee1a3dd13e439c722bf95483f45
2026-07-11,小倉,6,10262506,7,メテオロイド,3,0,1b9164b9e6570a9ec97c75581cd444ac8481618fcc0454f4169a73084c5cebcb
2026-07-11,小倉,6,10262506,8,ディオレガーロ,9,0,c02c5819e3b25b91d12bb99ebcd74fc4ba6dd25740ab490efac96b78ab0b639b
2026-07-11,小倉,6,10262506,9,メイショウトッド,14,0,f568d377887b18bac4be56c6663ed01e255e6a487a8f9a8b023e9b879cb06825
2026-07-11,小倉,6,10262506,10,フーガカンタービレ,17,0,ccf2366607ade2464d5d79231c570301135b59788b560e67522e8a45002b79e4
2026-07-11,小倉,6,10262506,11,ヴェネラブル,8,0,00357d820138626e62d10b654843699108c72cae95786043aa78a12c3e239847
2026-07-11,小倉,6,10262506,12,レジーナテンペスタ,7,0,2cb73bd96637a238f8f7d1cb83c0c69a837cc4a22a84b234c632bbc77c2cca5a
2026-07-11,小倉,6,10262506,13,ウェイヨー,13,0,15d0e81295563291782ad6251fce6352b0b6e299475bbc8ab26fbef4f36a894f
2026-07-11,小倉,6,10262506,14,アクアホワイト,16,0,6ac9026626071cb6805a20fc4263bd697f4eeacec13b214a2c7a3f0a613c6f25
2026-07-11,小倉,6,10262506,15,ダイメイプリンス,10,0,85ebe23814504b15c1194df2a424a6bf0189625a7b506749b770f7f41481a446
2026-07-11,小倉,6,10262506,16,リヴァイ,1,0,519391835b6b516ed41d80fa9b0775a3203b1a170e6d633d3a71cae45ded7071
2026-07-11,小倉,6,10262506,17,チュウワメロディー,2,0,16a10b370d3e2a3b165f0cef4bb16bae88e10d80ff52b43f72aebdd68f4885b3
2026-07-11,小倉,6,10262506,18,オースミサイファー,6,0,f1aa61f4bcae1bb524789c993783de4bfceafac27fedad8ef71e93906c0df1de
2026-07-11,小倉,7,10262507,1,ハレアカラフラ,3,0,7a8125aa802e873d3c929599ddcf45f670b8e0badd63fb95e2296c17d44909a0
2026-07-11,小倉,7,10262507,2,トラストエムシー,8,0,8477302d07a903836484ce426600cccd2ee1489220d3316688b169054b562a6c
2026-07-11,小倉,7,10262507,3,トップオブザライン,12,0,92489e70d8a574233a5a3bcda6be015070e71eee7b32d0742641c02e74b94565
2026-07-11,小倉,7,10262507,4,カラペルソナ,6,0,e01ca4f352c494a9fc1a1a24057bb944f8fd7a822a9caf6353ac4b1ada5e0075
2026-07-11,小倉,7,10262507,5,エイシンビーコン,2,0,563c8d84634d0443b712aecfb675426b7ab1217107b72d1233b94ce43681aa86
2026-07-11,小倉,7,10262507,6,カレントゥルーシー,1,0,d43dde5ea69cfde4a5fee2dee78740f374303f6007e0391b6fd966450e8ecf37
2026-07-11,小倉,7,10262507,7,トモジャプレジール,9,0,443cab3a6102b2890a48678258cba97c2bf2164a205713af7d87009c11f1241e
2026-07-11,小倉,7,10262507,8,ルートサーティーン,10,0,66869f2bb3dbfdf2dcc3ae7fda109d5a423d3f3d82ff613be38ce15606635ff0
2026-07-11,小倉,7,10262507,9,メイショウアボット,7,0,787d65ba27d3dd57dde1c9f1aa097a355fc5c94e37d12e86f54e0f0551580136
2026-07-11,小倉,7,10262507,10,ウインラウダ,4,0,a93ffa7583f06b8bff8c14c421ea78ac69d38bfcf803436e617a005796e301ff
2026-07-11,小倉,7,10262507,11,サントルドパリ,11,0,8c833794ef41af9e1ae6e85c0094f514e0f3eaa6f53e6e12cc3d4ad6e2573ab7
2026-07-11,小倉,7,10262507,12,ゼットエイト,5,0,01ed8756acbdc2e661d64fe0927a306d56d51f6ff7b6693ed882a926e33f0895
2026-07-11,小倉,8,10262508,1,オブシディアーナ,4,0,4b841e65fe5f80d52645b3b397d0b12610142bd18f752e36757adaeef39dabdd
2026-07-11,小倉,8,10262508,2,フェミナンジェンヌ,10,0,b71a6c587846c202e2809ef3b806106fe7304f301dd31ed8e878ae5b50f5a5a7
2026-07-11,小倉,8,10262508,3,ジョアン,5,0,17aed0584748b4fae2f5ac4a1ec9269e0f39dbe8b41c0f35202f744043dd93d5
2026-07-11,小倉,8,10262508,4,オヤツノジカン,3,0,13246bf612c5f8d68663ae15755905c41d7f37a5cbb67752d88f0acc8500218e
2026-07-11,小倉,8,10262508,5,エイコーンドリーム,5,0,7622d586689187bbd4375715938f0a825304dd612054ffe79cd113850b0a0c96
2026-07-11,小倉,8,10262508,6,オーケーエンジェル,11,0,ee564c2ef596585ec1090ee61018d5c7b3a3f2accc0f7100b45be01a1f5078c1
2026-07-11,小倉,8,10262508,7,ラグナトーレ,8,0,0e3fb7e3adb16f3cbac9e60b651afcf5ffd9d13bd1efd4726dc525cb81e19c90
2026-07-11,小倉,8,10262508,8,アンリーベイビー,2,0,af91901bd63c0121038659c10e411825ffd8647b209240d58521d558a2be6ca2
2026-07-11,小倉,8,10262508,9,ベルメサイア,9,0,fdae9c71c9cde91c916b90248262b87bab1475f6974aeef4bbdbd7a67fa64bd6
2026-07-11,小倉,8,10262508,10,マヴィ,1,0,703d71a99be3b8add6cdb800c1d73dfb34a26c0e30145a2407ce8c2df22dbfee
2026-07-11,小倉,8,10262508,11,シエーナカラー,7,0,d0844ab3a8b3593e7d25cc4b437babdb22e2cec66031138bd4af58401785bd00
2026-07-11,小倉,9,10262509,1,ダノンアンチュラス,9,0,6f802ba0be02b2384e7514c6a69b85f56ba5c49cd4c6f49f050141698e6d4de1
2026-07-11,小倉,9,10262509,2,ヴェストラン,11,0,177c7e7c47dc1db2db8a7ba85bed789331f564a04a36492e60a51b21efffd1d5
2026-07-11,小倉,9,10262509,3,ウインリュクス,2,0,93531dfb03264587df877d6c8607fe751128c488441c88740b511e3b5a3d62e8
2026-07-11,小倉,9,10262509,4,カレンラップスター,1,0,597f7151e35ea500d658c74ef777d540a10b31a486862436c88443c8a53c1772
2026-07-11,小倉,9,10262509,5,バリオス,10,0,a54f6ccc492c9accc8fa6feef22dc9db64b59c6b2829e9a14e9d79cb81f33ea2
2026-07-11,小倉,9,10262509,6,ジュンライデン,4,0,a653c3f2276d33a2df7d49930a42cb90e3a3cc90b1ebb10c68938ac33e87673c
2026-07-11,小倉,9,10262509,7,フリーガー,6,0,20b256bf1d61881884e833151744b53b4ad03084aefae8d02ac93ab19cff8ae2
2026-07-11,小倉,9,10262509,8,ミッドタウンナイト,5,0,88a266a60a7c3cdeea95111a8f05a122ecb8dda13512dded9b000534d573e91b
2026-07-11,小倉,9,10262509,9,ダノンテムズ,7,0,6510ac6bdbec89b3e5766a93f910f238df58ba887992f417cfc5265486173521
2026-07-11,小倉,9,10262509,10,レッドヴァリアート,3,0,cd22f99c86096c97ae113360b3b4998b8b1866f0fab1968c7530826f4d2dcf45
2026-07-11,小倉,9,10262509,11,タガノアルトゥーラ,8,0,548bc5af3c677eff3187a20e250446e501997caed3a16c85f08ef7dbe4f43eab
2026-07-11,小倉,10,10262510,1,オオナミコナミ,4,0,9881d58c9240d6ff53211bfb12d84289920aeb386564d9f1459c094a4c63ab31
2026-07-11,小倉,10,10262510,2,ユメシバイ,18,0,1b9608463472d88436bed6278cb716bef4bfffbba337213db5a783d9bf44f55d
2026-07-11,小倉,10,10262510,3,ミキノバカラ,2,0,eaff34b79d2cc29214d9cb24bf861d258d892416c2ee90846b3dda414f6a3e12
2026-07-11,小倉,10,10262510,4,ニホンピロトッティ,10,0,f162f4f0ee5eb7d1ac6775922c127a955017a678eddac34578517ddba1cef2c9
2026-07-11,小倉,10,10262510,5,メローネ,12,0,cb4330cc5e882b526dfff469bea669e08f83c71482134364067a1b75ee18c813
2026-07-11,小倉,10,10262510,6,ホーリーブラッサム,15,0,c0f034c7caf5efbec1deec7527dd104ecca09989a3a360f98d5583557762ca20
2026-07-11,小倉,10,10262510,7,ルージュサウダージ,14,0,198563999f219c4495d7e307c7ebeaeca2985f88057849a4f5d787764852a839
2026-07-11,小倉,10,10262510,8,フォティック,16,0,ac51e51110c5e979c049d88b175c54486986477ea421059b0c403b1721936a91
2026-07-11,小倉,10,10262510,9,サンライズプルート,7,0,4e42dfce59d60f557dc58f7a66362857e82940596b33990078d7c0bdd543784f
2026-07-11,小倉,10,10262510,10,ファイツオン,17,0,43d06e65815ccd27e98d5321fcd4e9c1713ae12ae23296119a0fd8e2c931153b
2026-07-11,小倉,10,10262510,11,スネーフリンガ,5,0,071b7204f4ae05bcbe0c9a97b95130536124fa0c417eae937e9e1705c14e4bcf
2026-07-11,小倉,10,10262510,12,ライクアフラワー,6,0,7941be2624af08aedcc954e819bd8e25f2c7ed0a4e5a4b649d54174964b19a6b
2026-07-11,小倉,10,10262510,13,ブルボンクイーン,13,0,ffa605d169bb35a69a3f6dbecfe3ce646396136a8e1212cff303cfbb99576bee
2026-07-11,小倉,10,10262510,14,インブロリオ,1,0,8dae0cdde949995860ba640730596da074acbca78afbf0591d746e0c89049562
2026-07-11,小倉,10,10262510,15,シュブロンレーヴル,8,0,9b48eebc90112d366f9aa5ab17bc6fbef58d68f83333e6b1ea0937624ef69a5a
2026-07-11,小倉,10,10262510,16,サディーク,3,0,fd8e8d242b94b28eb727f3d65bbd026b75a34677cff953800f1f5151b3db87dc
2026-07-11,小倉,10,10262510,17,タナスーペルノーバ,9,0,db2aca357d6371e352999ac515dbecbd7443e0895cf6be1ae14070b06b501f0e
2026-07-11,小倉,10,10262510,18,ハルオーブ,11,0,52c3ef22381ec6e514c193848f59079189c56fd3dcc69464281164468f13e0c6
2026-07-11,小倉,11,10262511,1,スノーサイレンス,2,0,a72b5990a11e77e0ae0d1f760a82f2af4b6d62199beffc62d71e50496ac11e7d
2026-07-11,小倉,11,10262511,2,クーデール,8,0,78e08fe0242edf8685e515088056e36513eff31d63fec82d89021fc39c5b21c2
2026-07-11,小倉,11,10262511,3,イマージョン,7,0,476b1b9d66c51530d036c494406fc4886a94d41e7778c04270049f2387ad381b
2026-07-11,小倉,11,10262511,4,メイショウキルギス,5,0,49c11eaa43125b9ceab28290f16728c1d00c7919613e12d24512d348642d6f6a
2026-07-11,小倉,11,10262511,5,ベルギューン,1,0,b5529d588457e5b33457bac62c0d92327787c645c45e0e89e32b04e7554e82b2
2026-07-11,小倉,11,10262511,6,ペイシャヴァルツー,10,0,303cd73665873daf06ed27bd00185314146a3a2600694e693e9533c4d6e6cba8
2026-07-11,小倉,11,10262511,7,ヴェロクオーレ,3,0,6f0445c44402038572bd6fefd80f7ddc3a051d824f0832cd360cd80645f3e620
2026-07-11,小倉,11,10262511,8,アメリカンビキニ,11,0,31fdd2e54d3bbabac6c9c91bf7d6f4148beaab1ea99b40ba8a7d4909994346fa
2026-07-11,小倉,11,10262511,9,ポッドソル,9,0,d8476e86504db58ef06e462be92ba5eb79dc7716cab80a0ea762dffa69afaea3
2026-07-11,小倉,11,10262511,10,ジャーヴィス,4,0,910730b951519d8b05d53cf01841ea1eac1bcdee6f24b7b4efdceefe1dc7fb5a
2026-07-11,小倉,11,10262511,11,ハヤテノツバサ,6,0,5b59dd3600c54930796650fa70f59b38cc22d7ff5ccd037b177909927b3bfec7
2026-07-11,小倉,12,10262512,1,タイガーロード,8,0,72cb57086bf87e02ecd1951f1e4366f7fe4f53c4fc8f45acffe5f1c35e37f257
2026-07-11,小倉,12,10262512,2,ダイアナクイーン,2,0,f2c0c8846e46ff602edf310d2596f2c1e94d187dd48adecaf46e3e2228ec8d3d
2026-07-11,小倉,12,10262512,3,ペルフェツィオーネ,9,0,4088422baa90e2d1b72f59ee1457ad98ecbbe58c728dcc9c6a0ee608d9503a35
2026-07-11,小倉,12,10262512,4,ジャンヌローサ,6,0,b6ff914b2af512bbb40f7aafa4a1a9a23dfa143f3579a611ce7871d6a60f290a
2026-07-11,小倉,12,10262512,5,ミトノリン,10,0,136e304c1181de12f43827784fcbb1c469e21927197d15a0ba125dd599148494
2026-07-11,小倉,12,10262512,6,ムーンリットアイル,4,0,3466947633356bf9a9b37bc9f08ee87e4ae7137b96369683d63d0054333dd7a8
2026-07-11,小倉,12,10262512,7,レインオンミー,5,0,bee0bc3772073a1324b7b0854c11a8c21630f3c3c5d3265f7639dbc31ebe4951
2026-07-11,小倉,12,10262512,8,ネネキリマル,13,0,6d77c7cbdbe8124c3c8f036efa77113d27d138fbdeed17c37a9bd826ba50e803
2026-07-11,小倉,12,10262512,9,メイショウハボマイ,11,0,9c08fa6c5f9a7c0074ba3a5795d5490d219359ee7503387e55f07275d32e9fac
2026-07-11,小倉,12,10262512,10,シヴァールバーニ,14,0,ce83fe5251c01a7b77d66cf937c5df1f8d2938cfb60fc7a2067020a9a1d83945
2026-07-11,小倉,12,10262512,11,ダノンプリマ,1,0,6bf6ef14e7fcfc24e95f7e4fa0b87d6145ea326beab0a0c2103489a8b87cdb71
2026-07-11,小倉,12,10262512,12,アスクザアメリカン,15,0,ac0d40a184d954be713229631906889c438bcfeb16bd1dd4dab298ff12c63a1b
2026-07-11,小倉,12,10262512,13,テーオーミリカン,16,0,a4c9bb9d753676680ba11e0bce7f2a5c03852b8d43cee87b0857b4346ceceaef
2026-07-11,小倉,12,10262512,14,マーシーラン,7,0,e734039ce95f89b33ce79fa776962195f9cab1f14c324c6a8b884424776fed65
2026-07-11,小倉,12,10262512,15,パレットフレイバー,12,0,c4cea7fa87746e07dcbb6ca5d3f629d19ed16d60091ddb88a25b2e584900a712
2026-07-11,小倉,12,10262512,16,セクシーマージュ,3,0,fbaeb88000b447d3948d1d9e26283826d9d81a8e7365d88c23b77a5ddd67a921
2026-07-12,函館,1,02261a01,1,ニシノギャルズ,6,0,599fd6b3eb724215ca92e225a72ab3121acb95b0a35f94274087d07d0099802a
2026-07-12,函館,1,02261a01,2,クリコイーコ,7,0,30ec5b9cb0bba10fbf6f98b9b06dc97600647a437b425862be97902d6dff5cc5
2026-07-12,函館,1,02261a01,3,トリアングルレディ,8,0,8881d6b04b8cd5fb8c0e5c607efc721181f03ba1683d466c065e8e556ad36cd4
2026-07-12,函館,1,02261a01,4,ビタミンドロップ,1,0,6b1f1751fdb69296d5a1826d0ed0bfe8ff6fac4cb7715593db35f2c3db737cdf
2026-07-12,函館,1,02261a01,5,ヒューザー,5,0,600fed43b714effd9ca03aa195d3ff556ae71949422450751bb39524bed17f54
2026-07-12,函館,1,02261a01,6,スイーヴル,2,0,97f25c258c957971f84d8ad9d00918cffa0a1c27a633d9c61c44db85eaba0c88
2026-07-12,函館,1,02261a01,7,マーゴットオネイロ,4,0,695c9ebd04c054ce127f77962d579adcbdf1586023562bcde068e60af7c47b36
2026-07-12,函館,1,02261a01,8,アジーザム,10,0,ff26ebcd2169a4774c65fee036f506a0143daf59ca2c25e06ea882aa1b7c19b4
2026-07-12,函館,1,02261a01,9,ホワイトラバーズ,9,0,dd073de755715d44bc7d29f2547c1ed1c1816f103950c8bc87b400aeac2a7d0d
2026-07-12,函館,1,02261a01,10,スプリングドリーム,12,0,9da9837a99a16a6f8ab7b16420069d5f375fa724d315eda3126c926d05a7e1ca
2026-07-12,函館,1,02261a01,11,ホウオウワイズ,11,0,2330b934293c3a552073d28ecb96e6d309e66b56d6629ba7cadbe0054d7ed33a
2026-07-12,函館,1,02261a01,12,サンライズロイ,3,0,c32aafeae9d274e37b21e7b09ccc332f6c3dbfd0bec6c2fd152ed816eccfd536
2026-07-12,函館,2,02261a02,1,フィエスタ,7,0,7a8f56f1d7b85c624bf3107c3fa0c81b85bcb74fc7ecf8a70694a2ea30565d74
2026-07-12,函館,2,02261a02,2,ボーントゥラブユー,12,0,2658d12f8523c8bd4114f48a5193aff221c03459db5501bc8d2e18f998ab85f2
2026-07-12,函館,2,02261a02,3,ダンツアラーム,8,0,3f3d13ea52119bf7e7fdae5cf7c3fb4d8ffc677cab0615b9314623e1f9090640
2026-07-12,函館,2,02261a02,4,スリールーディカ,4,0,b0a19fb03d06c251ed7f3cbcc88c3d3760fa192775560e963e56aa57bb411065
2026-07-12,函館,2,02261a02,5,ビアーレ,11,0,bed696d890454cd5ddc102738b831bf8fd4dbddae7bbbab0aea967ad5fced625
2026-07-12,函館,2,02261a02,6,プリュイドール,3,0,c16cd4e4f58ebe399becf098b44c358d963a8f0c02750e74a01ebfb7d40cd91a
2026-07-12,函館,2,02261a02,7,ベネディクション,1,0,1cf90084aa01b9794af23bf64eb88dca906c59a4c54a5eb24363d95e7be5b0d1
2026-07-12,函館,2,02261a02,8,アルケミラモリス,6,0,1ee20aca599ade112e8049ea94b097cba485dc9aa82802511141e3ff1408049d
2026-07-12,函館,2,02261a02,9,エアヴァイブス,5,0,e46bcf17ef0589b013d1b88d6e7af05a8f3f1fa5bbad973e365b5564d8db1a87
2026-07-12,函館,2,02261a02,10,アーミル,13,0,58a10d512d9ca81113dd1a5820a42a075de15a91f5da903fb2d1d5615ff6e3f3
2026-07-12,函館,2,02261a02,11,サウンドファミリエ,2,0,a99628299ee2444dbee35b08047bca9b89968d2a2744a20bdc90207896aa71c8
2026-07-12,函館,2,02261a02,12,ワンダージェム,10,0,e8ed1fb279f0f15ce53b84992e28556a24da6f5c64bd99bba4476153663ecfb2
2026-07-12,函館,2,02261a02,13,ヴィンテール,9,0,1b32b7c30a0a2cdab879a948b677f7de9a5aaa9b6ba86c396e5bbe5ffd0dfbfe
2026-07-12,函館,3,02261a03,1,ファントムグレース,11,0,0488b148becbd6fac756b58488dd21a98f8c0ae971a3b97913b1fa5262a7643c
2026-07-12,函館,3,02261a03,2,サクセスゴールド,5,0,bae50b0d7a3e431757978b3f3bb5c06a48164a1232c9ea648be9e3a64f7bcbc8
2026-07-12,函館,3,02261a03,3,コーリンクレア,7,0,d1ad7f02751b4309a25991094d5e93fae70582828d4a75a6fb92a8601d29a52b
2026-07-12,函館,3,02261a03,4,ジャストアダッシュ,10,0,242fab76939e9d70940ce53197551fcbb7724fae337b411da0b484c8c4bcfffb
2026-07-12,函館,3,02261a03,5,セラサイト,3,0,5892ae0c85aab4c8d6c4a940b73dc273355ddeca1c454f46ee148724a6afd74c
2026-07-12,函館,3,02261a03,6,ゴーントゥファー,13,0,5d41657c502ce8567c6ffe5afef02f7c87569dbb0976fb21acb131f5d1ba515c
2026-07-12,函館,3,02261a03,7,ロスニーニョス,8,0,a0eb6f837e5cdbb46c15ced21193160a3a79d07e10105eea55eb3fa49d8ae6a5
2026-07-12,函館,3,02261a03,8,ハイテイラオユエ,2,0,726ce64ae937ee69622512e632c6f5c82520ad83d67fccd145f64afd11826b2c
2026-07-12,函館,3,02261a03,9,エクラドット,4,0,a6f662d11e5f700fcefa74dd0ecf297a85c6524b68d1710d3eb30e6415d4ff39
2026-07-12,函館,3,02261a03,10,ホウオウロレンシア,12,0,20888a7c117d69b9ff5ed17b0094496d7554cc8638157c4f72c6bc5df53d5c8c
2026-07-12,函館,3,02261a03,11,コサージュ,14,0,80dde389a1045c2240bbdd79d4346e8ef28174cff3c3bdba7ff15acfa83ef670
2026-07-12,函館,3,02261a03,12,ビンバラ,1,0,3dab5d267f6b752e7008be8089977d37b34fca4b6d19cad8328d14b8d6954c8f
2026-07-12,函館,3,02261a03,13,アドバンスジェンヌ,9,0,8cfa739f5d2667a7a326268c08f32c222c6923e7631c1d9db3f1e8161bd7c2d6
2026-07-12,函館,3,02261a03,14,スリーケイ,6,0,eccf3553dd4a06bb0e23988c33f960606d8a33838830fe85d8655913cc1b0b6d
2026-07-12,函館,4,02261a04,1,ミカレオス,5,0,c3bd8f597c106ca0cced38b04675bed68b7857332ca5938ac8558758d33cb1d4
2026-07-12,函館,4,02261a04,2,ダイナソーコー,4,0,3bf63dff16457a6c313e014464f29c129a7904fa2b26b26399fe3967984cddf4
2026-07-12,函館,4,02261a04,3,ラッキーシグネチャ,2,0,28f4d26b60317922d67bff1a93f8b6c3e695dbdb88b9fc930c7045e5551ca738
2026-07-12,函館,4,02261a04,4,タケルフォーカス,1,0,997467f61e3e600ff8299fe0734577cd7f6372c93285a8954555315777f22ed1
2026-07-12,函館,4,02261a04,5,ウインブリザード,7,0,2a4cc942c81599ba509f94ed3b5861abc0897c60b6a99cd2dd5d8b4b56d34a5e
2026-07-12,函館,4,02261a04,6,マジックファイヤー,11,0,42f1223172fe114e762d416ca8c13561d9170df718e451611a557dd075627484
2026-07-12,函館,4,02261a04,7,ブリックアブラック,3,0,dcd807aedce593b3abd567f2f2ce455b365234b76224cc15d588f02fc0199266
2026-07-12,函館,4,02261a04,8,レジーナレガリア,10,0,ffe8897b9ccbdc867664a0cd8ce04e79418faa435e63d2bdd37737c4b5ae04dc
2026-07-12,函館,4,02261a04,9,レフィノス,13,0,a68f8861e65aacb52b245a2520b9d02384d5bbd434dbe98d14362d84f8d1e936
2026-07-12,函館,4,02261a04,10,モヴシエラ,15,0,2a7fc9f16a881ee39042730d734e06879d18855a0d37743bc897533d65614af7
2026-07-12,函館,4,02261a04,11,アグアフレスカ,6,0,7b2cc1f865ef8b7a46c36b03abca767df032552f5b15d21243d339d4228dafa6
2026-07-12,函館,4,02261a04,12,デイズインザサン,8,0,95cd06013409a9cb58a7ef1a21ccc59e493c763753ed06b9bc5579766188fb33
2026-07-12,函館,4,02261a04,13,ヴィラジョヴィス,14,0,92fcd3ffbd3f28c2f482b058c45f3c456084d5d7db8b30af450e5f47f9898fd3
2026-07-12,函館,4,02261a04,14,ダディーズソード,16,0,74118bee87986bf45d2cda28c5dbef934d49fea2d7664c654236d21e69e6b0e7
2026-07-12,函館,4,02261a04,15,ハルノアメ,9,0,7a8c44e8337e78b76e67ed989763642717774c4616a379449b74e2e71b7662f5
2026-07-12,函館,4,02261a04,16,テンバコウクウ,12,0,2b92b9038f446cdb2fc8c1574f4e93168e924a42a3fa4c8154edbf98c4f60aae
2026-07-12,函館,5,02261a05,1,ジオ,7,0,863761015da19be0a275f174612cb0a1b14f6081eea823b58081c47058adf31b
2026-07-12,函館,5,02261a05,2,トルネードサンダー,5,0,fb0b2382c64b3fe0403b2528c4a54eeff0210a0b6a543b9f6060df4bde983ac9
2026-07-12,函館,5,02261a05,3,リラカリス,10,0,e9c35299906979c762a2e2cb933479be6a22ae594a40716c0b9b94651b5b2d2c
2026-07-12,函館,5,02261a05,4,デアグランツ,1,0,70cd80a2f2878f13f12cd3b145baca84d8b633772d44320c595b1ec6c55badc2
2026-07-12,函館,5,02261a05,5,イッペイ,2,0,0e7cc909abfa760da24c3ed2f2e82de30e00032bbda3689e14d8084fb11b23e7
2026-07-12,函館,5,02261a05,6,アオイノリプー,3,0,fff021713929cc54f0d4664a71da12ebeb05f895e98701ff31e869bd66191a1e
2026-07-12,函館,5,02261a05,7,アルデシンザン,9,0,2373e3d67beafdfbc08bc611915e127eaa94b7d74b901f10bc2ac28f0414404b
2026-07-12,函館,5,02261a05,8,ニーナラルゴ,4,0,ddfed3cdd168ae0578193f16cb42b5b994c0ee0ff0bf6204f0f7aef821c7a371
2026-07-12,函館,5,02261a05,9,トムクリオーザ,8,0,fc60a728f2c64a8545749c1399585eb6cba2826ef81b474e0a7155b985e4ebb0
2026-07-12,函館,5,02261a05,10,ブラッグス,6,0,9cb23e5a2373e2cebe41f344640c9443350d7a763d81b4ee209d18f1689a81e5
2026-07-12,函館,6,02261a06,1,ミルトメロディー,1,0,718016e1a4031a3ed9dbb985eb70f091158562c73aec04153d2f1ad021b77fd2
2026-07-12,函館,6,02261a06,2,サトノフレイ,2,0,1c716d9aac1b4c3c76efa55680cbfc5db3da9c7c2c04ea22b6dd2223a977dcb8
2026-07-12,函館,6,02261a06,3,ミレニアルピンク,3,0,9cd54232f9729dcf04269c251f2f74c69c446b7a27ab889a8aa495c82b5a4df4
2026-07-12,函館,6,02261a06,4,ビップジョワ,5,0,62ac3da2cf85b9c36955720c7928bf002ad6437fd5dfbc311c63fb902ea5a00c
2026-07-12,函館,6,02261a06,5,ドラリズム,7,0,f7781694c48310bae4ca155d0022793c683ec920562f437466820180bec67997
2026-07-12,函館,6,02261a06,6,ハナイロマヒナ,16,0,a4506c00be2e4e3fd07671ba2cc13180dfd72dc912c482ad8c3de159a7e1a942
2026-07-12,函館,6,02261a06,7,フォークスアップ,10,0,8d16bdf0f2f5617f94a3af2ddf066059bce9298d2dce6507021973e1bfe8d257
2026-07-12,函館,6,02261a06,8,フォルストランキル,13,0,00bbd97dfc86e0bc96ac1d6ec9b13b4fd97d6adb1f21d2135044ce4d924b3b6e
2026-07-12,函館,6,02261a06,9,ワイドアルバ,12,0,edb2d8cbc8c05aa5e589a798b1819ea70df56a6a239361f38cabcc67d1f701cc
2026-07-12,函館,6,02261a06,10,ネオシューマン,11,0,ab5f7d75f2aad149b14918d64f05291bae7965b3d98658d290320baa95dd8b74
2026-07-12,函館,6,02261a06,11,ソルトバーン,6,0,876d2dbca6daeb056d4fdbb39f40bbe18958da9fc263d2b9479c6e0ba12cddf4
2026-07-12,函館,6,02261a06,12,マティンデ,9,0,86b8594c8a66941eb90565c4e876f444a17cca39092ebc17f04dd5cb3930f839
2026-07-12,函館,6,02261a06,13,ハネマン,15,0,f6a81c303d7807184bd1a5d70e78aa3343e24aa93157737269544c1a58a21978
2026-07-12,函館,6,02261a06,14,ルージュフィーリア,4,0,8d71249a78182c2363c7f647e633152ab92a653548eb39daf89ffb1590938d9d
2026-07-12,函館,6,02261a06,15,ノーブルマドンナ,14,0,c091822297e86061edbaeb4873a8387cebe56e8daa2f27a880d121667e3b8903
2026-07-12,函館,6,02261a06,16,ルーチェコメット,8,0,56498ce0d1e0f4d55f1fce19c7ac031dfee1455f1a2de1607739c171e5dcd16f
2026-07-12,函館,7,02261a07,1,バシリス,8,0,97d129f7393ef370f46b18109b0fb0e9bce727d7abdda7644281c177d460fbbb
2026-07-12,函館,7,02261a07,2,デルマサクラサク,2,0,2964b8c5b5a9ea2b25f96868fb5022b0bc8381dcc656b7fecea05a3b2163e381
2026-07-12,函館,7,02261a07,3,ウィンターガーデン,4,0,32d1c0e2a5dd708f3f21114cd2ae64063f5efe802c0afc9bc2852fea49f652fc
2026-07-12,函館,7,02261a07,4,リピース,3,0,08c6bdecba9c1a6c4d9aae31ca6ddec3c376c133340bd0cb05f9039a0b29df72
2026-07-12,函館,7,02261a07,5,マリブサーフ,6,0,f62bb4df36cef6bf9f38197e50ec7c506852fe8119c5d280206ea7c1f17eefb2
2026-07-12,函館,7,02261a07,6,サウンドルーチェ,5,0,56225c1ca2663227f26dff0f0b1d7555a2f49411170b31663725f5218d6489ac
2026-07-12,函館,7,02261a07,7,アリストクラシア,7,0,ef2527b30c47f28d472f5304559d742c117220bb5eb62ebb02e2d4af60767f93
2026-07-12,函館,7,02261a07,8,コイタマチャン,9,0,5ea9889a488ff71cfaad27169048ed33f6fbe4705e6a1044ae91d5e8e679fefd
2026-07-12,函館,7,02261a07,9,ヒミノエトワール,1,0,93140ea155a78af4e23f91d95554f7759a26de41495038a144ddda26edc87db4
2026-07-12,函館,8,02261a08,1,ブレイクザアイス,7,0,9d6cb08973d475ad6954bfa89c1480a5a4c44bccc23658d5f4bb38af93fbf764
2026-07-12,函館,8,02261a08,2,シャローファースト,1,0,e5122f74570d6cb46cee66999668ef1fece36eb1fb78be9763b90a59035b720a
2026-07-12,函館,8,02261a08,3,シドニーホバート,9,0,9ac3941a7fa749f38af0fdcd2ddffb8074689fdb1f81361e9617bab12a5a5ce4
2026-07-12,函館,8,02261a08,4,ディースプレマシー,10,0,7c6bf032dabdead16eeb56a3448d61c6b04ec3db21dc8cbe59d3643e1cf8a917
2026-07-12,函館,8,02261a08,5,シーリュウシー,6,0,c19943aefd61883c9fe6b1136cdd530f626d929f886612c27edebb55969508cc
2026-07-12,函館,8,02261a08,6,カージオイド,8,0,a9f1029c7125ada1fa9e26cefb2d3941a29fd1e465d76e6b79d6c921b6f6dfff
2026-07-12,函館,8,02261a08,7,ステイアンビシャス,4,0,944459bfcbaddeeceec6fd9181b1432cfcebcb2987c56c8a9154bc0ab2047506
2026-07-12,函館,8,02261a08,8,ミスターエメラルド,3,0,f30171b8a3dc9311b503c57f6b126999ea7de3f06b3b8e95bf43c2f094dc423c
2026-07-12,函館,8,02261a08,9,ダイシンレアレア,2,0,4693061a0132e3152d834466ee6183519ad4e92dcfe825947921bbeb90c91b7c
2026-07-12,函館,8,02261a08,10,ハイドパーク,11,0,6b885ebbf446a25ff2588633a62257e845371efc86258f03db85159997284924
2026-07-12,函館,8,02261a08,11,サトノリアン,5,0,0836edaa875d863a7571e3b8b1058c81b95d21563e96239733c2db0ef8fcc171
2026-07-12,函館,9,02261a09,1,マイネルフーガ,1,0,5204e0fb676ae29193a0515f0415fc5592a78e7c1e282b3aa9961827e64f08b6
2026-07-12,函館,9,02261a09,2,ジャズ,3,0,df9caab0d1c0269753a0210ffb9b6558ab04f3c71583e9acb7d2b145bdaf2c90
2026-07-12,函館,9,02261a09,3,バルティカ,9,0,d32a4daa1368c075aafee31bcd8af549a84a75a0fc89e5f7aa83c748dc3b3ed7
2026-07-12,函館,9,02261a09,4,ウィルサヴァイブ,12,0,93697b03c4269f28d165c97b400ee9cbb3b3a85ac646bd4ef9bb3dd33c22f495
2026-07-12,函館,9,02261a09,5,テルヒコウ,2,0,3bd7c0ae3aa400b9e6d98fcd230e0e1ff65c2b0c5cb100e31ac303ae8ed4c84d
2026-07-12,函館,9,02261a09,6,ロードマンハイム,13,0,ea7cdf0d98f29883ee39ed35d235326d978aed21baf3f56ac01b47dbd8d0e67d
2026-07-12,函館,9,02261a09,7,エリム,10,0,8758d5e2de9b7a41958727c98869bb609440c2869b62fc2a9a985122d8ee26a2
2026-07-12,函館,9,02261a09,8,サタデーサンライズ,4,0,565030d525d73580f97455a340ac8cd3b3af316c39e25bfa6c205529b6cc8e0b
2026-07-12,函館,9,02261a09,9,エーデル,7,0,b7bebea8872d3ccefe0bc020363168d3607c62b2b18564f69e81dd27829188cb
2026-07-12,函館,9,02261a09,10,コッツォリーノ,14,0,c030fcfa5c28642cc80d12ec958979fa5a0a273577d4667a465cdf36f16af9f6
2026-07-12,函館,9,02261a09,11,レイヤードレッド,8,0,ddc70ee1e152d472bf30bc010ff3bbd90e3871e832ec5a2a31666597c294dc68
2026-07-12,函館,9,02261a09,12,フォルテフィオーレ,5,0,f8c0260ce2f50d3f795601344f364aadde63629de1421df76f64126c9986de5d
2026-07-12,函館,9,02261a09,13,フナデ,6,0,9eff69c456a0f23ee9b724515ce45b488985a1c506989975660c7642c862c211
2026-07-12,函館,9,02261a09,14,ラブリーリディア,11,0,d5e71cda122fb17134a864e698a4fee495ce34157c5d25a0c9b88ce7ed6db806
2026-07-12,函館,10,02261a10,1,カネコメブライト,6,0,b3ceb72eda09c449cca89ab641312838db0ba5e806f6186faeba60abe445fffa
2026-07-12,函館,10,02261a10,2,サンディブロンド,11,0,b31917bb70cc7c8acbd2defd5d1fd1eb75e59bf8959fde56439974296d01404c
2026-07-12,函館,10,02261a10,3,デアプリームス,4,0,81d70a98c4312755f2745df416b8cf8def48b8ae9bfab28e1b0b082c8b217a94
2026-07-12,函館,10,02261a10,4,エコロレバン,12,0,d8e19de5f6343101256eb4dac773d8b011fd9b9ea2f933f5f7357e3befba0af9
2026-07-12,函館,10,02261a10,5,ヒットミー,2,0,dab9d5af8d7bf18f5e19c876472ddc65a51180b5ac23646dbe47aba0c21b87eb
2026-07-12,函館,10,02261a10,6,クロナ,1,0,f8801b5b04da7f188a16a8076f90a1f808c0522bc7f5844d48b2d237349e0a97
2026-07-12,函館,10,02261a10,7,サベージラヴ,10,0,24e7e88cd8b624ce46dc7f91c2ab804b85395fda9322d61c2d735204be597ff9
2026-07-12,函館,10,02261a10,8,ビーマックス,3,0,a0fffdc0b2f14cec0abf7210deec920b10fcac5cecd9693de5b46bc9d779be4c
2026-07-12,函館,10,02261a10,9,マメタンク,5,0,0c24f89ef580dd34f6411edac70ddf903d6e0f0f151899214fb08f9ea90df0a3
2026-07-12,函館,10,02261a10,10,ストリンジェンド,9,0,3d44874cbae710b744577a718d072d226ca4ef5a2cd608a14391b02941868cd0
2026-07-12,函館,10,02261a10,11,ルイステソーロ,7,0,a9e01cdbeb1d43db71c62b055957c831aff227a9b5328b6a5e92026145f4f0e4
2026-07-12,函館,10,02261a10,12,ストロングボンド,8,0,1281212310e08d8cb5dcf3f78d750c7db0932af7beec000daf0c5eef1d550fc8
2026-07-12,函館,11,02261a11,1,エラトー,4,0,3c37c9aeebf7e4700ae23478bec4b01f26900783fb11d548bd35ecbcf67932a6
2026-07-12,函館,11,02261a11,2,パレハ,8,0,661aaa0801441540398c6531b1c7635b2792c02802d96d1ba219b9fcf00fa90a
2026-07-12,函館,11,02261a11,3,タシット,7,0,e448d82413092fe1bd8febafd696a2beae6a18486039e18912a983bdf75d409c
2026-07-12,函館,11,02261a11,4,シルトホルン,3,0,7a7fb927c6e9e71092181cfe48448f33d16175bb56bbbf8e84625192cd74ff13
2026-07-12,函館,11,02261a11,5,キョウエイブリッサ,5,0,8f15491f330731de59d0bca080ad1074a7fe7b0ac1ee2c9a4442b4509b19472c
2026-07-12,函館,11,02261a11,6,レディントン,11,0,40bf9704d251b9145b7b0c36e0cbe33ff960c868bdec1d4fbb66b534ba29b6fe
2026-07-12,函館,11,02261a11,7,エエヤン,12,0,15ce2b5afed8c6412efd4ccd07f6278b6cb8c5bf8002fafbf4301a5c00b3c08e
2026-07-12,函館,11,02261a11,8,ストレイトトーカー,14,0,366834eb8e06960e1db6c612f2f885b400003dcae923860864998d062e8dc87e
2026-07-12,函館,11,02261a11,9,レディネス,10,0,0a6cf8ed88848c1c414c701433fe9582195993e2836732231cb55bf87e47582f
2026-07-12,函館,11,02261a11,10,ヴーレヴー,1,0,774c644e4384f564edd15f6865080c6ec109dda43e7d3e27ab8143b8b2af4638
2026-07-12,函館,11,02261a11,11,パトリックハンサム,9,0,5035deaec42579f6a10f924fa5b54f0f668ddc10703386dbd029e13a5fd19ebf
2026-07-12,函館,11,02261a11,12,レディーヴァリュー,2,0,1bab31eaa2268af9f18e2264a5a1ac264941a2add5816aac0e7aab1b09f22c2f
2026-07-12,函館,11,02261a11,13,ウインシュクラン,13,0,a75f0c1fd3f5cdbd3161c1aa5221268bf8bed5a2127f898301e5bfb61bd83af8
2026-07-12,函館,11,02261a11,14,リラボニート,6,0,d90aaa6978c054b714302f5717f3b84ffa4a24149bd70bc932f98fc3c9db765d
2026-07-12,函館,12,02261a12,1,ナンナンプー,4,0,cdc0063800484a0241db4a7d66f36e0796a5fcf18af00cb1396cb2ecdc069cf2
2026-07-12,函館,12,02261a12,2,ダブルチャレンジ,3,0,2d2be7556226ef854b215fc2691bac57f073a6bdfbde3c4a4c815fe38190a6ab
2026-07-12,函館,12,02261a12,3,シャルトル,7,0,bb54ccb217e46ab84f3d9ef4f1d5065b00c22382c476a2b4d603851bd9bfa059
2026-07-12,函館,12,02261a12,4,ココソラーレ,2,0,683584c19b27bcd0c5b4bf9e164f2a4fc04d8dd0fe9a3d673f7e160e811a8f91
2026-07-12,函館,12,02261a12,5,サンポーニャ,1,0,ee73d6f74ade3fa1c993474757d9d4c52ce8a6544292d7f62f05b16b88ddff70
2026-07-12,函館,12,02261a12,6,マインセーラ,8,0,7f4ad23228fd8a06186ee597cfd1dae0b93741284409ce6f069a49b890e6b221
2026-07-12,函館,12,02261a12,7,ハッピーラッキー,6,0,d4547387b20677c41a4745c59f9dd596d0be9695288010492c21c07b7ed31e33
2026-07-12,函館,12,02261a12,8,ペイシャアーサー,5,0,7e319951a9fcdc8b6216921a7709095e5e57068ea8949260c34b72f1de09e825
2026-07-12,福島,1,03262601,1,ジャスパーグレイト,8,0,20b3527a7b72528c30483018b97b2ae835e5a59c1ee730bf1353c80ec6121c0b
2026-07-12,福島,1,03262601,2,シグムンド,14,0,2a1d4c009ab4569520ed6c27a25f6b2b55b59bde4aadbf70479d2bbd2f6c7008
2026-07-12,福島,1,03262601,3,トーアマリシテン,1,0,84c450977b16786f7f84d904a5e67f91323bc26892e4d0fc7cb54853a0c4e4b4
2026-07-12,福島,1,03262601,4,アウルムレガリア,7,0,e33d20088b75321e287abbb13bb4a9a470ff2acfee7d6d46d1939ce3d8e65bbb
2026-07-12,福島,1,03262601,5,フェイトライン,13,0,0835551f7d945112bb6b798621232f5eb1e1560fc442f72bf94514d25219055b
2026-07-12,福島,1,03262601,6,モスクロッサー,3,0,a4c19d17f6eb664a5f7d3efb4c59ef2043031bc07086b6a3926ec4e6055b289c
2026-07-12,福島,1,03262601,7,スノーリン,10,0,bb531c54ccb3b9df4446bb89e6b64054997d4692b6aa88aec730abe79eea75bd
2026-07-12,福島,1,03262601,8,ブライテストドーン,11,0,97113b6f7268cfe8a2eeb74f3aa70c1e4ab322252afba31c840247e15862d8fd
2026-07-12,福島,1,03262601,9,クラウンウルル,12,0,a622a5703ff2c94d67a6e9b89cf9c7d005976f0752f1e33b41be6de70f46a628
2026-07-12,福島,1,03262601,10,サラフィエル,4,0,7c102fa516899f2bb38ce2e01848b488de16ede1e705a649f55ef15394ee85bc
2026-07-12,福島,1,03262601,11,エポカスピーガ,6,0,dc0a0a8be6c37c21b57f1d0b9c28ed79f9580874c51bb554fd128166671334da
2026-07-12,福島,1,03262601,12,トモジャシャトー,5,0,e2f0743e835faf91bb7ebfecdc8e957edcd31c41eb66081eb8b28492ac2822c2
2026-07-12,福島,1,03262601,13,ノブダブルホワイト,2,0,ce4761638b4e606661eb9203da6cf476f48b37f8d4c8cf2d5017907af3253a56
2026-07-12,福島,1,03262601,14,ゲレル,9,0,a6d96c53da6a55cfca7d79dc7de523e7537e12a11b2167fc6bc2e70a9ae130f0
2026-07-12,福島,2,03262602,1,フィーユレアル,3,0,c37bbd7201cd89d72f8a0ee35598215fe5b5de41aed2e5644ed0b6caad914ef2
2026-07-12,福島,2,03262602,2,ヒロイックヴァース,1,0,be6cfc3df84f16558ad350c5b27fd6267d2d3d6c5aa90bb2c94d7c21ffdc0206
2026-07-12,福島,2,03262602,3,ゴットタレント,4,0,5a927494507606d4832ff14c976755607dafc85badca65333f8d572931f8c90f
2026-07-12,福島,2,03262602,4,トランセンコ,7,0,3141a77e056cdedfcc9d173794c6607a4577b9f03a9fbb6372147c9be4c3e10b
2026-07-12,福島,2,03262602,5,グラスフェザー,12,0,668466900f1fd4b002d74e8046ea1ac220b04dc0ac4ab09f6bcb2052730aedf9
2026-07-12,福島,2,03262602,6,アーティキュレート,6,0,8bf754c76d808f7bfeaeab7c11ef9866d5b5e4fbc4003c5b08aad6dc149a9ff8
2026-07-12,福島,2,03262602,7,ニシノトマラナイ,14,0,6611bbab300fc534e26c0031dbd383f46db0af9e8eace109eae8447c728e6712
2026-07-12,福島,2,03262602,8,レヴェンドール,10,0,7d2ec4b17c3f3504db29cae65ea92646466040a29684b1e02382786136c4b6f4
2026-07-12,福島,2,03262602,9,ディメンシア,11,0,0381ea1a6e3c727d17571161bf4ee619cf172c52acf9aaddebb7fcd1fc71302f
2026-07-12,福島,2,03262602,10,ペイシャオーヴァル,8,0,b8ecaef4088d2961c3e5deb0a9d2303473ea73015039072b51fed8041cacd694
2026-07-12,福島,2,03262602,11,ルストラーレ,15,0,b8a11e5d07caec59c65f7810d10dc461b13924a6ea8c667b38d4c5ca8846d942
2026-07-12,福島,2,03262602,12,ジュンヴィヴァン,13,0,3436d77fafc5e7799d86232db4208e2fd3585e6171fde1ea89c9aec2b3368595
2026-07-12,福島,2,03262602,13,レアリゼソンレーヴ,9,0,1d914f3b26171768ba6e735a49e0ef8a3fdbaf54de49633914e56ea66fae4902
2026-07-12,福島,2,03262602,14,サングラント,5,0,3c35d7325a2d4d5ca499bccf0a9212a95a934ff3bcb7c2c2d28cd2f4f69c8445
2026-07-12,福島,2,03262602,15,クリムゾンリーフ,2,0,22ce88b078f0d0a6fb25f2f108b0b4ec6a273dacc10f333f7259bfe3c08e351d
2026-07-12,福島,3,03262603,1,ウッケン,16,0,7a0ccf879105be655b8cf794c638b2d3bdfd8b46d21ca73a927c1ec59001d6aa
2026-07-12,福島,3,03262603,2,エコロゼット,6,0,c4ab77870367b3805d84ff739469f41abf0ff2f0c5c6cc089296473062fd34bc
2026-07-12,福島,3,03262603,3,ウインベルチェーロ,9,0,89641c3bce3a6084c624408f471e2ebee9e4d9a15e84f56be5fbb5896ccc7dea
2026-07-12,福島,3,03262603,4,ヤマニンリンキング,11,0,d66b9e343afdf9f58911b95a332d9196433842d5f4def5c371db779020e96458
2026-07-12,福島,3,03262603,5,シュタットパーク,13,0,4502691f7c6a1baaabc10438edb35e48c0833b58d9786a0884c0017c129e0cbc
2026-07-12,福島,3,03262603,6,ミナヅキ,3,0,99ecee98dff9502c74de39ab8b52a76751dbef72aad4ff9804371bfa8fa55ed7
2026-07-12,福島,3,03262603,7,オーブレーヌ,4,0,1d001c63db7ce309bb666e9601d7a3708700f6507525d5f573ce04c055d0a456
2026-07-12,福島,3,03262603,8,ソアサージュ,8,0,3a52afd23f3b6e20f2370fa8702907ea0abce2bac74936c5cb169b44bde07798
2026-07-12,福島,3,03262603,9,ヴァルカンテソーロ,1,0,9b8752e8efd836deaa0a136ab2071d1e635d14f5da3c115a6c075d62a5da8753
2026-07-12,福島,3,03262603,10,ホウオウショパン,15,0,eaf188711aab5edb91d01b64b9e59ca4508a5c56bd02d765f31cccffb7f77e0a
2026-07-12,福島,3,03262603,11,ギリーカラム,7,0,b20366602ae3d27273ec84ae2c4027d17e4c72b830496da73190ab14a177aaeb
2026-07-12,福島,3,03262603,12,レイナエヴィータ,12,0,872f2a74ab7575da327882184edd6c834a2122b47a1b240e7beeb315b414c250
2026-07-12,福島,3,03262603,13,ブライスフェアリー,2,0,b2b3bdc5622f9580448fc7d082545bc9fc633c46725e566d87981f43faeaa69e
2026-07-12,福島,3,03262603,14,スティールシップ,14,0,f36559f6a09d58d1c98ae61441f0915e52150c610e0b28566480df2b0bbd5f44
2026-07-12,福島,3,03262603,15,チャンピオンホープ,5,0,761c20b228fb43c17c07dd2df08e0c8d6e8bb0700f91f3e92e6e05a7d6fa6c90
2026-07-12,福島,3,03262603,16,ヴォンサクレ,10,0,df596cdd63fd45e70f8b7810aa25256f7aeec7afe288ad9e13c352d9defb6e7d
2026-07-12,福島,4,03262604,1,ジェントルアイズ,7,0,a23219985f006db1f4fa64359df1019a47053d9cc8c693fc2ed5d64d3353245f
2026-07-12,福島,4,03262604,2,エコロテラ,4,0,4b39183c482befec4fcfc285a8584009c3acd2c4dee46a7af9cc04a9dc5fac06
2026-07-12,福島,4,03262604,3,ウカテンセイ,10,0,662c855509d0ad51c3795758bf40c07c569a93ef9ddb82ef8a42c30e22cfb2a5
2026-07-12,福島,4,03262604,4,ヴェールネージュ,5,0,1323edda8d275cd51853a11c6dbfddb46a8db92ad4840a7d957406ce885a65fd
2026-07-12,福島,4,03262604,5,ワレモコウ,3,0,3a8dcc47ff92a71088e0f8c5ae170c5bd13407c28af0610556ea9b0795e920b2
2026-07-12,福島,4,03262604,6,ラヴィサンエール,1,0,1b42d3565623922d443bcacc83068c7a9cb60364efa0bc72dac007619d8f8e4d
2026-07-12,福島,4,03262604,7,サクセスボーイ,9,0,a2ef225f0002c4dfab4c87209fc176e0e7f550c1441a9b4def458e16c978a678
2026-07-12,福島,4,03262604,8,サンヴァンガード,2,0,f87eeadb6095926ffeafe2ae8102c6a3ceee8532166025b4b58b256b23038af9
2026-07-12,福島,4,03262604,9,ハルガスミ,6,0,3ea4ccd600284bbaa9f6d7ceebc72ecf13dc4452e6a383cd07a9f65132837faf
2026-07-12,福島,4,03262604,10,トム,8,0,698d51265727bb372dfe5ce8c8f478dc22714cd60712a0a76f761de2f2a3ac48
2026-07-12,福島,5,03262605,1,ブルーリボン,9,0,510c530085ad99d10c579f346fa96935e1019c833879c32efad9095c19f9958a
2026-07-12,福島,5,03262605,2,イキフン,7,0,b3c72b3f970f5c50036fb3b6cc14073c9254fb5fd056574f05e78ce38e4b8363
2026-07-12,福島,5,03262605,3,タクミオジュウ,14,0,400f636988c0955913c60fb0606c74d0877c08ddac61b6ec9f5bb7aafb494864
2026-07-12,福島,5,03262605,4,ウィクフォード,2,0,7d962820b77cbad6116db663ad8a6db628a4c6d83ebc4f9a7d26dc462d196a5f
2026-07-12,福島,5,03262605,5,ローグアン,12,0,22f2210c8a9206b1293dbc6761bb532fcff40000c8d49288adb7374b055bbc8a
2026-07-12,福島,5,03262605,6,ワンコール,10,0,04a83ad6bb6890031f103bb19534bedf4b80b1a64d3f8740be62dabcd8fba33f
2026-07-12,福島,5,03262605,7,セレスタイト,8,0,003442210071fbb1bb4416e1931fd7489b68589699a0db454fbc81b8e8990163
2026-07-12,福島,5,03262605,8,ソラニワラエバ,4,0,5f2ec505d74bc000521b7c5165a193343a876cd7d3d444969a96e9df48c87a52
2026-07-12,福島,5,03262605,9,ドーンレーサー,11,0,e9736e579d164607974d9b7777bd133989bba516757e3d2e2658d771d972518a
2026-07-12,福島,5,03262605,10,クラウントリオンフ,15,0,70909359d7ae75989d928526ac75623ea45c511a8e50e94054360e9d78df3d43
2026-07-12,福島,5,03262605,11,シーズアウルフ,6,0,83410f3856df705a03de84be05748038d20742dc9983956f5a11d6d6f3f32b7d
2026-07-12,福島,5,03262605,12,リサナウト,1,0,50598cc0c53705393b4c23f2f3b91684ff3a87a300c612413c4b6bb0922cade2
2026-07-12,福島,5,03262605,13,ハクタカ,16,0,72540776c7924d7d0ae2c758118abe761455ba7070a263340a2d1e14b9d7745c
2026-07-12,福島,5,03262605,14,エクスマキナ,3,0,9f65c7cd7ec9a248ab7d20c6fb9290d9832a6f82d1ab3aa3c3be85c97437210d
2026-07-12,福島,5,03262605,15,インザダーク,13,0,20c02ec27eeed2f8558fae4b1b1dc3dd57f8273266e632aebc8a8395b7f99f13
2026-07-12,福島,5,03262605,16,エイシンウルクンデ,5,0,80811ff02bd706d9e38f9af193ff558ff7d899f5195e8eed1deb94d65f1a9061
2026-07-12,福島,6,03262606,1,ピコランド,13,0,8dcc829f90ae34b8f4f23088025623580ba3f7eab4190ff5cf57a60e940873e6
2026-07-12,福島,6,03262606,2,アドミ,7,0,f45d0e4954d7ba5f599b69d08ccfe4171536be806a3921f96b7e3464482711f5
2026-07-12,福島,6,03262606,3,ジャメビュ,9,0,021790dc253045b68cacbc46f967546eb67513ece570c71fa8c6d7c04197a994
2026-07-12,福島,6,03262606,4,パストゥザスターズ,16,0,4338a07bab0b1d0923d7520503489a51de7c7c6ad4817c7d8df4f071fd20ad93
2026-07-12,福島,6,03262606,5,ニンジャトットリ,4,0,e5bc6cc953ca17309dcb0834ea8fdf73e355631c7a3ed460bacf482fc09d9e10
2026-07-12,福島,6,03262606,6,ミスタートントン,2,0,00f753a1f4ed5e0d38607de8155da46f12c8fed857dce72ec9763086f3333416
2026-07-12,福島,6,03262606,7,イイクニパッション,5,0,cc59d2b73a95a53973c7381027779f545fb115b565e98344f91701276d2d5272
2026-07-12,福島,6,03262606,8,フォワードシャッセ,14,0,d7ca135edf7117dd13757e7af5bca2addb0b3542bc57bc9d96390e64cfeab1eb
2026-07-12,福島,6,03262606,9,オスロクィーン,15,0,30bbc3a33a0970e8233f7469690dc8d7f648260946e4c5322d9c400e3523dc1a
2026-07-12,福島,6,03262606,10,ジェムシリカ,3,0,ae1ad53835c632dea56b3745b02dfd75de14b6c7d5b6397b7da93a7e2b3ffceb
2026-07-12,福島,6,03262606,11,ツクバヴァンガード,6,0,768bdd2998831ab6b99bf28e955ad856b51b8baf32ebc6df7c552fe50037cf3d
2026-07-12,福島,6,03262606,12,ミラビリオン,1,0,7dcc009a17563f258c40be92d3e37d27aba8a504f46d6ae65a9ae416b0c6fdd0
2026-07-12,福島,6,03262606,13,トリエンナーレ,8,0,490fb4cce5b80be0d0e073ffddcafb8d5ee78f593641444fc836581b9952a322
2026-07-12,福島,6,03262606,14,ユニオンジャック,12,0,823e30b0f2acbbcbd91c3cfd1a7260fa143c159460e7d8d846393317a7861aa9
2026-07-12,福島,6,03262606,15,グラスアロー,11,0,86186fee3fa776663afc26e5c113ddaeec8a973f59a6e94e8c4608c81bcd4b54
2026-07-12,福島,6,03262606,16,マッシブショット,10,0,ee70c3e88961486f64d30c51056268613fa9554e4867b0294e9d1c073c6f45f8
2026-07-12,福島,7,03262607,1,コスモシグルン,12,0,f63963b28f4956a495e5d203c5c43d38227238eb139025266b1e2bce7c9cee14
2026-07-12,福島,7,03262607,2,イマジェリーナ,16,0,c5aa7f5fee7a94a2ebd8b1db90a91263a050bf2fa8b130e28ae81b88127981f8
2026-07-12,福島,7,03262607,3,マリノマーベラス,9,0,27af5ef725a2421400097b552c4b4a9e0851687aad67f02dd84612be2eba2248
2026-07-12,福島,7,03262607,4,シャインフォーミー,1,0,8a6292b27be675e7983b93e21648eba94c9e04bc4190eec6fb68a5ad763ba9dd
2026-07-12,福島,7,03262607,5,モーニングダリア,13,0,69eff554c731d189dff2bcf9adda1d154de6abca442a156f2e1218c129ce2b4e
2026-07-12,福島,7,03262607,6,インザライムライト,6,0,6787d58173b35c06c468f37fa90598e130d7fc94b5f525c827c9dab328e67df0
2026-07-12,福島,7,03262607,7,リナシタ,7,0,d1b1af4040d95d4a412c701c42c4b51907e9004af8d524148b9163ffcd0ad579
2026-07-12,福島,7,03262607,8,フライスカイハイ,4,0,e96b522f4f9afd730ccd0cda1c4078b6496d3990a695a53af3a9497c05166b88
2026-07-12,福島,7,03262607,9,ウインディナナコ,8,0,88fa632690b07a218941f7d46a6433b76b54337b82336144faf7eb54006b3a51
2026-07-12,福島,7,03262607,10,ノーブルクロンヌ,3,0,8c46328dd3367e0910fb9798a0c6c4c53a7aa251cd3ceed97b66b6a39e617fcb
2026-07-12,福島,7,03262607,11,キッショウダラニ,11,0,d0d791d67e2456512a72b76744182537524e437914e4461bb3f4597eab8aec00
2026-07-12,福島,7,03262607,12,ラルルジェンヌ,2,0,99f6daa292f987332f88d8860a17ec3938370775ac544fee875dea793734062c
2026-07-12,福島,7,03262607,13,スイートハイデン,5,0,f50091ce3f4b35d83357d4b4e513f67742e2d22d6a9e6b3b1b49a5751cf41330
2026-07-12,福島,7,03262607,14,ベルオーシャン,10,0,a8daa8ad28aadeb64d45a855c361a52ba337502cf56c785a6bf15241ea329bb1
2026-07-12,福島,7,03262607,15,サクラモンストール,14,0,63a3151b0d5d92db1bdf732587aa02a6621960338f6fad26ff955e327fc67360
2026-07-12,福島,7,03262607,16,ダノンクラウディア,15,0,902c635924e88644f45d982ee1e2d3d1414902ee9fd48611c2df7f0335e24008
2026-07-12,福島,8,03262608,1,プリティーミズホ,12,0,681b35fd9c557c0cebd91dfa41127a0c6f967502ec87916eae8671837bbbbd20
2026-07-12,福島,8,03262608,2,レッドカメリア,5,0,9ae7e0fb218df503f867785231495ebfc14308dc912455a7e366541238978580
2026-07-12,福島,8,03262608,3,ラブリーガール,8,0,385884e8c129e9bbe692689a47dfa68e586820133419585399b0b84cd9ceb21e
2026-07-12,福島,8,03262608,4,アイスブレイカー,11,0,a27ec0644495e87a09eec0349ef311a56d6afae242950f6ca6d07ba05bf633a8
2026-07-12,福島,8,03262608,5,テルケンレンスキー,10,0,861444f218adbd6813c05fa71de5a3af32e5646e849a3b93687820e9a3da5f5e
2026-07-12,福島,8,03262608,6,アイアンパイク,2,0,173559b0e820d60fbe54bed5a0833ee3f534e25c2a4280d1266134bceb89eef4
2026-07-12,福島,8,03262608,7,ビッグフラワー,6,0,8e7423d47e281935157026a60c1051d1b6558e73b5beebf14ec65ef6d87ac843
2026-07-12,福島,8,03262608,8,ミスターマーボー,4,0,d38cc5c018de15ace41d7d941ecbe7317a2d2712cc261319e8397676b0f965a9
2026-07-12,福島,8,03262608,9,ホウオウショコラ,3,0,8915c598cd20c3b3376d575d59e2215a756513e0a9057f24d1ca6cf02602e25e
2026-07-12,福島,8,03262608,10,マイネルステラート,9,0,e0d6c0842d1d675ceaa2dde40de1ba75df930f55fd1de49886c81b2c2ec417ad
2026-07-12,福島,8,03262608,11,ザバルガド,7,0,c2c279535248cdf059257c9799afdb8c5358bea3f78d42f229c48e5288b4ff96
2026-07-12,福島,8,03262608,12,デンプシー,1,0,8ce4ebe940832dbca2e87d6987c1a12649263705ea774b83ae1477d4efcff0bb
2026-07-12,福島,9,03262609,1,クイーンズワーフ,7,0,c412d3c8e2cc5c6055c54499139f8eed05af3f32027396a61474c0650d3e445f
2026-07-12,福島,9,03262609,2,ペプロス,12,0,d1ec94b2c8d39256bbc457703c8138db1da73fb795d4c02bd53cca5ceab0bcfc
2026-07-12,福島,9,03262609,3,サフランルージュ,6,0,097c63622db7a714dfb7a9d09366373e0b4ad359d8f24129bcb54cc707f6a580
2026-07-12,福島,9,03262609,4,ジェルブロア,2,0,2f28a6188859ed4fd737b10d4a17715b9b77a229b4e8a68e01836d987170fe2a
2026-07-12,福島,9,03262609,5,ロゼフェリシア,5,0,93366f8b0d9f233d956526b4f03bc72eb0d3624c2d3e358e8a988153c8bc89d3
2026-07-12,福島,9,03262609,6,キューティリップ,4,0,fd91de2a18fa1f021e5cf40c474b2050833bc104cefd52e1f9ccbca18d746c0b
2026-07-12,福島,9,03262609,7,ブルスカメンテ,1,0,1cc010a71a808e7218e5f383adeee694641774b16611163d557dc8664831a9ff
2026-07-12,福島,9,03262609,8,テンドリームガール,13,0,bdff8cf7eee31d00a1e2b38eaea2b4eb744aee177ab94736313ad190f644c7a7
2026-07-12,福島,9,03262609,9,ノーブルクラウド,8,0,7d5d4c49bcc1a9b7f87b5c4888f39a21bddaa89f2f555c608c5e4f8a6ffed547
2026-07-12,福島,9,03262609,10,サルワールカミーズ,10,0,0100b0d79de07879599f09ceb7a6ace21f40c10e8b834b31e1ac3c784b62093c
2026-07-12,福島,9,03262609,11,ニシノコマチムスメ,3,0,6c784f0c7d6ba9019981aec189355248314ad663518c3a3dfc821412252d54b5
2026-07-12,福島,9,03262609,12,ルージュリリック,9,0,c74ae908f17574208d60bb25e38178d5ca130cd29b72a33fffe63e1dd3892353
2026-07-12,福島,9,03262609,13,ユメシルベ,11,0,7ff88a0ef9d8b0cb04a5ffc4c3f45fbf69569e4f75e2a7797ef6f4ba26d2991f
2026-07-12,福島,9,03262609,14,ヒサエノオモカゲ,14,0,b50a8861888ad1b05b13d1a6f3419d3a4ab2f2c0786689213471d09c6399a5f7
2026-07-12,福島,10,03262610,1,ダカラフェスティヴ,7,0,0a0faba435db2de9761225c1d7e214263adc19efe412aaeb559361f6ca13c8da
2026-07-12,福島,10,03262610,2,ジェイエルマスター,6,0,38865521acd20d9e7821ae5f414e649c9c503bb6cd82a59d45bfffaf9f593699
2026-07-12,福島,10,03262610,3,リフレックス,2,0,530b96d8d4e56382bff53e7a64b8fbbcbf7e72d946942f52522f4c44908027bf
2026-07-12,福島,10,03262610,4,ハッスルダンク,9,0,c606be5d3c8b8dc0083cb99c33776b2ad27723942ece841f6448ad05ff0e2277
2026-07-12,福島,10,03262610,5,ゲキザル,4,0,cb9fba548cb3770bcceb20e9b9ebec15188a43313a87bd7df75e53fd8c22928d
2026-07-12,福島,10,03262610,6,サトミノエンジェル,5,0,387a59cf965583bf70257f0c2d8fba3a6f428dc7b29fc2f3135a389e7b9f04de
2026-07-12,福島,10,03262610,7,ティンティンデオ,11,0,95f81899d05ab45ecbee859d7e43a64cb0eddfcb11dcb26c89f3e5d922405283
2026-07-12,福島,10,03262610,8,オンザライン,3,0,dfc5c185c278768770fb883e06e83d30ba65fd116311d6aaf5d5eed129729de4
2026-07-12,福島,10,03262610,9,チギリ,10,0,dab77d98fdc038912340f116e3aec582fef01a9e228141f8843b64578e9fb77f
2026-07-12,福島,10,03262610,10,スマートケープ,8,0,48991dee496f2d8f3f5914dbfe06c9e72f3461610f29c2f1b57a04fca9cfb5fb
2026-07-12,福島,10,03262610,11,ドバイブルース,1,0,8463fa1c8027ec89f581817b110e830890e8f7f9c6070f62db5e9e5fd82bcb87
2026-07-12,福島,11,03262611,1,ボーンディスウェイ,5,0,ea61279aa2315301878f4b8d9b5913887577dd5f3086ba7a59eca7f80a2ae061
2026-07-12,福島,11,03262611,2,コントラポスト,9,0,e00b95dd790ff3157aa77b0e341537074b89b127abbb61db5279312008b3291b
2026-07-12,福島,11,03262611,3,ショウナンマグマ,14,0,933f767112d2684477b60dd16b0645201acca9d1b7871341aee5d2dcf5a1e2f7
2026-07-12,福島,11,03262611,4,カラマティアノス,7,0,fbeafb22b4872a69bba1cbfbcac26433c9a500ce4ea12575fea8deaeeb280f77
2026-07-12,福島,11,03262611,5,オーロラエックス,8,0,2085255e5bd5b2fcfe39d51036b484a2d57fc3015344cddf9234137e06441b02
2026-07-12,福島,11,03262611,6,マイネルモーント,2,0,66ad8f783822b1cb3e57b40db763dcd9468fd73a6e9b36d69d651458927f113c
2026-07-12,福島,11,03262611,7,メリオーレム,16,0,a17de957f320f7cda47fb0835cc709dd6a064773e2e3b31293865a66faced540
2026-07-12,福島,11,03262611,8,クリスマスパレード,11,0,90c4a61f6dce9b8064d3dd281341443c530ac366570164f240ac1c10013f7edf
2026-07-12,福島,11,03262611,9,オニャンコポン,3,0,e1ae2fbe7471d220fa2e9e5cba55127f72d9480e9b672e208687ad97f5c0c4b5
2026-07-12,福島,11,03262611,10,センツブラッド,4,0,3ef4a9d5be4274ffc8d38d407e1fb9ca67c01ee34f6e0395a1b7880d912c7406
2026-07-12,福島,11,03262611,11,アスクナイスショー,1,0,48f5187daa9def4a7cbf25e1d0f017eec754c41436e392899de44d533f0af669
2026-07-12,福島,11,03262611,12,リカンカブール,13,0,443efafa44100fdb19af9051ebd56e8c787b2d1bb56d76cc841021eebe91f820
2026-07-12,福島,11,03262611,13,バトルボーン,12,0,e591a0a6f28e10a031c12ed41023fa1b65006179374396d98f07a9b22e0ce334
2026-07-12,福島,11,03262611,14,オールナット,15,0,ee2b64922fec6e8531417d2a634a8b54b965c68164039a807c4d0d42d6030769
2026-07-12,福島,11,03262611,15,ヤマニンブークリエ,6,0,38813d3f8219baf0cb1169b28adfd4e7559946a51b0b6d936842d6a2d3ba06c1
2026-07-12,福島,11,03262611,16,サヴォーナ,10,0,c8e8c86c6ccebec996d6391941c6524f3a611d8f26cdb0fbd370d892fdf89e21
2026-07-12,福島,12,03262612,1,ピコテンダー,2,0,89e12d87cbe5aadc03dffaf16cdb2f7148c25e017611aa36bd9667cf77fe385c
2026-07-12,福島,12,03262612,2,ローマンレイク,10,0,504f057fad53f4c5e8b9929185580a0f881dd73fe05be8c518cc0097faf167e7
2026-07-12,福島,12,03262612,3,ショウナンラリー,13,0,746d169164ee9abae39b18f025805c2675576d56921b832737ccbf817827e25e
2026-07-12,福島,12,03262612,4,ペプチドクレマチス,15,0,1b74d12072058f728e71fe60207bd2ab2870e31c7ab3d3ba96c35ea6655e5729
2026-07-12,福島,12,03262612,5,ラヴァグロウ,8,0,bcb02e9d4244e21311eeac1a13f4be2a1a48bfc83d799c6971d52de660e1bd36
2026-07-12,福島,12,03262612,6,サヨノジャンボリー,9,0,37fc2bb562062f2b412b0612766546ba746afefa3a8773b29f0993ef119c2f54
2026-07-12,福島,12,03262612,7,ラーナローザ,11,0,c33d6bef40468ca945f4af8813b583ae74527ebdb1d5d147b02fb3a5e7a4a450
2026-07-12,福島,12,03262612,8,サンマルノヴェル,4,0,ea5d62df71bca12051d3336033f7cc51c6adda7e9c3861780360bb285717b216
2026-07-12,福島,12,03262612,9,スーパーバイザー,7,0,813a71408b7732223af06a9f27bf29980953acc6dc62bf46e23077d84203a233
2026-07-12,福島,12,03262612,10,レイワサンサン,3,0,7aa4115a93c8e402c7546080cacae2f4c4ea1d915906b28888f6af369056d665
2026-07-12,福島,12,03262612,11,マフィン,12,0,37fa76edee080fee79b48194762bd9f4326e74c87bcd29741525935080786690
2026-07-12,福島,12,03262612,12,モリノレッドスター,0,3,35b9870835a9f9260f0177deeba9cc7616b3b56bcb297c1181d6cc99300e80a4
2026-07-12,福島,12,03262612,13,フェンダー,6,0,5b2abe94e09739b85e73d84e5da5e32247d6cd1248edd491520391cd6043f73b
2026-07-12,福島,12,03262612,14,ホーリーブライト,14,0,458144cd973d8aa217d613b6eeff6e5d7785221ed63d8a102b611fa7876dc4ab
2026-07-12,福島,12,03262612,15,クリノオリーブ,1,0,b908247cfffcddec48d0546d1198f3facc609f234f7903d2ccd7b7940928231c
2026-07-12,福島,12,03262612,16,ホウオウプレミア,5,0,9b5813e8b9772bbbcbd3d21b3eb28e717595f383f179f3584e8aa551c21ea980
2026-07-12,小倉,1,10262601,1,リザレクティア,13,0,d2ca6e7dcfe82c4d3a8055e6bd98d24cae332132e4ecd3012b12d799eb95c72f
2026-07-12,小倉,1,10262601,2,コースタルロード,2,0,791694ae4436e204bd1ba75b841b926c1147bb7ef98adffe30a392610391ce04
2026-07-12,小倉,1,10262601,3,アリディプラチノ,8,0,acf90f3d7bcf4d94d4d7e8237eee6b9991fe918bfab302b9277358eb8f148d99
2026-07-12,小倉,1,10262601,4,ドゥボヌール,4,0,2817e7c1ac58894d8d939677e2b3e29432c436e6777f7a096ac115b0c5e3ee53
2026-07-12,小倉,1,10262601,5,ビケイムフリー,17,0,36a683ad253e9c93d701e978c544d4a53200f017d9e3c55c6e61244ff6dc402f
2026-07-12,小倉,1,10262601,6,シャンデリュイーズ,10,0,60d837aa6b6cf6f212e2215541f8a094b7ffd8df9e6083a552504ef8f0b156b5
2026-07-12,小倉,1,10262601,7,ピンクパンサー,14,0,3145e82dfbc501954b5d732d00cef6f45ef9390043cbe761d537c53ccf846dd6
2026-07-12,小倉,1,10262601,8,ブライトエンジェル,12,0,38c9dde83be716570407078d077fbafe59c04a173981c7ceffae67c275d5b77c
2026-07-12,小倉,1,10262601,9,テンタイムトップ,6,0,bc8eec8d99a6ce02c6eae42ffc744d435b51c3773e49391ee8b66801114d6cc9
2026-07-12,小倉,1,10262601,10,ホーリーステップ,1,0,5501de74686c747e68764f5f50c73f90d9cc1d288ee0ea62101d041bbf139e27
2026-07-12,小倉,1,10262601,11,ハクサンテドリガワ,3,0,8c90fabc4d18d9de8e84709f8b6d58fc0b65e47bdb2eb9a6cb662454e383203a
2026-07-12,小倉,1,10262601,12,ヨウリンケイジュ,16,0,319e4016923c232982f78b893ca8ee4b950ae5cd6a276126ebe4086543195c6f
2026-07-12,小倉,1,10262601,13,フルフィルメント,11,0,2b1f85f34e32ea12fc5dcc93c58961fba88bae89e02b98e7220f701d0b2307ce
2026-07-12,小倉,1,10262601,14,ロージーキャンドル,9,0,45e1c9c67fcf407ee7d4a5d4ad0e2ef32c480785d8104776fb6fefad22959f80
2026-07-12,小倉,1,10262601,15,ベルセクレト,7,0,4f04c11a60e32ed5dc2a99b711c563e5a2b62a24bd13fe341a636c86d1f6d0d5
2026-07-12,小倉,1,10262601,16,ティグリス,5,0,f180785c5bc374c09a535a1fbeada9bffaed0bb1b46df4214f2912bf5290889d
2026-07-12,小倉,1,10262601,17,マルモズイルバア,15,0,a186c9df89ab1296c4a3869a80946dc1bd46119bf81a746012571b1546b2d0a9
2026-07-12,小倉,2,10262602,1,ゼンノトヨタマヒメ,9,0,5950c361e036b710835f4d4727f96c0f18f6a21256c2001efa9019def9e04fdf
2026-07-12,小倉,2,10262602,2,ペコリズム,6,0,ca44863aef5ac2658f6782e7d3abd29ec6760db04af361ac61a3b60168394a49
2026-07-12,小倉,2,10262602,3,タガノプディング,4,0,21e5f3fa1eba60e9e3ae092fb53e54d0370e7455374eda617111e7d252b1fde4
2026-07-12,小倉,2,10262602,4,シュタルク,5,0,232429c72116b8a148e18c97ca2e928d67d7fd01eb5f777808d17f62c8aae213
2026-07-12,小倉,2,10262602,5,メイショウアヤカ,14,0,1fe042294a825668e91bf29a50c9b7da86f481bb965b11a59e92e7fff0688648
2026-07-12,小倉,2,10262602,6,クロカミジョウ,2,0,280ef6044dc5e3d541faad90c337645521609c14791e4bf7358cb7f4d4570827
2026-07-12,小倉,2,10262602,7,フチサンチャチャ,12,0,62acc100348458f90c6d6b25fca346b382002bdbdac350ebcd0bdd7950d13857
2026-07-12,小倉,2,10262602,8,ラインメテオラ,10,0,80d01ce22fd6888866f4106649145d5bf80a764a91a9a483bb76393fb835136d
2026-07-12,小倉,2,10262602,9,キャッチアシーフ,1,0,73a56c4e6896e70df50f8ff553c1ac0717de6d709ee522187031c4817a8c6477
2026-07-12,小倉,2,10262602,10,ナブッコ,3,0,2594ff694b4d1370f1b2949277cbdaeed44fa03cf5051f623dd56d3b1f338b02
2026-07-12,小倉,2,10262602,11,ジョーヴェスタ,13,0,a4dba5365268d107456277d58a1ff879a52321f4f5c65154615a6f331c711d7d
2026-07-12,小倉,2,10262602,12,トーアウィリアム,7,0,392988dbbb7523e2aa841774870a75b1eff51c8e05271ac695b7059b1f9e1f04
2026-07-12,小倉,2,10262602,13,キタノプレミアム,8,0,694042f02e3283c207cbb03fc76c5e327685e0b8d45e7270d82131bcd0ecab0b
2026-07-12,小倉,2,10262602,14,ハクサンリング,11,0,ccf72176db4bb6d20e536cb9dd2169bf0afa0e7f4bcb291e41889e4759368db7
2026-07-12,小倉,3,10262603,1,グレイイメル,15,0,54bbaa00d0aa4f9c0d5c1e3713f1fe80e202149850f512912b19bfd38b55706c
2026-07-12,小倉,3,10262603,2,ラルヴァンダード,1,0,90410bcb40ad19f925c986a9f68456497becf1c7457c30679c7d20bae67ff150
2026-07-12,小倉,3,10262603,3,ロイドウェバー,5,0,8e122715cc3f383496011365502c6919e07e45d438b6a00dd2a966e90815b1fc
2026-07-12,小倉,3,10262603,4,スーパービジー,7,0,e647e4b6d3b275e325f30717bc07d1797727ecf192badd43e7ddccf02137c163
2026-07-12,小倉,3,10262603,5,チェファルー,2,0,7edaa7c48441c1eeab13cdd03a0f1d166011ba0587e7c6b8d2c23083144b0b3a
2026-07-12,小倉,3,10262603,6,キービート,12,0,16174c4d408b0e549b88109aa6f96c792bc6cb27f2fb5f30de21984010c985ee
2026-07-12,小倉,3,10262603,7,ブルーザー,3,0,f350e1a47436196250008909db88a92f79bf4430842a0f96570cb0d7653e11d3
2026-07-12,小倉,3,10262603,8,レヴロード,13,0,476ba12ca3a03ac2a54cdebf7b1846f1600e6560a85d51618af644d663ff6e11
2026-07-12,小倉,3,10262603,9,アージュドール,4,0,87f61d3bb3e8f1a50a5fe2741130e6fd1a16338795b51128a6564d01328441d2
2026-07-12,小倉,3,10262603,10,ウインビスタ,11,0,6b0c6a45a440f156c2054ad864f7704d5860a60084a7fdd345b1bf1f54a364bf
2026-07-12,小倉,3,10262603,11,ジュンヴァッテッド,9,0,bcdd9e31b253ace007c53742c5c5f26efabb6867909195d225103a2660f922f9
2026-07-12,小倉,3,10262603,12,ルクスユアン,10,0,58d0a809c74ae78289f639de5f4c33d007957822b996c86e81a3014423f34cbe
2026-07-12,小倉,3,10262603,13,ワンダーシャッフル,8,0,9598f57d614e1a4ce2f1736924e7ef9ae0c890656f501cbea25c0fa248ca3e46
2026-07-12,小倉,3,10262603,14,ダノンワンダー,14,0,2afe84e55f6271d1683c7c1e16f0a726559ec97ffb540ec123c866fe7ca862f3
2026-07-12,小倉,3,10262603,15,ヴィスメンティス,6,0,79ee33fc219fdaed16dd9dbcaef3b67edbbab1958f62c31931f5868cb8f26c98
2026-07-12,小倉,4,10262604,1,サンタカリス,13,0,fdd70202dca12eb18c1f5c3c668dff4ce1788cbaa6ff73b3a0b3d002edfcb129
2026-07-12,小倉,4,10262604,2,グランスプリント,11,0,d648c3861ad1dfc1234eec1ab12c9bde66d4c766d4384b307b468e0232a1fb94
2026-07-12,小倉,4,10262604,3,エイシンニケ,9,0,1b81a1a4d4b4ea576a4b9ff77e95919a634ddf7b0c1c4a4509c7a2c7ba6cfecd
2026-07-12,小倉,4,10262604,4,スリーロンドン,6,0,9969da3a97e52cb766bed04fb155da3b8d83eddbb1d4e2aac0909e28bedd1f2b
2026-07-12,小倉,4,10262604,5,ウインラブソング,10,0,39ec0bc5b191df150f2a454b9b7f2d8cfdaea74a744f2e77063fafd12db2ef7b
2026-07-12,小倉,4,10262604,6,ブランチアウト,3,0,5d2c363f7de3e540e8a311c4201cbae957ea68aa6acae86b50e5b91b0bfb212f
2026-07-12,小倉,4,10262604,7,レッドパラジウム,1,0,10ec5b4a23ddec9e61f2a97d6e43901cc3ab432fca82b5feedaa320a74ef3020
2026-07-12,小倉,4,10262604,8,ラミエルノムスコ,4,0,05a95eacabb2f463b4e44d918471a759d88d8486ba160ce08c5d6f1ae8d65847
2026-07-12,小倉,4,10262604,9,フェブリノ,8,0,911bb60dd177ae87a0de0af84e4ea9658c44ea5a74982bc7ba8ae68c0afd29fc
2026-07-12,小倉,4,10262604,10,シャドウクライ,12,0,01b8de84c0aaed423402ed67bd3e8869469207227f6450bb85f1cd47f698b8d7
2026-07-12,小倉,4,10262604,11,タイムレスフレアー,7,0,24bc6e25ee0a801f3d72d3dc79cf8d7a7f73cc7b2b2b7d9534f7763576f8db49
2026-07-12,小倉,4,10262604,12,セルヴァジオ,2,0,abdda1168070674b2319e64a6b8091ddad3dd144aefaa72ba01609534b49400a
2026-07-12,小倉,4,10262604,13,ゴリョウセイ,5,0,33ed0b0c75dbafdb0b0eb8238d97252a40664df7980d19ff09efa1385474ef4b
2026-07-12,小倉,5,10262605,1,サイモンレガシー,3,0,4cd2cc514484238ba2cba64e5895118b8a074999c75b9fe4356f18780e1399cb
2026-07-12,小倉,5,10262605,2,シュガーハウス,8,0,67e402b5b431a56c6f4f53c26cb373a7744de757ffd307a1499332bebc387707
2026-07-12,小倉,5,10262605,3,シュプレヒコール,4,0,8b8b63856f6659ff2a7719e80859e23b867776a2d40bbcab4bcad73d0e93bffe
2026-07-12,小倉,5,10262605,4,ロクメイカン,5,0,2eb212a585210e5df40658407065c3d0d839c7eede28a72b59b70151e6588768
2026-07-12,小倉,5,10262605,5,フェーエンハフト,5,0,55419bd4672b3b62c967eb3cbad090af2010cdc5527a4d97fd27e49fb81f8fc6
2026-07-12,小倉,5,10262605,6,シックパラソル,2,0,b97da50a05c9ac335c3cf443ef9461d5b80985353bb728a553b61e769b81834f
2026-07-12,小倉,5,10262605,7,エルドボルグ,1,0,f4629ea7e712fd63e710b20dc649f4e76dee9538505598f97dc7952c3ef9a798
2026-07-12,小倉,5,10262605,8,パーセンタイル,7,0,f4fc364493770da07afd373e75bb1b26772ac7ce161edd69d4e6c4ef250dd81a
2026-07-12,小倉,6,10262606,1,アンドヴェローナ,5,0,cd36782dfcce4941949d622f2e764c93230b73387cbc046f1e015e9224ac9fb8
2026-07-12,小倉,6,10262606,2,アトランタ,6,0,e72dc0c6fa29f579d4b4aeb145fc6e94c6e9e048a3170ea558a306ca9e2d5cf3
2026-07-12,小倉,6,10262606,3,ジョン,7,0,85bfe2540cc04287d473cf528a28abd584561c261e3681fbf6c189f0cccb5a63
2026-07-12,小倉,6,10262606,4,マルモリムソウ,1,0,b0e7b91f6a0a0fb5457abacca178b2b825cf2bb8fa1e451c62f403d22f9f552d
2026-07-12,小倉,6,10262606,5,ビバームス,3,0,343ea7ce62526c2395b2da3867228212d533821c6751e9a09fdeccf0fa3eea4d
2026-07-12,小倉,6,10262606,6,アームズラムレイ,2,0,746263b3c17c1af32c3e2a409726fc762f37193292cdb3e91902f60555a22d86
2026-07-12,小倉,6,10262606,7,ララララブソング,8,0,0d35ec982f0761eb5f702d436d716853aabf1f0e81765a28deed7593471a433c
2026-07-12,小倉,6,10262606,8,ブラックブレット,9,0,fee51f5512e87821594614b0a20999389dbfff77f12f8b6d4801f64ef8d3664d
2026-07-12,小倉,6,10262606,9,コパノキャンペーン,4,0,cab1b8599a77e7eb75f9d20f761026ce3aa34d0dbe73ab2f65e7096c3ec9a373
2026-07-12,小倉,7,10262607,1,ジェバーダ,14,0,a2e7657ad2d817291ba4f5f6952c9a738f06e13e2ad5e27b3aea146197dce3c4
2026-07-12,小倉,7,10262607,2,タマモスカイ,6,0,129ad1b7db8aecd56e4c08b124bdaa147aa31a70449b13ecdb51eda7e35acf39
2026-07-12,小倉,7,10262607,3,メイショウオグマ,4,0,35b25891d3c99f03dd6427c62011c0b7bd726e0efa15ffbd5560d5668898cf1f
2026-07-12,小倉,7,10262607,4,オオツカ,1,0,f3bea3ab808bf1624bbcd5bcfc9c809dab65cad6f6e2b34010366d6679bfd810
2026-07-12,小倉,7,10262607,5,ラブインアクション,2,0,1c0af1fce0ed36359899a9febf1e8ec3f4cc4f6df0bb11ad43a883a35377c0a1
2026-07-12,小倉,7,10262607,6,リアルペガサス,11,0,ee9c4a872301d5ca397a8aa31f5d49e52211957a82994eb17493866883edde4a
2026-07-12,小倉,7,10262607,7,キリオス,5,0,512d73a9278e0a86e67b8481024d9c500943aa99b053a763fcf31fd081ad342b
2026-07-12,小倉,7,10262607,8,セルジュバローズ,13,0,77feeb63650e6b3d63ae6bcd2c0bc87d0ca4b22df761db0657b0260fd652de48
2026-07-12,小倉,7,10262607,9,キアヌ,0,3,018916e8044c7c7ec889c3fa8deb1b676a3af34a83cd9fde087a7cbd745e99ca
2026-07-12,小倉,7,10262607,10,ジュンプリメーロ,8,0,2385f76f8dc097bbe48b1e93752107bb856a3e3b2cd24e22491ed1cea8e556ae
2026-07-12,小倉,7,10262607,11,ヴィエントデコラ,9,0,50d45380dcfe82308dabe65204ffd996be65748a38f6144472bb6e7c53378500
2026-07-12,小倉,7,10262607,12,コルヴァス,3,0,1cd1c868e6d573d1b192e40181b1eb82de6fc4a7a5ee05797d32323d213ed64d
2026-07-12,小倉,7,10262607,13,テーオーノーベル,7,0,e0b35be08f6a695dad033d329e976afd373b81066eb8685bc074f791fbd8843f
2026-07-12,小倉,7,10262607,14,ニシノミチアキ,12,0,58fd835f9c3a1c9ca4e091425ad90d313538175f49be773f4d6aeb310501149d
2026-07-12,小倉,7,10262607,15,エアフォースワン,10,0,1ec9072ccf154b152873fc66deaaa13c77baf7ff69797298a905f301b43bf807
2026-07-12,小倉,8,10262608,1,ミリタリータトゥー,1,0,484f7485378062f39041e44bc19a145aad1dd80f561c0a0cedf09ca5ba9238c0
2026-07-12,小倉,8,10262608,2,ペイシャシス,2,0,f0f93e95f8fd62a166e72ef272710be46a821b8e5101a3db9d31f25c493437a8
2026-07-12,小倉,8,10262608,3,コンバットペスカ,3,0,bd4b6d4f3ebb3616c1e98e0a0dc9beab56b9273fd02ff5e09978098fdde0cebf
2026-07-12,小倉,8,10262608,4,エレガンシア,6,0,a8ac3af314ee75354055c76704101d76aac32a54787aa12a4328f9d9d9c537c8
2026-07-12,小倉,8,10262608,5,メイショウピリカ,4,0,a7483a2a4f98ccafd8f0d03eca4a76d7cc8517888cf528815f6aab7fdde5044d
2026-07-12,小倉,8,10262608,6,レザンクレール,8,0,2bb9f8d93773f89ba035de435b5f2e1d22d059218e0012af6efc632d32687ad3
2026-07-12,小倉,8,10262608,7,ヴィーナスバブル,7,0,eb442a585eac18ea4c13801e1f105266736ac82a2c094bd385c89aa4217f0faf
2026-07-12,小倉,8,10262608,8,タマモヒロイン,9,0,ef472b498e31d41c6c71dc374ec5e9b70ccccfc6087ae48055c66e3bd8536efb
2026-07-12,小倉,8,10262608,9,ミッキーマーメイド,5,0,e35c4a0bae32b0735b4c8f76728ce614319049d7cce844abcb28512edc961baf
2026-07-12,小倉,9,10262609,1,テンエースワン,5,0,9b77b1a44cd4ceade7ab897fb66054a6076aa0f1ada2500131bc2c2fb96f461c
2026-07-12,小倉,9,10262609,2,タガノアニマシオン,7,0,77ac434324d6ef743b0207786bfb2903b26e110708e28c20aac495317cd77539
2026-07-12,小倉,9,10262609,3,ケイアイアルタイル,10,0,354e9b6a548f131c69e359c423e0fecdfea34c74d1b7b9f566dcc639eb02c6ee
2026-07-12,小倉,9,10262609,4,エンマ,8,0,e543aa94299f61af377e5a42bb1a0a03ac45b0b7edebcf688ece9b2e43cba37c
2026-07-12,小倉,9,10262609,5,ブルックリンダンス,6,0,2ab18b4c6194009fb0d964fbc159b5997d524706edd6c7989e24f3aa428da837
2026-07-12,小倉,9,10262609,6,ホウショウルクス,3,0,2f81c733f53ce5017aae2ad5648c9e4ee9371be9873d3d4082199990bc451f71
2026-07-12,小倉,9,10262609,7,トモジャザーン,4,0,790fb1a85e6765acd248ca108f43336aff84b7c01a6b930b89bba9fa93f76218
2026-07-12,小倉,9,10262609,8,ショウナンバンライ,1,0,b80212241142abe2156b712f5c8ec6e34ee743a58697263971998b29e4cfd3f4
2026-07-12,小倉,9,10262609,9,プウスカンドゥール,9,0,acffdd480139ddbffec6ce6a9af4f3f63da7d81f8e49de2cfb47e4f48ddf2272
2026-07-12,小倉,9,10262609,10,サンライズケヴィン,2,0,dffc54eb1cc993ab26a720a4894fd3f73dc38824e6be830210b438fc3a307af5
2026-07-12,小倉,10,10262610,1,ダノンカゼルタ,2,0,ba84888a87a1d0d8f6c17d909544c7775ed3bca9afcdd4bf4ec5690b626e1643
2026-07-12,小倉,10,10262610,2,ショウナンハウル,11,0,3d03cfebcab8ca8ca5bccad70d39ec405cd5564f586a6705423f76cbca6b416a
2026-07-12,小倉,10,10262610,3,プリズマジコ,5,0,0d05c226f0da5c9fedab0bf4d2ce19a67f846b7b6ac51bcea530fa3f1d918ead
2026-07-12,小倉,10,10262610,4,ハッピーダンチャン,6,0,2be0949fe306feca827e254948fb687d5a457038ec64254b88af5bfefcaee29e
2026-07-12,小倉,10,10262610,5,フォーチュンライド,8,0,bd7a72b17e616568894d6e03e77bef90903e8040a2ab8bbcde601d5f283697a8
2026-07-12,小倉,10,10262610,6,アスクエピソード,7,0,948794d2d9670765be163b4253227911b9b71f79c11a774733b33aad5ac92928
2026-07-12,小倉,10,10262610,7,レイピカケ,10,0,ead2541221ab96bfdcc6c874d96921f0ee6096a6d3d7d63f46e2b87a5cb854bb
2026-07-12,小倉,10,10262610,8,コリカンチャ,4,0,273dfa91ff39702e530f06437fee8de21754902fd34d100782a6fdcf2d73294a
2026-07-12,小倉,10,10262610,9,オデット,3,0,7ca46996e438f09a7200bd36459a8af5bda6a2b9123f4f17c73873025b5638e9
2026-07-12,小倉,10,10262610,10,ジャスティンガルフ,1,0,d885b14f200be824974f53961b1432cf9aa2b08c9304ed4815e1d830b795dd03
2026-07-12,小倉,10,10262610,11,オウケンボルト,9,0,1597f683a6a6dd277f0801fff9e2c3dd5238af36552056e32f7a469e89eff3ea
2026-07-12,小倉,11,10262611,1,メルキオル,11,0,f52d128e495c0a45b239f519aad02788c788caf5ba6ab12964b147b9b982abce
2026-07-12,小倉,11,10262611,2,ゴッドブルービー,5,0,3408afd1e0b106e2d6bbbf6727fcc71217a03050806ad775fbd31e57baaf0c3a
2026-07-12,小倉,11,10262611,3,ジンセイ,4,0,0ac91d7d6303fc70e295715779e8978ff7d231bf079c8af3e36bce7a6f8db596
2026-07-12,小倉,11,10262611,4,サンライズアリオン,10,0,f18c4ee2fc9afb0df8f234302425310ad4698935d1d8cb9641ff7a65b648254d
2026-07-12,小倉,11,10262611,5,スナークラファエロ,2,0,cf16f802f5b48b355d2c9df92da23c607bf6f0f7d125a44b7042b17b7caebe67
2026-07-12,小倉,11,10262611,6,レイナデアルシーラ,1,0,83308135757d106ebe86622d1e6531f0aa99065df39c6675e0317f5b6fe7413f
2026-07-12,小倉,11,10262611,7,モンブランミノル,9,0,5780112fa30984f7d02389d8c9a9773f5ad01520b6e1026825783b027f5d6dea
2026-07-12,小倉,11,10262611,8,メイショウズイウン,6,0,dfa8f9fff5b89c87b6261a2c5a43b84f8ed6d9c6eb83cd7a38c893b094389379
2026-07-12,小倉,11,10262611,9,シュラザック,3,0,62838f6fa610e8a56613d238575213aad10313d5321d90066a2734244bf58aba
2026-07-12,小倉,11,10262611,10,フェルヴェンテ,7,0,e933d20242fdbe4751d663342c04857d248d6b0b20ab721f1b91a4c000ce9a87
2026-07-12,小倉,11,10262611,11,モックモック,8,0,e3f9b0e61bea680ffe4eeb46909363f2bf56928580adc9072ab651258efc6a18
2026-07-12,小倉,12,10262612,1,ドルチェミスト,15,0,999a0fa757ba437a461892a382f5217ab0135e3b268f6e469d3967b70533d091
2026-07-12,小倉,12,10262612,2,リアルアルバ,16,0,11b61e6ea1469ee808d5daf7910134b651c7b57db0b9dfae06fcc72ae67ae3a8
2026-07-12,小倉,12,10262612,3,セレブトーチ,13,0,787c0eded93e90339dc90e5ba6eab1c4532392add3fdb81fb25446cac75c4592
2026-07-12,小倉,12,10262612,4,フィラーエ,5,0,ece64e01984e704194e3e2b69e2f4ba923d7fc729a6c91a6a856618c52202008
2026-07-12,小倉,12,10262612,5,ウインマスカレード,10,0,ae837cf1ab208012dfc86dbc24be839373a7ff9618bb22403cc132bf5800c5e4
2026-07-12,小倉,12,10262612,6,ジュエルハウス,11,0,3d06c703221cba2fc034ee1e42ecc2e04bb272b82daab19f03cfc268c22f49e0
2026-07-12,小倉,12,10262612,7,ラブカムーン,8,0,bc51ab135adb88cc64aae416cd918c24905bd45ffcfa702a037c3da2e022bd43
2026-07-12,小倉,12,10262612,8,ノボリリア,1,0,948853aa533025ba7932424f79afe3cbaf4eb367b73777fc01664cecc323c6fb
2026-07-12,小倉,12,10262612,9,テルヴィセクス,7,0,83ec61d3d00d4f5473f752542808d768885c401248a2fe93c013f9ccf9d5b759
2026-07-12,小倉,12,10262612,10,ギザキズラヴ,12,0,58600dd407845941ddfea1deff6807e4b8e28a009a20ebe780696c1db6631420
2026-07-12,小倉,12,10262612,11,ウォーターデライト,6,0,b29ea8f50e28705d690989ce17c03c49ac2f839f8587b9027b10e209b76233ee
2026-07-12,小倉,12,10262612,12,ベネメレンティ,14,0,8eb0d786c3df990a555fe4c5c1ecd9bb499216844c033fe6d31281c1aea0898f
2026-07-12,小倉,12,10262612,13,シャインベック,9,0,2747d36d07e39ec236fe11bd19a47fbbbe1acbf41199a9cda5e32e84a3e0c4df
2026-07-12,小倉,12,10262612,14,アットザラヴアスク,17,0,69151e2124c23487c71fe3f78850782024ce090b8eccfa25895e9c609a214681
2026-07-12,小倉,12,10262612,15,ベルファスト,2,0,a05842330364d198bf9dd43fb56a632b672225d942158a46f8901bf92fbaff16
2026-07-12,小倉,12,10262612,16,ジューンオアシス,4,0,f2f9e52ae832c79d8d7bb804e8696c29a1c3687b244c2c0a20ff0bb6442b36b9
2026-07-12,小倉,12,10262612,17,モルティフレーバー,3,0,20d811f10ea6f6a68b25140e572b793f0b2855383dde9c681a5ea7259d3e4e9b
