candidate_id,template_id,lane,family,depth,conditions_readable,incrementality_label,c2_entry_route,n,wins,places,win_rate,place_rate,win_roi,place_roi,win_roi_ex_top3,place_roi_ex_top3,unique_race_days,unique_years,win_hit_years,place_hit_years,n_365,win_roi_365,place_roi_365,n_730,win_roi_730,place_roi_730,n_1095,win_roi_1095,place_roi_1095,annual_win_roi_std,annual_place_roi_std,temporal_warnings,appears_incremental_against_all_immediate_parents,strongest_parent_id,weakest_parent_id,parents_compact_json,selection_basis
v04c_96c98f51aff656152611257f,v04tpl_0ba5d08be0c65cc1de24,PEDIGREE_BASELINE,PEDIGREE_CROSS,2,frame_zone=INNER AND sire_name=アイファーソング,INCREMENTAL_CANDIDATE,ESTABLISHED_CURRENT,37,5,10,0.13513513513513514,0.2702702702702703,1371.8918918918919,275.6756756756757,192.16216216216216,105.4054054054054,35,3,2,3,13,0.0,113.84615384615384,24,1818.75,330.8333333333333,37,1371.8918918918919,275.6756756756757,1755.9613754566062,210.4635761682251,,True,v04m_aabdf77d1488a55b33158d29,v04m_365ff7f43491bdb27b8d1345,"[[""v04m_365ff7f43491bdb27b8d1345"",""frame_zone"",""[{\""feature\"":\""sire_name\"",\""value\"":\""アイファーソング\""}]"",125,9,22,0.072,0.176,420.0,107.36,273.28,89.2,70.8,56.96,102,3,0.06313513513513515,0.0942702702702703,951.8918918918919,168.31567567567566,0.296],[""v04m_aabdf77d1488a55b33158d29"",""sire_name"",""[{\""feature\"":\""frame_zone\"",\""value\"":\""INNER\""}]"",47019,3248,9897,0.06907845764478189,0.21048937663497735,69.55209596120717,71.87690082732513,68.85429294540505,71.49365150258406,67.74793168719029,71.20270528935112,323,4,0.06605667749035325,0.05978089363529293,1302.3397959306847,203.79877484835055,0.0007869159276037346]]",INCREMENTAL_CANDIDATE first; non-jackpot; min parent ROI delta desc; support desc; candidate_id
v04c_fd77e97c82b00ce0eab5c710,v04tpl_a780ff71cc647324d41a,TRANSITION_PRIORITY,PEDIGREE_TRANSITION_CROSS,3,venue_code=03 AND sire_name=ルーラーシップ AND distance_change_bucket=SHORTEN,INCREMENTAL_CANDIDATE,ESTABLISHED_CURRENT,20,6,9,0.3,0.45,920.0,359.0,139.5,82.0,18,3,3,3,6,436.6666666666667,148.33333333333334,12,1375.8333333333333,529.1666666666666,20,920.0,359.0,936.2753935965213,370.00943639952123,,True,v04m_679242622ef08f9f197f743e,v04m_6a689c8bc9d6e837c359f560,"[[""v04m_a350515ac2aff8d01a946afc"",""venue_code"",""[{\""feature\"":\""sire_name\"",\""value\"":\""ルーラーシップ\""},{\""feature\"":\""distance_change_bucket\"",\""value\"":\""SHORTEN\""}]"",415,28,85,0.06746987951807229,0.20481927710843373,82.93975903614458,109.27710843373494,53.6144578313253,95.20481927710843,37.01204819277108,72.62650602409639,219,3,0.2325301204819277,0.24518072289156628,837.0602409638554,249.72289156626505,0.04819277108433735],[""v04m_679242622ef08f9f197f743e"",""sire_name"",""[{\""feature\"":\""venue_code\"",\""value\"":\""03\""},{\""feature\"":\""distance_change_bucket\"",\""value\"":\""SHORTEN\""}]"",1039,83,240,0.07988450433108758,0.23099133782483156,69.85563041385949,81.82868142444659,58.14244465832531,78.07507218479307,49.81713185755534,72.11742059672763,60,3,0.22011549566891242,0.21900866217516846,850.1443695861406,277.1713185755534,0.019249278152069296],[""v04m_6a689c8bc9d6e837c359f560"",""distance_change_bucket"",""[{\""feature\"":\""venue_code\"",\""value\"":\""03\""},{\""feature\"":\""sire_name\"",\""value\"":\""ルーラーシップ\""}]"",232,19,46,0.08189655172413793,0.19827586206896552,138.10344827586206,73.92241379310344,85.64655172413794,57.11206896551724,53.706896551724135,47.06896551724138,60,3,0.21810344827586206,0.2517241379310345,781.8965517241379,285.07758620689657,0.08620689655172414]]",INCREMENTAL_CANDIDATE first; non-jackpot; min parent ROI delta desc; support desc; candidate_id
v04c_a77c679eaf6f766c86d15e23,v04tpl_a2124a783d465fa8f465,TRANSITION_PRIORITY,PEDIGREE_TRANSITION_CROSS,3,sex_code=3 AND sire_line_code=1207 AND frame_transition=OUTER->OUTER,INCREMENTAL_CANDIDATE,ESTABLISHED_CURRENT,50,6,13,0.12,0.26,879.8,277.2,163.0,104.6,48,4,2,3,21,1932.3809523809523,500.4761904761905,36,1127.2222222222222,345.8333333333333,49,897.7551020408164,282.85714285714283,806.0299170606485,188.88249874154852,,True,v04m_2a594ad5b949aec92c60a163,v04m_71247f0988de596e7d4dbc4e,"[[""v04m_2a594ad5b949aec92c60a163"",""sex_code"",""[{\""feature\"":\""sire_line_code\"",\""value\"":\""1207\""},{\""feature\"":\""frame_transition\"",\""value\"":\""OUTER->OUTER\""}]"",850,58,207,0.06823529411764706,0.24352941176470588,85.25882352941177,85.94117647058823,56.51764705882353,79.2235294117647,43.09411764705882,74.6,296,4,0.051764705882352935,0.016470588235294126,794.5411764705882,191.25882352941176,0.058823529411764705],[""v04m_71247f0988de596e7d4dbc4e"",""sire_line_code"",""[{\""feature\"":\""sex_code\"",\""value\"":\""3\""},{\""feature\"":\""frame_transition\"",\""value\"":\""OUTER->OUTER\""}]"",596,35,112,0.0587248322147651,0.18791946308724833,142.6510067114094,74.61409395973155,101.66107382550335,65.03355704697987,72.86912751677852,56.09060402684564,277,4,0.061275167785234896,0.07208053691275168,737.1489932885905,202.58590604026844,0.08389261744966443],[""v04m_1ea36ae56ca7ecbbdd2593f0"",""frame_transition"",""[{\""feature\"":\""sex_code\"",\""value\"":\""3\""},{\""feature\"":\""sire_line_code\"",\""value\"":\""1207\""}]"",619,34,107,0.05492730210016155,0.172859450726979,120.61389337641357,94.37802907915993,81.1470113085622,83.02100161550888,62.7140549273021,69.75767366720517,282,4,0.06507269789983844,0.087140549273021,759.1861066235864,182.82197092084004,0.08077544426494346]]",INCREMENTAL_CANDIDATE first; non-jackpot; min parent ROI delta desc; support desc; candidate_id
v04c_61d3d9cb46c6502e0d5a88e1,v04tpl_8745143f424f45b206fc,TRANSITION_PRIORITY,PEDIGREE_TRANSITION_CROSS,3,distance_m=2000 AND sire_name=マジェスティックウォリアー AND surface_transition=2->2,INCREMENTAL_CANDIDATE,ESTABLISHED_CURRENT,16,5,8,0.3125,0.5,779.375,202.5,127.5,76.875,14,3,3,3,5,688.0,188.0,13,663.0769230769231,174.6153846153846,16,779.375,202.5,290.65941419766256,69.49288310661125,,True,v04m_112bacd953b634a71dc487ea,v04m_cad77d1446fad9894f551738,"[[""v04m_14b6ca645b0599a696e6ae5d"",""distance_m"",""[{\""feature\"":\""sire_name\"",\""value\"":\""マジェスティックウォリアー\""},{\""feature\"":\""surface_transition\"",\""value\"":\""2->2\""}]"",1181,97,249,0.0821337849280271,0.21083827265029637,97.6545300592718,69.3480101608806,91.93903471634208,67.45131244707875,81.71041490262489,64.39458086367485,311,3,0.2303662150719729,0.28916172734970363,681.7204699407282,133.15198983911938,0.013547840812870448],[""v04m_112bacd953b634a71dc487ea"",""sire_name"",""[{\""feature\"":\""distance_m\"",\""value\"":\""2000\""},{\""feature\"":\""surface_transition\"",\""value\"":\""2->2\""}]"",510,41,123,0.0803921568627451,0.2411764705882353,90.33333333333333,83.33333333333333,72.82352941176471,75.96078431372548,57.27450980392157,69.70588235294117,43,3,0.2321078431372549,0.2588235294117647,689.0416666666666,119.16666666666667,0.03137254901960784],[""v04m_cad77d1446fad9894f551738"",""surface_transition"",""[{\""feature\"":\""distance_m\"",\""value\"":\""2000\""},{\""feature\"":\""sire_name\"",\""value\"":\""マジェスティックウォリアー\""}]"",54,6,11,0.1111111111111111,0.2037037037037037,240.1851851851852,75.18518518518519,167.59259259259258,57.77777777777778,47.03703703703704,37.407407407407405,49,3,0.2013888888888889,0.2962962962962963,539.1898148148148,127.31481481481481,0.2962962962962963]]",INCREMENTAL_CANDIDATE first; non-jackpot; min parent ROI delta desc; support desc; candidate_id
v04c_f424e824a6c19c7e292edf00,v04tpl_b118b85a0c06c1e41fce,TRANSITION_PRIORITY,PEDIGREE_TRANSITION_CROSS,3,venue_code=04 AND sire_name=レッドファルクス AND surface_transition=2->2,INCREMENTAL_CANDIDATE,ESTABLISHED_CURRENT,35,8,12,0.22857142857142856,0.34285714285714286,1000.2857142857143,224.28571428571428,144.0,56.857142857142854,27,3,3,3,11,370.0,104.54545454545455,28,1150.7142857142858,249.28571428571428,35,1000.2857142857143,224.28571428571428,599.5498786289278,108.02901319660968,,True,v04m_698d08e16a644bd90f8cebdc,v04m_bbb22f91f87c63cfe88ba24a,"[[""v04m_c50706ac5860e2b0b89f5ae7"",""venue_code"",""[{\""feature\"":\""sire_name\"",\""value\"":\""レッドファルクス\""},{\""feature\"":\""surface_transition\"",\""value\"":\""2->2\""}]"",354,33,88,0.09322033898305085,0.24858757062146894,142.40112994350284,103.07909604519774,83.87005649717514,92.00564971751412,57.740112994350284,74.88700564971751,224,3,0.13535108958837772,0.09426957223567392,857.8845843422115,121.20661824051653,0.09887005649717515],[""v04m_698d08e16a644bd90f8cebdc"",""sire_name"",""[{\""feature\"":\""venue_code\"",\""value\"":\""04\""},{\""feature\"":\""surface_transition\"",\""value\"":\""2->2\""}]"",4210,328,984,0.07790973871733967,0.233729216152019,82.14726840855107,75.78859857482185,77.22565320665083,74.82185273159145,70.41330166270784,73.0190023752969,78,3,0.1506616898540889,0.10912792670512386,918.1384458771632,148.49711571089244,0.00831353919239905],[""v04m_bbb22f91f87c63cfe88ba24a"",""surface_transition"",""[{\""feature\"":\""venue_code\"",\""value\"":\""04\""},{\""feature\"":\""sire_name\"",\""value\"":\""レッドファルクス\""}]"",84,10,16,0.11904761904761904,0.19047619047619047,478.2142857142857,110.11904761904762,231.54761904761904,63.45238095238095,121.42857142857143,40.357142857142854,56,3,0.10952380952380952,0.1523809523809524,522.0714285714287,114.16666666666666,0.4166666666666667]]",INCREMENTAL_CANDIDATE first; non-jackpot; min parent ROI delta desc; support desc; candidate_id
v04c_eec892b9af31d94cf41bd493,v04tpl_eef13ff32363690e4906,PEDIGREE_BASELINE,PEDIGREE_CROSS,3,venue_code=05 AND frame_zone=OUTER AND sire_name=カルフォルニアクローム,INCREMENTAL_CANDIDATE,ESTABLISHED_CURRENT,36,6,11,0.16666666666666666,0.3055555555555556,715.2777777777778,407.22222222222223,168.33333333333334,113.61111111111111,32,3,3,3,19,323.1578947368421,76.3157894736842,29,572.7586206896551,128.6206896551724,36,715.2777777777778,407.22222222222223,415.8388491865399,667.2164258195568,,True,v04m_2ccc39749662bdc878686e6b,v04m_00f423aaf49c94d346dd7195,"[[""v04m_810a4dba9ed42ebf2d0f2ffe"",""venue_code"",""[{\""feature\"":\""frame_zone\"",\""value\"":\""OUTER\""},{\""feature\"":\""sire_name\"",\""value\"":\""カルフォルニアクローム\""}]"",302,27,72,0.08940397350993377,0.23841059602649006,133.50993377483445,117.11920529801324,110.76158940397352,90.39735099337749,68.3112582781457,76.2251655629139,177,3,0.07726269315673288,0.06714495952906552,581.7678440029433,290.103016924209,0.11920529801324503],[""v04m_00f423aaf49c94d346dd7195"",""frame_zone"",""[{\""feature\"":\""venue_code\"",\""value\"":\""05\""},{\""feature\"":\""sire_name\"",\""value\"":\""カルフォルニアクローム\""}]"",150,10,22,0.06666666666666667,0.14666666666666667,195.73333333333332,156.06666666666666,149.93333333333334,102.26666666666667,64.46666666666667,63.86666666666667,80,3,0.09999999999999999,0.1588888888888889,519.5444444444445,251.15555555555557,0.24],[""v04m_2ccc39749662bdc878686e6b"",""sire_name"",""[{\""feature\"":\""venue_code\"",\""value\"":\""05\""},{\""feature\"":\""frame_zone\"",\""value\"":\""OUTER\""}]"",6419,481,1429,0.07493379031001714,0.22262034584826296,64.2639040348964,70.98301916186323,60.458015267175576,69.72581398971802,55.28119644804487,67.4700109051254,134,3,0.09173287635664952,0.08293520970729262,651.0138737428814,336.239203060359,0.005608350210313133]]",INCREMENTAL_CANDIDATE first; non-jackpot; min parent ROI delta desc; support desc; candidate_id
v04c_511b1225039ffe49d0a9d3b3,v04tpl_7ee358c33bc09eeac6e6,TRANSITION_PRIORITY,PEDIGREE_TRANSITION_CROSS,3,broodmare_sire_line_code=1311 AND prev1_venue_code=06 AND frame_transition=OUTER->INNER,INCREMENTAL_CANDIDATE,ESTABLISHED_CURRENT,55,11,20,0.2,0.36363636363636365,662.7272727272727,155.27272727272728,182.54545454545453,90.72727272727273,46,3,3,3,22,247.27272727272728,80.9090909090909,40,856.0,175.5,55,662.7272727272727,155.27272727272728,662.4952327950564,94.64415454972278,,True,v04m_c252e8d6c64139faf9b475e9,v04m_0ef0e31eb9cb2ffe3fba8106,"[[""v04m_c252e8d6c64139faf9b475e9"",""broodmare_sire_line_code"",""[{\""feature\"":\""prev1_venue_code\"",\""value\"":\""06\""},{\""feature\"":\""frame_transition\"",\""value\"":\""OUTER->INNER\""}]"",1844,137,409,0.07429501084598698,0.2218004338394794,102.53796095444686,74.36550976138828,89.13774403470715,72.55422993492408,76.16052060737528,69.2299349240781,289,4,0.125704989154013,0.14183592979688425,560.1893117728259,80.907217511339,0.02982646420824295],[""v04m_0ef0e31eb9cb2ffe3fba8106"",""prev1_venue_code"",""[{\""feature\"":\""broodmare_sire_line_code\"",\""value\"":\""1311\""},{\""feature\"":\""frame_transition\"",\""value\"":\""OUTER->INNER\""}]"",359,27,85,0.07520891364902507,0.23676880222841226,152.89693593314763,75.73816155988858,109.97214484679665,70.25069637883009,79.33147632311977,63.62116991643454,216,3,0.12479108635097494,0.12686756140795138,509.8303367941251,79.5345657128387,0.1532033426183844],[""v04m_95489706b9400d8cf5c5f635"",""frame_transition"",""[{\""feature\"":\""broodmare_sire_line_code\"",\""value\"":\""1311\""},{\""feature\"":\""prev1_venue_code\"",\""value\"":\""06\""}]"",589,53,139,0.0899830220713073,0.23599320882852293,119.9320882852292,69.10016977928693,93.76910016977929,65.75551782682513,73.2258064516129,61.578947368421055,224,4,0.11001697792869271,0.12764315480784072,542.7951844420436,86.17255749344035,0.0933786078098472]]",INCREMENTAL_CANDIDATE first; non-jackpot; min parent ROI delta desc; support desc; candidate_id
v04c_49c53dbc7f757bab50bb64a0,v04tpl_23724c70aef29132b8cb,PEDIGREE_BASELINE,PEDIGREE_CROSS,3,venue_code=09 AND running_style_code=2 AND broodmare_sire_name=ルーラーシップ,INCREMENTAL_CANDIDATE,ESTABLISHED_CURRENT,25,8,11,0.32,0.44,795.2,147.2,135.2,69.2,24,3,2,2,18,352.77777777777777,121.66666666666667,20,317.5,109.5,25,795.2,147.2,1201.1357119943848,122.33842960421181,,True,v04m_937b839bddf11f0520f67bad,v04m_3e7540ed3620c8eb72663ff3,"[[""v04m_3f7f057439fd2a3e5aad56c1"",""venue_code"",""[{\""feature\"":\""running_style_code\"",\""value\"":\""2\""},{\""feature\"":\""broodmare_sire_name\"",\""value\"":\""ルーラーシップ\""}]"",241,31,75,0.12863070539419086,0.3112033195020747,124.02489626556017,72.32365145228216,80.24896265560166,68.54771784232365,55.560165975103736,61.53526970954357,169,3,0.19136929460580915,0.1287966804979253,671.1751037344399,74.87634854771782,0.1037344398340249],[""v04m_3e7540ed3620c8eb72663ff3"",""running_style_code"",""[{\""feature\"":\""venue_code\"",\""value\"":\""09\""},{\""feature\"":\""broodmare_sire_name\"",\""value\"":\""ルーラーシップ\""}]"",104,17,28,0.16346153846153846,0.2692307692307692,301.34615384615387,86.15384615384616,199.90384615384616,78.46153846153847,130.48076923076923,64.32692307692308,64,3,0.15653846153846154,0.17076923076923078,493.8538461538462,61.04615384615383,0.2403846153846154],[""v04m_937b839bddf11f0520f67bad"",""broodmare_sire_name"",""[{\""feature\"":\""venue_code\"",\""value\"":\""09\""},{\""feature\"":\""running_style_code\"",\""value\"":\""2\""}]"",3981,387,1089,0.09721175584024115,0.27354935945742276,74.52398894750063,76.17683998995227,71.55739763878422,75.4257724189902,66.0788746546094,74.05928158754082,102,4,0.22278824415975884,0.16645064054257724,720.6760110524995,71.02316001004772,0.006279829188646069]]",INCREMENTAL_CANDIDATE first; non-jackpot; min parent ROI delta desc; support desc; candidate_id
v04c_07f74c1478c27af4c37d0552,v04tpl_4caaf4f65f126b1a3f50,PEDIGREE_INTERACTION,PEDIGREE_CROSS,3,frame_zone=INNER AND sire_name=アイファーソング AND broodmare_sire_line_code=1206,INCREMENTAL_CANDIDATE,ESTABLISHED_CURRENT,19,4,8,0.21052631578947367,0.42105263157894735,1860.5263157894738,404.7368421052632,103.6842105263158,118.94736842105263,19,3,2,3,4,0.0,235.0,10,2824.0,543.0,19,1860.5263157894738,404.7368421052632,2057.967953775139,238.28102392948418,,True,v04m_ecf0f4dab0ee8172b15119e6,v04m_ea50cbdf0be5bbf869b6fc2c,"[[""v04m_ad6f5ab8a3c2fcd597b8191a"",""frame_zone"",""[{\""feature\"":\""sire_name\"",\""value\"":\""アイファーソング\""},{\""feature\"":\""broodmare_sire_line_code\"",\""value\"":\""1206\""}]"",62,8,18,0.12903225806451613,0.2903225806451613,598.2258064516129,156.1290322580645,302.4193548387097,119.51612903225806,59.83870967741935,68.54838709677419,57,3,0.08149405772495755,0.13073005093378604,1262.3005093378608,248.60780984719867,0.3064516129032258],[""v04m_ecf0f4dab0ee8172b15119e6"",""sire_name"",""[{\""feature\"":\""frame_zone\"",\""value\"":\""INNER\""},{\""feature\"":\""broodmare_sire_line_code\"",\""value\"":\""1206\""}]"",16447,1073,3310,0.06523986137289475,0.20125250805618045,70.2626618836262,70.54964431203258,68.69763482702012,69.45400376968445,66.4431203258953,68.78822885632638,323,4,0.14528645441657892,0.2198001235227669,1790.2636539058476,334.1871977932306,0.0011552258770596462],[""v04m_ea50cbdf0be5bbf869b6fc2c"",""broodmare_sire_line_code"",""[{\""feature\"":\""frame_zone\"",\""value\"":\""INNER\""},{\""feature\"":\""sire_name\"",\""value\"":\""アイファーソング\""}]"",37,5,10,0.13513513513513514,0.2702702702702703,1371.8918918918919,275.6756756756757,876.2162162162163,214.32432432432432,192.16216216216216,105.4054054054054,35,3,0.07539118065433853,0.15078236130867706,488.6344238975819,129.0611664295875,0.5135135135135135]]",INCREMENTAL_CANDIDATE first; non-jackpot; min parent ROI delta desc; support desc; candidate_id
v04c_28e2a56155dceffc1d477dde,v04tpl_22b0a5e2c48ee98f638d,PEDIGREE_INTERACTION,PEDIGREE_CROSS,3,running_style_code=0 AND sire_name=グレーターロンドン AND broodmare_sire_line_code=1503,INCREMENTAL_CANDIDATE,ESTABLISHED_CURRENT,22,7,12,0.3181818181818182,0.5454545454545454,873.6363636363636,277.27272727272725,104.54545454545455,85.45454545454545,19,3,3,3,4,1075.0,390.0,14,1080.7142857142858,344.2857142857143,22,873.6363636363636,277.27272727272725,267.65984320900037,96.92608867929556,,True,v04m_266489ed3ec4ada943081b04,v04m_8694f8c29145ebb986b5c24f,"[[""v04m_20d99140eb1207cdc81d975d"",""running_style_code"",""[{\""feature\"":\""sire_name\"",\""value\"":\""グレーターロンドン\""},{\""feature\"":\""broodmare_sire_line_code\"",\""value\"":\""1503\""}]"",221,22,58,0.09954751131221719,0.26244343891402716,163.98190045248867,89.45701357466064,116.15384615384616,81.49321266968326,78.28054298642535,69.72850678733032,160,3,0.218634306869601,0.28301110654051825,709.6544631838749,187.81571369806662,0.09954751131221719],[""v04m_266489ed3ec4ada943081b04"",""sire_name"",""[{\""feature\"":\""running_style_code\"",\""value\"":\""0\""},{\""feature\"":\""broodmare_sire_line_code\"",\""value\"":\""1503\""}]"",3323,229,674,0.06891363226000602,0.20282876918447187,77.40896780018056,69.62985254288294,71.14354498946734,67.66777008727054,65.51910923863979,65.31748420102318,321,4,0.24926818592181216,0.3426257762700735,796.2273958361831,207.64287472984432,0.0066205236232320195],[""v04m_8694f8c29145ebb986b5c24f"",""broodmare_sire_line_code"",""[{\""feature\"":\""running_style_code\"",\""value\"":\""0\""},{\""feature\"":\""sire_name\"",\""value\"":\""グレーターロンドン\""}]"",54,9,18,0.16666666666666666,0.3333333333333333,386.48148148148147,174.25925925925927,190.74074074074073,141.66666666666666,73.14814814814815,94.81481481481481,42,3,0.15151515151515152,0.2121212121212121,487.15488215488216,103.01346801346799,0.4074074074074074]]",INCREMENTAL_CANDIDATE first; non-jackpot; min parent ROI delta desc; support desc; candidate_id
v04c_bd06a9843e4f3746502fe199,v04tpl_bc73c38d11c137286cf6,PEDIGREE_BASELINE,PEDIGREE_CROSS,3,distance_m=1200 AND sex_code=3 AND broodmare_sire_name=クロフネ,INCREMENTAL_CANDIDATE,ESTABLISHED_CURRENT,28,6,9,0.21428571428571427,0.32142857142857145,546.7857142857143,220.0,141.42857142857142,87.5,27,3,3,3,14,342.85714285714283,210.71428571428572,24,392.9166666666667,209.58333333333334,28,546.7857142857143,220.0,507.1659035898479,38.36277936583026,,True,v04m_b903c83f31dcf71dfbc70907,v04m_eb2f239e1b88997c3c97ecba,"[[""v04m_1217b75aeae96caf8a348bc9"",""distance_m"",""[{\""feature\"":\""sex_code\"",\""value\"":\""3\""},{\""feature\"":\""broodmare_sire_name\"",\""value\"":\""クロフネ\""}]"",231,16,61,0.06926406926406926,0.26406926406926406,95.28138528138528,98.26839826839827,69.82683982683983,90.95238095238095,43.333333333333336,77.87878787878788,166,3,0.145021645021645,0.05735930735930739,451.50432900432907,121.73160173160173,0.12121212121212122],[""v04m_eb2f239e1b88997c3c97ecba"",""sex_code"",""[{\""feature\"":\""distance_m\"",\""value\"":\""1200\""},{\""feature\"":\""broodmare_sire_name\"",\""value\"":\""クロフネ\""}]"",782,46,144,0.058823529411764705,0.18414322250639387,107.3145780051151,96.31713554987212,71.52173913043478,82.13554987212277,56.0230179028133,71.94373401534527,277,4,0.15546218487394958,0.13728534892217759,439.47113628059924,123.68286445012788,0.03580562659846547],[""v04m_b903c83f31dcf71dfbc70907"",""broodmare_sire_name"",""[{\""feature\"":\""distance_m\"",\""value\"":\""1200\""},{\""feature\"":\""sex_code\"",\""value\"":\""3\""}]"",963,52,158,0.05399792315680166,0.1640706126687435,89.65732087227414,79.31464174454828,69.39771547248182,74.98442367601245,58.110072689511945,68.84735202492212,294,4,0.16028779112891262,0.15735795875982794,457.1283934134402,140.68535825545172,0.029075804776739357]]",INCREMENTAL_CANDIDATE first; non-jackpot; min parent ROI delta desc; support desc; candidate_id
v04c_6ebf2a2dd40b75aa23105a65,v04tpl_6dfc56ff962df37d9222,PEDIGREE_BASELINE,PEDIGREE_CROSS,3,venue_code=04 AND surface_code=2 AND sire_name=レッドファルクス,INCREMENTAL_CANDIDATE,ESTABLISHED_CURRENT,39,8,12,0.20512820512820512,0.3076923076923077,897.6923076923077,201.28205128205127,129.23076923076923,51.02564102564103,30,3,3,3,12,339.1666666666667,95.83333333333333,29,1111.0344827586207,240.68965517241378,39,897.6923076923077,201.28205128205127,635.3621224764454,118.62461789231176,,True,v04m_541bb83d427c5cf638bda083,v04m_bbb22f91f87c63cfe88ba24a,"[[""v04m_8ef87bb9f965c6f842d58454"",""venue_code"",""[{\""feature\"":\""surface_code\"",\""value\"":\""2\""},{\""feature\"":\""sire_name\"",\""value\"":\""レッドファルクス\""}]"",464,35,104,0.07543103448275862,0.22413793103448276,118.01724137931035,96.27155172413794,73.36206896551724,87.82327586206897,53.42672413793103,73.27586206896552,245,3,0.1296971706454465,0.08355437665782495,779.6750663129974,105.01049955791333,0.08405172413793104],[""v04m_bbb22f91f87c63cfe88ba24a"",""surface_code"",""[{\""feature\"":\""venue_code\"",\""value\"":\""04\""},{\""feature\"":\""sire_name\"",\""value\"":\""レッドファルクス\""}]"",84,10,16,0.11904761904761904,0.19047619047619047,478.2142857142857,110.11904761904762,231.54761904761904,63.45238095238095,121.42857142857143,40.357142857142854,56,3,0.08608058608058608,0.11721611721611724,419.478021978022,91.16300366300365,0.4642857142857143],[""v04m_541bb83d427c5cf638bda083"",""sire_name"",""[{\""feature\"":\""venue_code\"",\""value\"":\""04\""},{\""feature\"":\""surface_code\"",\""value\"":\""2\""}]"",5367,386,1157,0.07192099869573318,0.21557667225638158,77.31880007452953,75.28787031861376,73.43953791689957,74.52953232718464,66.70765790944662,73.11533445127631,78,3,0.13320720643247194,0.09211563543592613,820.3735076177782,125.99418096343751,0.0072666294019005035]]",INCREMENTAL_CANDIDATE first; non-jackpot; min parent ROI delta desc; support desc; candidate_id
v04c_cfaead5fc4ee988782c4cc44,v04tpl_dff5db8fad8cf2931185,TRANSITION_PRIORITY,PEDIGREE_TRANSITION_CROSS,3,race_condition_code=05 AND broodmare_sire_name=ハービンジャー AND frame_transition=MIDDLE->OUTER,INCREMENTAL_CANDIDATE,ESTABLISHED_CURRENT,47,12,19,0.2553191489361702,0.40425531914893614,614.8936170212766,170.85106382978722,105.1063829787234,85.31914893617021,42,3,3,3,13,1947.6923076923076,343.0769230769231,33,823.6363636363636,172.12121212121212,47,614.8936170212766,170.85106382978722,867.358594559853,116.27926675436947,,True,v04m_3e797160633e5ff75c6f6be8,v04m_c4c8455b297cca10ffa864da,"[[""v04m_c4c8455b297cca10ffa864da"",""race_condition_code"",""[{\""feature\"":\""broodmare_sire_name\"",\""value\"":\""ハービンジャー\""},{\""feature\"":\""frame_transition\"",\""value\"":\""MIDDLE->OUTER\""}]"",180,23,58,0.12777777777777777,0.32222222222222224,199.88888888888889,108.61111111111111,105.22222222222223,92.44444444444444,66.77777777777777,75.44444444444444,138,3,0.12754137115839242,0.0820330969267139,415.00472813238764,62.23995271867611,0.2611111111111111],[""v04m_3e797160633e5ff75c6f6be8"",""broodmare_sire_name"",""[{\""feature\"":\""race_condition_code\"",\""value\"":\""05\""},{\""feature\"":\""frame_transition\"",\""value\"":\""MIDDLE->OUTER\""}]"",3930,321,950,0.0816793893129771,0.24173027989821882,72.16030534351145,75.29770992366412,67.82442748091603,74.43256997455471,60.969465648854964,72.81424936386769,323,4,0.1736397596231931,0.16252503925071732,542.7333116777651,95.5533539061231,0.011959287531806615],[""v04m_3c9f78e10719da719b8fa219"",""frame_transition"",""[{\""feature\"":\""race_condition_code\"",\""value\"":\""05\""},{\""feature\"":\""broodmare_sire_name\"",\""value\"":\""ハービンジャー\""}]"",382,47,108,0.12303664921465969,0.28272251308900526,147.4869109947644,78.32460732984293,102.87958115183245,73.01047120418848,77.30366492146597,65.52356020942409,223,3,0.13228249972151052,0.12153280605993089,467.40670602651215,92.52645649994429,0.12303664921465969]]",INCREMENTAL_CANDIDATE first; non-jackpot; min parent ROI delta desc; support desc; candidate_id
v04c_d244b3910ab5d35982d95930,v04tpl_19d2cef4b3dff1e54bb9,PEDIGREE_BASELINE,PEDIGREE_CROSS,2,venue_code=04 AND sire_name=レッドファルクス,INCREMENTAL_CANDIDATE,ESTABLISHED_CURRENT,84,10,16,0.11904761904761904,0.19047619047619047,478.2142857142857,110.11904761904762,121.42857142857143,40.357142857142854,56,3,3,3,27,150.74074074074073,42.592592592592595,59,546.1016949152543,120.67796610169492,84,478.2142857142857,110.11904761904762,311.7748270963771,60.38495196204676,,True,v04m_23c4f55fa7cc4a450514b61e,v04m_0a1f46141ad02a1ffffbde48,"[[""v04m_0a1f46141ad02a1ffffbde48"",""venue_code"",""[{\""feature\"":\""sire_name\"",\""value\"":\""レッドファルクス\""}]"",826,50,154,0.06053268765133172,0.1864406779661017,83.89830508474576,75.41162227602905,58.813559322033896,70.66585956416465,47.61501210653753,62.493946731234864,300,3,0.05851493139628732,0.004035512510088768,394.31598062954,34.70742534301857,0.1016949152542373],[""v04m_23c4f55fa7cc4a450514b61e"",""sire_name"",""[{\""feature\"":\""venue_code\"",\""value\"":\""04\""}]"",13182,938,2795,0.07115763920497649,0.21203155818540434,75.12061902594446,73.97511758458504,72.63161887422243,73.30147170383857,69.4803519951449,72.30238203610985,78,3,0.04788997984264255,-0.021555367709213874,403.0936666883413,36.143930034462585,0.0063723258989531175]]",INCREMENTAL_CANDIDATE first; non-jackpot; min parent ROI delta desc; support desc; candidate_id
v04c_21fca8a3edc1d4865c8607a8,v04tpl_74b08b864cff780b0c80,PEDIGREE_BASELINE,PEDIGREE_CROSS,3,running_style_code=2 AND sire_name=サートゥルナーリア AND prev1_venue_code=08,INCREMENTAL_CANDIDATE,ESTABLISHED_CURRENT,33,10,14,0.30303030303030304,0.42424242424242425,572.7272727272727,144.24242424242425,119.39393939393939,62.42424242424242,29,2,2,2,28,656.4285714285714,151.78571428571428,33,572.7272727272727,144.24242424242425,33,572.7272727272727,144.24242424242425,276.2142857142857,24.89285714285714,,True,v04m_fbb59b72a7274085ec383f8f,v04m_60ea8c1ae2b806c2aa6b1f4c,"[[""v04m_60ea8c1ae2b806c2aa6b1f4c"",""running_style_code"",""[{\""feature\"":\""sire_name\"",\""value\"":\""サートゥルナーリア\""},{\""feature\"":\""prev1_venue_code\"",\""value\"":\""08\""}]"",127,19,35,0.14960629921259844,0.2755905511811024,192.28346456692913,87.32283464566929,119.84251968503936,77.08661417322834,74.48818897637796,64.48818897637796,80,2,0.1534240038177046,0.14865187306132188,380.4438081603436,56.91958959675496,0.25984251968503935],[""v04m_fbb59b72a7274085ec383f8f"",""sire_name"",""[{\""feature\"":\""running_style_code\"",\""value\"":\""2\""},{\""feature\"":\""prev1_venue_code\"",\""value\"":\""08\""}]"",4714,494,1364,0.1047942299533305,0.28935086974968177,77.75986423419602,83.53203224437844,75.30759439966059,82.24013576580398,71.57403478998727,80.7658039881205,285,3,0.19823607307697255,0.13489155449274248,494.96740849307673,60.71039199804581,0.007000424268137463],[""v04m_5ae7dd912b9da99dd34e95dd"",""prev1_venue_code"",""[{\""feature\"":\""running_style_code\"",\""value\"":\""2\""},{\""feature\"":\""sire_name\"",\""value\"":\""サートゥルナーリア\""}]"",218,32,71,0.14678899082568808,0.3256880733944954,123.44036697247707,72.75229357798165,81.23853211009174,66.78899082568807,54.81651376146789,59.862385321100916,103,2,0.15624131220461496,0.09855435084792885,449.28690575479567,71.4901306644426,0.15137614678899083]]",INCREMENTAL_CANDIDATE first; non-jackpot; min parent ROI delta desc; support desc; candidate_id
v04c_d9e1ef34711ce08121781bd2,v04tpl_38586c629b4aeb0e5489,TRANSITION_PRIORITY,PEDIGREE_TRANSITION_CROSS,3,frame_zone=INNER AND sire_name=アイファーソング AND surface_transition=2->2,INCREMENTAL_CANDIDATE,ESTABLISHED_CURRENT,29,5,10,0.1724137931034483,0.3448275862068966,1750.344827586207,351.7241379310345,245.17241379310346,134.48275862068965,28,3,2,3,12,0.0,123.33333333333333,21,2078.5714285714284,378.0952380952381,29,1750.344827586207,351.7241379310345,2108.2873018690366,251.25572832293633,,True,v04m_d553ced434b734ca9f27fe37,v04m_ea50cbdf0be5bbf869b6fc2c,"[[""v04m_24fa9fafbdaa49a3d2546103"",""frame_zone"",""[{\""feature\"":\""sire_name\"",\""value\"":\""アイファーソング\""},{\""feature\"":\""surface_transition\"",\""value\"":\""2->2\""}]"",96,9,22,0.09375,0.22916666666666666,546.875,139.79166666666666,355.8333333333333,116.14583333333333,92.1875,74.16666666666667,83,3,0.07866379310344829,0.11566091954022992,1203.469827586207,211.93247126436782,0.3020833333333333],[""v04m_d553ced434b734ca9f27fe37"",""sire_name"",""[{\""feature\"":\""frame_zone\"",\""value\"":\""INNER\""},{\""feature\"":\""surface_transition\"",\""value\"":\""2->2\""}]"",18169,1234,3846,0.06791788210688536,0.2116792338598712,69.45181352853761,70.02586823710716,68.00539380263085,69.65215476911223,65.32885684407508,68.97352633606693,323,4,0.10449591099656293,0.13314835234702538,1680.8930140576695,281.69826969392733,0.0015961252683141616],[""v04m_ea50cbdf0be5bbf869b6fc2c"",""surface_transition"",""[{\""feature\"":\""frame_zone\"",\""value\"":\""INNER\""},{\""feature\"":\""sire_name\"",\""value\"":\""アイファーソング\""}]"",37,5,10,0.13513513513513514,0.2702702702702703,1371.8918918918919,275.6756756756757,876.2162162162163,214.32432432432432,192.16216216216216,105.4054054054054,35,3,0.037278657968313145,0.07455731593662629,378.4529356943151,76.0484622553588,0.7837837837837838]]",INCREMENTAL_CANDIDATE first; non-jackpot; min parent ROI delta desc; support desc; candidate_id
v04c_fdc7a5f83146f32fb11f5238,v04tpl_ba54c02434e6010d4434,PEDIGREE_BASELINE,PEDIGREE_CROSS,2,race_condition_code=OP AND sire_name=ファインニードル,INCREMENTAL_CANDIDATE,ESTABLISHED_CURRENT,59,9,13,0.15254237288135594,0.22033898305084745,482.03389830508473,121.86440677966101,176.94915254237287,60.33898305084746,49,3,3,3,33,620.3030303030303,146.36363636363637,47,447.02127659574467,106.80851063829788,59,482.03389830508473,121.86440677966101,273.9634562561614,72.10985080193207,,True,v04m_1097347b1e2bae36a1479e44,v04m_a4a14bd0f10665e0c68a3e48,"[[""v04m_a4a14bd0f10665e0c68a3e48"",""race_condition_code"",""[{\""feature\"":\""sire_name\"",\""value\"":\""ファインニードル\""}]"",822,74,176,0.09002433090024331,0.2141119221411192,106.93430656934306,79.31873479318735,93.9051094890511,74.09975669099757,77.93187347931874,66.92214111922141,294,4,0.06251804198111263,0.006227060909728244,375.0995917357417,42.545671986473664,0.07177615571776155],[""v04m_1097347b1e2bae36a1479e44"",""sire_name"",""[{\""feature\"":\""race_condition_code\"",\""value\"":\""OP\""}]"",12977,934,2775,0.0719734915619943,0.2138398705401865,69.92602296370502,72.28327040147954,68.31856361254528,71.86175541342375,65.21846343530862,71.21522693997072,319,4,0.08056888131936164,0.006499112510660959,412.1078753413797,49.58113637818147,0.00454650535562919]]",INCREMENTAL_CANDIDATE first; non-jackpot; min parent ROI delta desc; support desc; candidate_id
v04c_09cb52bbd3acc670f215f034,v04tpl_2a959a07e4e3b1ddb05f,PEDIGREE_INTERACTION,PEDIGREE_CROSS,3,sire_line_code=1503 AND broodmare_sire_name=クロフネ AND prev1_venue_code=01,INCREMENTAL_CANDIDATE,ESTABLISHED_CURRENT,31,6,10,0.1935483870967742,0.3225806451612903,488.7096774193548,140.6451612903226,100.64516129032258,62.58064516129032,26,3,3,3,3,110.0,133.33333333333334,20,447.0,159.0,31,488.7096774193548,140.6451612903226,201.9827241458803,22.987370665238792,,True,v04m_2766ce2fb16339058d498661,v04m_6e024681ae6cb95bf436f171,"[[""v04m_6e024681ae6cb95bf436f171"",""sire_line_code"",""[{\""feature\"":\""broodmare_sire_name\"",\""value\"":\""クロフネ\""},{\""feature\"":\""prev1_venue_code\"",\""value\"":\""01\""}]"",142,9,27,0.06338028169014084,0.19014084507042253,116.12676056338029,74.43661971830986,85.35211267605634,62.67605633802817,31.408450704225352,46.54929577464789,83,3,0.13016810540663334,0.13243980009086778,372.58291685597453,66.20854157201273,0.21830985915492956],[""v04m_a6a12bf52a9e384e09b004bb"",""broodmare_sire_name"",""[{\""feature\"":\""sire_line_code\"",\""value\"":\""1503\""},{\""feature\"":\""prev1_venue_code\"",\""value\"":\""01\""}]"",1135,90,261,0.07929515418502203,0.22995594713656387,68.70484581497797,76.93392070484582,61.67400881057269,73.87665198237886,54.18502202643172,68.77533039647577,198,4,0.11425323291175216,0.09262469802472645,420.0048316043768,63.71124058547677,0.027312775330396475],[""v04m_2766ce2fb16339058d498661"",""prev1_venue_code"",""[{\""feature\"":\""sire_line_code\"",\""value\"":\""1503\""},{\""feature\"":\""broodmare_sire_name\"",\""value\"":\""クロフネ\""}]"",945,51,191,0.05396825396825397,0.2021164021164021,62.08465608465608,71.29100529100529,52.63492063492063,68.53968253968254,41.407407407407405,64.84656084656085,303,3,0.13958013312852022,0.1204642430448882,426.6250213346987,69.3541559993173,0.0328042328042328]]",INCREMENTAL_CANDIDATE first; non-jackpot; min parent ROI delta desc; support desc; candidate_id
v04c_5d2415f3fb5c51a5efed87ca,v04tpl_44f31234446019712fc2,PEDIGREE_BASELINE,PEDIGREE_CROSS,3,venue_code=09 AND frame_zone=OUTER AND broodmare_sire_name=ルーラーシップ,INCREMENTAL_CANDIDATE,ESTABLISHED_CURRENT,28,8,11,0.2857142857142857,0.39285714285714285,663.5714285714286,115.71428571428571,117.14285714285714,53.214285714285715,23,3,3,3,16,307.5,96.875,19,286.8421052631579,91.57894736842105,28,663.5714285714286,115.71428571428571,576.0890712119278,43.0422246387411,730D_DIRECTION_CONTRADICTS_FULL_3Y,True,v04m_b9c8c0bf91804a5654d48a71,v04m_3e7540ed3620c8eb72663ff3,"[[""v04m_5c005f7e4b38dd4e64e76cf1"",""venue_code"",""[{\""feature\"":\""frame_zone\"",\""value\"":\""OUTER\""},{\""feature\"":\""broodmare_sire_name\"",\""value\"":\""ルーラーシップ\""}]"",310,31,79,0.1,0.25483870967741934,117.06451612903226,66.7741935483871,83.03225806451613,63.774193548387096,62.516129032258064,58.96774193548387,195,3,0.1857142857142857,0.1380184331797235,546.5069124423962,48.940092165898605,0.09032258064516129],[""v04m_3e7540ed3620c8eb72663ff3"",""frame_zone"",""[{\""feature\"":\""venue_code\"",\""value\"":\""09\""},{\""feature\"":\""broodmare_sire_name\"",\""value\"":\""ルーラーシップ\""}]"",104,17,28,0.16346153846153846,0.2692307692307692,301.34615384615387,86.15384615384616,199.90384615384616,78.46153846153847,130.48076923076923,64.32692307692308,64,3,0.12225274725274723,0.12362637362637363,362.2252747252747,29.560439560439548,0.2692307692307692],[""v04m_b9c8c0bf91804a5654d48a71"",""broodmare_sire_name"",""[{\""feature\"":\""venue_code\"",\""value\"":\""09\""},{\""feature\"":\""frame_zone\"",\""value\"":\""OUTER\""}]"",4707,375,1072,0.07966857871255577,0.22774591034629277,64.1852560016996,68.36838750796686,61.94391332058636,67.34862970044614,58.000849798172936,65.65965583173997,102,4,0.20604570700172992,0.16511123251085008,599.386172569729,47.34589820631885,0.005948587210537497]]",INCREMENTAL_CANDIDATE first; non-jackpot; min parent ROI delta desc; support desc; candidate_id
v04c_1ed24612a32dac5e0d5176d9,v04tpl_055181416bd1bf70f809,TRANSITION_PRIORITY,PEDIGREE_TRANSITION_CROSS,3,condition_class_code=9 AND sire_name=リオンディーズ AND frame_transition=MIDDLE->OUTER,INCREMENTAL_CANDIDATE,ESTABLISHED_CURRENT,14,7,9,0.5,0.6428571428571429,435.0,170.0,109.28571428571429,70.71428571428571,14,3,3,3,3,1253.3333333333333,286.6666666666667,11,485.45454545454544,195.45454545454547,14,435.0,170.0,485.82324810064586,86.27068547797396,,True,v04m_56c3c1397d54983fc0755c2a,v04m_d30f8f0f6675e8fbfcca0169,"[[""v04m_f7683c51c74c8f9d8b733c44"",""condition_class_code"",""[{\""feature\"":\""sire_name\"",\""value\"":\""リオンディーズ\""},{\""feature\"":\""frame_transition\"",\""value\"":\""MIDDLE->OUTER\""}]"",225,20,50,0.08888888888888889,0.2222222222222222,84.0,66.71111111111111,68.17777777777778,58.71111111111111,38.71111111111111,50.17777777777778,163,3,0.4111111111111111,0.4206349206349207,351.0,103.28888888888889,0.06222222222222222],[""v04m_56c3c1397d54983fc0755c2a"",""sire_name"",""[{\""feature\"":\""condition_class_code\"",\""value\"":\""9\""},{\""feature\"":\""frame_transition\"",\""value\"":\""MIDDLE->OUTER\""}]"",1028,82,227,0.07976653696498054,0.22081712062256809,78.49221789883268,76.18677042801556,68.852140077821,74.5136186770428,60.80739299610895,71.215953307393,291,4,0.42023346303501946,0.4220400222345748,356.5077821011673,93.81322957198444,0.013618677042801557],[""v04m_d30f8f0f6675e8fbfcca0169"",""frame_transition"",""[{\""feature\"":\""condition_class_code\"",\""value\"":\""9\""},{\""feature\"":\""sire_name\"",\""value\"":\""リオンディーズ\""}]"",127,18,41,0.14173228346456693,0.3228346456692913,101.10236220472441,90.86614173228347,75.35433070866142,78.97637795275591,56.69291338582677,66.77165354330708,101,3,0.3582677165354331,0.3200224971878516,333.8976377952756,79.13385826771653,0.11023622047244094]]",INCREMENTAL_CANDIDATE first; non-jackpot; min parent ROI delta desc; support desc; candidate_id
v04c_ffc1f58a42ef8ace1e7faa11,v04tpl_babed1b01ec4ddfab5e3,PEDIGREE_BASELINE,PEDIGREE_CROSS,3,distance_m=1600 AND condition_class_code=3 AND broodmare_sire_name=キングカメハメハ,INCREMENTAL_CANDIDATE,ESTABLISHED_CURRENT,53,10,12,0.18867924528301888,0.22641509433962265,413.20754716981133,103.58490566037736,123.01886792452831,43.9622641509434,40,3,3,3,24,225.83333333333334,74.16666666666667,38,522.8947368421053,123.94736842105263,53,413.20754716981133,103.58490566037736,338.8161186575125,63.9267086727164,,True,v04m_2559ab10b9eb8ba97b8b9730,v04m_8e4ad6295d765cfb77cee1f5,"[[""v04m_2559ab10b9eb8ba97b8b9730"",""distance_m"",""[{\""feature\"":\""condition_class_code\"",\""value\"":\""3\""},{\""feature\"":\""broodmare_sire_name\"",\""value\"":\""キングカメハメハ\""}]"",505,34,101,0.06732673267326733,0.2,84.77227722772277,68.37623762376238,73.9009900990099,63.54455445544554,54.31683168316832,58.257425742574256,243,3,0.12135251260975155,0.026415094339622636,328.43526994208855,35.20866803661498,0.10495049504950495],[""v04m_8e4ad6295d765cfb77cee1f5"",""condition_class_code"",""[{\""feature\"":\""distance_m\"",\""value\"":\""1600\""},{\""feature\"":\""broodmare_sire_name\"",\""value\"":\""キングカメハメハ\""}]"",829,64,187,0.07720144752714113,0.2255729794933655,86.41737032569361,62.67792521109771,73.99276236429434,60.9167671893848,60.08443908323281,58.094089264173704,276,4,0.11147779775587775,0.0008421148462571526,326.7901768441177,40.90698044927965,0.06393244873341375],[""v04m_336745afd8a1e57b5f445a92"",""broodmare_sire_name"",""[{\""feature\"":\""distance_m\"",\""value\"":\""1600\""},{\""feature\"":\""condition_class_code\"",\""value\"":\""3\""}]"",1103,79,235,0.07162284678150499,0.21305530371713507,85.14959202175883,72.19401631912964,78.78513145965549,69.10244786944696,68.75793291024479,66.29193109700816,80,4,0.11705639850151389,0.013359790622487572,328.0579551480525,31.390889341247714,0.04805077062556664]]",INCREMENTAL_CANDIDATE first; non-jackpot; min parent ROI delta desc; support desc; candidate_id
v04c_f065c6653c304f708e18e820,v04tpl_737c2fa4c3a3e06a7a07,PEDIGREE_BASELINE,PEDIGREE_CROSS,3,distance_m=1600 AND race_condition_code=16 AND broodmare_sire_name=キングカメハメハ,INCREMENTAL_CANDIDATE,ESTABLISHED_CURRENT,53,10,12,0.18867924528301888,0.22641509433962265,413.20754716981133,103.58490566037736,123.01886792452831,43.9622641509434,40,3,3,3,24,225.83333333333334,74.16666666666667,38,522.8947368421053,123.94736842105263,53,413.20754716981133,103.58490566037736,338.8161186575125,63.9267086727164,,True,v04m_1112f9f88cd9a46b273917b6,v04m_0506d43003f9923f9f76651d,"[[""v04m_0506d43003f9923f9f76651d"",""distance_m"",""[{\""feature\"":\""race_condition_code\"",\""value\"":\""16\""},{\""feature\"":\""broodmare_sire_name\"",\""value\"":\""キングカメハメハ\""}]"",485,33,99,0.06804123711340206,0.20412371134020618,87.15463917525773,69.83505154639175,75.83505154639175,64.80412371134021,55.44329896907217,59.29896907216495,238,3,0.12063800816961683,0.022291382999416465,326.0529079945536,33.749854113985606,0.10927835051546392],[""v04m_8e4ad6295d765cfb77cee1f5"",""race_condition_code"",""[{\""feature\"":\""distance_m\"",\""value\"":\""1600\""},{\""feature\"":\""broodmare_sire_name\"",\""value\"":\""キングカメハメハ\""}]"",829,64,187,0.07720144752714113,0.2255729794933655,86.41737032569361,62.67792521109771,73.99276236429434,60.9167671893848,60.08443908323281,58.094089264173704,276,4,0.11147779775587775,0.0008421148462571526,326.7901768441177,40.90698044927965,0.06393244873341375],[""v04m_1112f9f88cd9a46b273917b6"",""broodmare_sire_name"",""[{\""feature\"":\""distance_m\"",\""value\"":\""1600\""},{\""feature\"":\""race_condition_code\"",\""value\"":\""16\""}]"",1098,78,233,0.07103825136612021,0.2122040072859745,82.83242258652095,71.31147540983606,76.43897996357013,68.20582877959927,66.36612021857924,65.38251366120218,76,4,0.11764099391689867,0.014211087053648153,330.37512458329036,32.273430250541296,0.0482695810564663]]",INCREMENTAL_CANDIDATE first; non-jackpot; min parent ROI delta desc; support desc; candidate_id
v04c_4af8df16d47162032e4cef66,v04tpl_4e44305f4926bb7f4534,PEDIGREE_BASELINE,PEDIGREE_CROSS,2,condition_class_code=9 AND sire_name=ファインニードル,INCREMENTAL_CANDIDATE,ESTABLISHED_CURRENT,49,7,11,0.14285714285714285,0.22448979591836735,428.7755102040816,109.79591836734694,121.83673469387755,55.30612244897959,41,3,2,3,31,660.3225806451613,155.80645161290323,43,488.6046511627907,116.74418604651163,49,428.7755102040816,109.79591836734694,301.233167120626,58.42568352284662,,True,v04m_d8569cf5534cfd7c67fc2143,v04m_a4a14bd0f10665e0c68a3e48,"[[""v04m_a4a14bd0f10665e0c68a3e48"",""condition_class_code"",""[{\""feature\"":\""sire_name\"",\""value\"":\""ファインニードル\""}]"",822,74,176,0.09002433090024331,0.2141119221411192,106.93430656934306,79.31873479318735,93.9051094890511,74.09975669099757,77.93187347931874,66.92214111922141,294,4,0.05283281195689954,0.010377873777248137,321.8412036347386,30.477183574159596,0.05961070559610705],[""v04m_d8569cf5534cfd7c67fc2143"",""sire_name"",""[{\""feature\"":\""condition_class_code\"",\""value\"":\""9\""}]"",9676,693,2053,0.07162050434063663,0.2121744522529971,71.76932616783795,71.72488631665978,69.61347664324101,71.15957007027697,65.45576684580405,70.35758577924763,311,4,0.07123663851650622,0.012315343665370238,357.00618403624367,38.071032050687165,0.005064076064489459]]",INCREMENTAL_CANDIDATE first; non-jackpot; min parent ROI delta desc; support desc; candidate_id
v04c_cf994ab591ebe10bcbd02d85,v04tpl_a780ff71cc647324d41a,TRANSITION_PRIORITY,PEDIGREE_TRANSITION_CROSS,3,venue_code=04 AND sire_name=レッドファルクス AND distance_change_bucket=SAME_BAND,INCREMENTAL_CANDIDATE,ESTABLISHED_CURRENT,47,9,14,0.19148936170212766,0.2978723404255319,798.5106382978723,179.36170212765958,160.85106382978722,54.680851063829785,33,3,3,3,17,239.41176470588235,67.6470588235294,37,870.8108108108108,188.64864864864865,47,798.5106382978723,179.36170212765958,496.3988175286372,92.82951325593656,,True,v04m_0da4d4fd0e91aa92825ee46d,v04m_bbb22f91f87c63cfe88ba24a,"[[""v04m_379110a9a7712934d025f6b1"",""venue_code"",""[{\""feature\"":\""sire_name\"",\""value\"":\""レッドファルクス\""},{\""feature\"":\""distance_change_bucket\"",\""value\"":\""SAME_BAND\""}]"",424,36,87,0.08490566037735849,0.20518867924528303,121.60377358490567,72.9245283018868,72.73584905660377,63.679245283018865,50.91981132075472,51.367924528301884,235,3,0.10658370132476917,0.09268366118024887,676.9068647129667,106.43717382577279,0.11084905660377359],[""v04m_0da4d4fd0e91aa92825ee46d"",""sire_name"",""[{\""feature\"":\""venue_code\"",\""value\"":\""04\""},{\""feature\"":\""distance_change_bucket\"",\""value\"":\""SAME_BAND\""}]"",6372,532,1562,0.0834902699309479,0.24513496547394853,78.37884494664155,76.43910860012555,75.12711864406779,75.04551161330822,70.22912743251726,72.97865662272442,78,3,0.10799909177117976,0.05273737495158337,720.1317933512307,102.92259352753403,0.0073760200878844944],[""v04m_bbb22f91f87c63cfe88ba24a"",""distance_change_bucket"",""[{\""feature\"":\""venue_code\"",\""value\"":\""04\""},{\""feature\"":\""sire_name\"",\""value\"":\""レッドファルクス\""}]"",84,10,16,0.11904761904761904,0.19047619047619047,478.2142857142857,110.11904761904762,231.54761904761904,63.45238095238095,121.42857142857143,40.357142857142854,56,3,0.07244174265450862,0.10739614994934144,320.2963525835866,69.24265450861196,0.5595238095238095]]",INCREMENTAL_CANDIDATE first; non-jackpot; min parent ROI delta desc; support desc; candidate_id
v04c_641e43d7677ff6e47d5c5916,v04tpl_111d47c39227759c7348,TRANSITION_PRIORITY,PEDIGREE_TRANSITION_CROSS,3,sire_line_code=1503 AND broodmare_sire_name=シンボリクリスエス AND distance_change_bucket=SHORTEN,INCREMENTAL_CANDIDATE,ESTABLISHED_CURRENT,115,11,19,0.09565217391304348,0.16521739130434782,486.3478260869565,97.3913043478261,138.2608695652174,59.04347826086956,89,3,3,3,28,177.14285714285714,132.5,67,543.4328358208955,104.32835820895522,115,486.3478260869565,97.3913043478261,260.01144770955545,22.014153972109643,730D_DIRECTION_CONTRADICTS_FULL_3Y,True,v04m_3cd025c660f2648a936779c9,v04m_10bae6ef105f39e1a9686ad8,"[[""v04m_10bae6ef105f39e1a9686ad8"",""sire_line_code"",""[{\""feature\"":\""broodmare_sire_name\"",\""value\"":\""シンボリクリスエス\""},{\""feature\"":\""distance_change_bucket\"",\""value\"":\""SHORTEN\""}]"",408,30,80,0.07352941176470588,0.19607843137254902,167.2549019607843,81.54411764705883,122.76960784313725,76.54411764705883,69.1421568627451,69.24019607843137,224,4,0.022122762148337596,-0.0308610400682012,319.0929241261722,15.847186700767267,0.2818627450980392],[""v04m_3cd025c660f2648a936779c9"",""broodmare_sire_name"",""[{\""feature\"":\""sire_line_code\"",\""value\"":\""1503\""},{\""feature\"":\""distance_change_bucket\"",\""value\"":\""SHORTEN\""}]"",4403,356,963,0.08085396320690438,0.2187145128321599,90.6813536225301,79.92959345900522,84.8353395412219,78.6032250738133,76.28208039972746,76.30252100840336,323,4,0.014798210706139098,-0.05349712152781208,395.6664724644264,17.461710888820875,0.026118555530320237],[""v04m_7f0ba7ca456108339db8694e"",""distance_change_bucket"",""[{\""feature\"":\""sire_line_code\"",\""value\"":\""1503\""},{\""feature\"":\""broodmare_sire_name\"",\""value\"":\""シンボリクリスエス\""}]"",871,61,162,0.07003444316877153,0.1859931113662457,109.87370838117107,70.3788748564868,89.03559127439725,63.36394948335247,56.624569460390354,59.00114810562572,288,3,0.025617730744271955,-0.020775720061897873,376.47411770578543,27.01242949133929,0.13203214695752008]]",INCREMENTAL_CANDIDATE first; non-jackpot; min parent ROI delta desc; support desc; candidate_id
v04c_9ccc963372d9b4c74e989647,v04tpl_f2ff4563f5ce8c6f96a4,PEDIGREE_BASELINE,PEDIGREE_CROSS,3,distance_m=1700 AND running_style_code=2 AND broodmare_sire_line_code=1107,INCREMENTAL_CANDIDATE,ESTABLISHED_CURRENT,41,10,13,0.24390243902439024,0.3170731707317073,526.3414634146342,143.65853658536585,106.58536585365853,50.0,38,3,3,3,13,1048.4615384615386,246.15384615384616,28,725.3571428571429,178.21428571428572,41,526.3414634146342,143.65853658536585,392.7934210678163,74.45765728074984,,True,v04m_37e69c914acf8415f0e656ed,v04m_0ae55fe01d6c271102941483,"[[""v04m_c0a9695ac96ea30011cde18d"",""distance_m"",""[{\""feature\"":\""running_style_code\"",\""value\"":\""2\""},{\""feature\"":\""broodmare_sire_line_code\"",\""value\"":\""1107\""}]"",445,48,118,0.10786516853932585,0.2651685393258427,108.49438202247191,74.6067415730337,91.25842696629213,67.88764044943821,60.62921348314607,60.853932584269664,244,4,0.1360372704850644,0.0519046314058646,417.8470813921623,69.05179501233215,0.09213483146067415],[""v04m_0ae55fe01d6c271102941483"",""running_style_code"",""[{\""feature\"":\""distance_m\"",\""value\"":\""1700\""},{\""feature\"":\""broodmare_sire_line_code\"",\""value\"":\""1107\""}]"",117,16,31,0.13675213675213677,0.26495726495726496,213.5897435897436,105.21367521367522,153.16239316239316,89.65811965811966,66.4957264957265,64.35897435897436,84,3,0.10715030227225347,0.05211590577444236,312.7517198248906,38.444861371690635,0.3504273504273504],[""v04m_37e69c914acf8415f0e656ed"",""broodmare_sire_line_code"",""[{\""feature\"":\""distance_m\"",\""value\"":\""1700\""},{\""feature\"":\""running_style_code\"",\""value\"":\""2\""}]"",2259,223,626,0.09871624612660469,0.2771137671536078,96.4497565294378,81.27490039840637,88.64099158919876,79.9734395750332,82.32846392208943,77.62726870296592,156,3,0.14518619289778556,0.03995940357809952,429.89170688519636,62.38363618695948,0.01814962372731297]]",INCREMENTAL_CANDIDATE first; non-jackpot; min parent ROI delta desc; support desc; candidate_id
v04c_9e090c8fe9ce498f4485df8a,v04tpl_c0f85f2d5b762c55b513,PEDIGREE_INTERACTION,PEDIGREE_CROSS,3,horse_age=5 AND sire_line_code=1108 AND broodmare_sire_name=キングカメハメハ,INCREMENTAL_CANDIDATE,ESTABLISHED_CURRENT,79,9,19,0.11392405063291139,0.24050632911392406,412.9113924050633,128.73417721518987,110.88607594936708,63.54430379746835,67,3,3,3,33,579.6969696969697,126.96969696969697,64,500.9375,146.5625,79,412.9113924050633,128.73417721518987,227.25839640797722,47.522269138494266,,True,v04m_a59fa393f50b6e8b6d27ed43,v04m_bb2bfe7455c2d9d109014654,"[[""v04m_b9c7694b6399922fe98bad07"",""horse_age"",""[{\""feature\"":\""sire_line_code\"",\""value\"":\""1108\""},{\""feature\"":\""broodmare_sire_name\"",\""value\"":\""キングカメハメハ\""}]"",743,67,164,0.0901749663526245,0.22072678331090176,100.74024226110363,79.34051144010768,86.87752355316286,74.99327052489906,63.09555854643338,67.38896366083445,284,4,0.023749084280286895,0.019779545803022297,312.17115014395966,49.3936657750822,0.1063257065948856],[""v04m_bb2bfe7455c2d9d109014654"",""sire_line_code"",""[{\""feature\"":\""horse_age\"",\""value\"":\""5\""},{\""feature\"":\""broodmare_sire_name\"",\""value\"":\""キングカメハメハ\""}]"",849,60,168,0.0706713780918728,0.1978798586572438,105.93639575971731,79.85865724381625,93.80447585394582,76.05418138987044,76.52532391048292,69.84687868080094,299,4,0.043252672541038595,0.04262647045668025,306.974996645346,48.87551997137362,0.09305064782096584],[""v04m_a59fa393f50b6e8b6d27ed43"",""broodmare_sire_name"",""[{\""feature\"":\""horse_age\"",\""value\"":\""5\""},{\""feature\"":\""sire_line_code\"",\""value\"":\""1108\""}]"",1444,89,264,0.061634349030470915,0.18282548476454294,86.71052631578948,80.80332409972299,79.57756232686981,77.79085872576178,68.71883656509695,72.8601108033241,310,3,0.05228970160244047,0.057680844349381116,326.2008660892738,47.93085311546689,0.054709141274238225]]",INCREMENTAL_CANDIDATE first; non-jackpot; min parent ROI delta desc; support desc; candidate_id
v04c_373dbf021942c2d1964e2199,v04tpl_df1277320aec21bafd04,TRANSITION_PRIORITY,PEDIGREE_TRANSITION_CROSS,3,sex_code=2 AND broodmare_sire_line_code=1701 AND distance_change_bucket=EXTEND,INCREMENTAL_CANDIDATE,ESTABLISHED_CURRENT,38,4,4,0.10526315789473684,0.10526315789473684,742.8947368421053,118.15789473684211,142.89473684210526,24.210526315789473,35,3,3,3,7,964.2857142857143,175.71428571428572,26,848.4615384615385,137.30769230769232,38,742.8947368421053,118.15789473684211,186.42009813175542,40.461283770276076,,True,v04m_6d75b75c9423b1767132fd91,v04m_61ca7bd645ec315fde396668,"[[""v04m_61ca7bd645ec315fde396668"",""sex_code"",""[{\""feature\"":\""broodmare_sire_line_code\"",\""value\"":\""1701\""},{\""feature\"":\""distance_change_bucket\"",\""value\"":\""EXTEND\""}]"",66,5,7,0.07575757575757576,0.10606060606060606,437.72727272727275,75.15151515151516,288.030303030303,56.21212121212121,92.27272727272727,21.060606060606062,56,3,0.029505582137161077,-0.0007974481658692273,305.16746411483257,43.006379585326954,0.5757575757575758],[""v04m_6d75b75c9423b1767132fd91"",""broodmare_sire_line_code"",""[{\""feature\"":\""sex_code\"",\""value\"":\""2\""},{\""feature\"":\""distance_change_bucket\"",\""value\"":\""EXTEND\""}]"",8260,445,1387,0.05387409200968523,0.1679176755447942,65.9043583535109,62.582324455205814,63.199757869249396,61.907990314769975,59.601694915254235,60.72639225181598,323,4,0.051389065885051606,-0.06265451765005736,676.9903784885944,55.575570281636296,0.004600484261501211],[""v04m_ebe598c51f373dd442236ffa"",""distance_change_bucket"",""[{\""feature\"":\""sex_code\"",\""value\"":\""2\""},{\""feature\"":\""broodmare_sire_line_code\"",\""value\"":\""1701\""}]"",242,16,36,0.06611570247933884,0.1487603305785124,206.73553719008265,91.2396694214876,151.900826446281,80.99173553719008,83.18181818181819,63.80165289256198,171,3,0.03914745541539799,-0.043497172683775565,536.1591996520226,26.918225315354505,0.15702479338842976]]",INCREMENTAL_CANDIDATE first; non-jackpot; min parent ROI delta desc; support desc; candidate_id
v04c_fd36a124808e7f9687aeadf4,v04tpl_111d47c39227759c7348,TRANSITION_PRIORITY,PEDIGREE_TRANSITION_CROSS,3,sire_line_code=1311 AND broodmare_sire_name=ゴールドアリュール AND distance_change_bucket=EXTEND,INCREMENTAL_CANDIDATE,ESTABLISHED_CURRENT,31,9,10,0.2903225806451613,0.3225806451612903,412.258064516129,102.58064516129032,130.0,44.83870967741935,29,3,3,3,11,534.5454545454545,157.27272727272728,25,504.8,118.4,31,412.258064516129,102.58064516129032,227.93046124542144,49.42425188247118,,True,v04m_8743e958646c8cb8619859e6,v04m_4623215d1cc5dc495b8bbeea,"[[""v04m_4623215d1cc5dc495b8bbeea"",""sire_line_code"",""[{\""feature\"":\""broodmare_sire_name\"",\""value\"":\""ゴールドアリュール\""},{\""feature\"":\""distance_change_bucket\"",\""value\"":\""EXTEND\""}]"",222,19,39,0.08558558558558559,0.17567567567567569,109.81981981981981,70.22522522522523,92.16216216216216,53.42342342342342,64.81981981981981,46.306306306306304,159,3,0.2047369950595757,0.14690496948561463,302.4382446963092,32.35541993606509,0.13963963963963963],[""v04m_f0db37659fe0d12faede6991"",""broodmare_sire_name"",""[{\""feature\"":\""sire_line_code\"",\""value\"":\""1311\""},{\""feature\"":\""distance_change_bucket\"",\""value\"":\""EXTEND\""}]"",832,56,149,0.0673076923076923,0.17908653846153846,96.18990384615384,70.61298076923077,84.31490384615384,62.45192307692308,69.03846153846153,57.65625,294,4,0.22301488833746902,0.14349410669975185,316.0681606699752,31.967664392059547,0.037259615384615384],[""v04m_8743e958646c8cb8619859e6"",""distance_change_bucket"",""[{\""feature\"":\""sire_line_code\"",\""value\"":\""1311\""},{\""feature\"":\""broodmare_sire_name\"",\""value\"":\""ゴールドアリュール\""}]"",423,44,114,0.10401891252955082,0.2695035460992908,93.5224586288416,70.18912529550828,80.35460992907801,66.35933806146572,62.95508274231678,61.6548463356974,229,4,0.1863036681156105,0.05307709906199953,318.7356058872874,32.391519865782044,0.07328605200945626]]",INCREMENTAL_CANDIDATE first; non-jackpot; min parent ROI delta desc; support desc; candidate_id
v04c_6d03204867cdf3805027dbb6,v04tpl_dcd7a00c4110ea9ad485,PEDIGREE_BASELINE,PEDIGREE_CROSS,3,venue_code=07 AND sire_name=タリスマニック AND prev1_turn_code=1,INCREMENTAL_CANDIDATE,ESTABLISHED_CURRENT,47,6,11,0.1276595744680851,0.23404255319148937,698.7234042553191,194.25531914893617,118.29787234042553,68.29787234042553,37,3,3,3,14,182.14285714285714,40.0,28,815.0,165.35714285714286,47,698.7234042553191,194.25531914893617,534.2193504968358,107.75830944614253,,True,v04m_10b04d4e9cad2274f04bfd74,v04m_bf5950a7725ed1127a72d351,"[[""v04m_b0b16ed0ff0bedb0624e122a"",""venue_code"",""[{\""feature\"":\""sire_name\"",\""value\"":\""タリスマニック\""},{\""feature\"":\""prev1_turn_code\"",\""value\"":\""1\""}]"",417,35,97,0.08393285371702638,0.23261390887290168,185.46762589928056,82.66187050359713,144.0767386091127,76.85851318944844,91.89448441247002,68.03357314148681,224,4,0.04372672075105871,0.0014286443185876907,513.2557783560385,111.59344864533904,0.11270983213429256],[""v04m_10b04d4e9cad2274f04bfd74"",""sire_name"",""[{\""feature\"":\""venue_code\"",\""value\"":\""07\""},{\""feature\"":\""prev1_turn_code\"",\""value\"":\""1\""}]"",8061,558,1681,0.0692221808708597,0.2085349212256544,68.63912665922342,67.87867510234462,66.49795310755489,67.29438034983252,63.02567919612951,66.42352065500559,94,3,0.0584373935972254,0.02550763196583497,630.0842775960957,126.37664404659155,0.005830542116362734],[""v04m_bf5950a7725ed1127a72d351"",""prev1_turn_code"",""[{\""feature\"":\""venue_code\"",\""value\"":\""07\""},{\""feature\"":\""sire_name\"",\""value\"":\""タリスマニック\""}]"",85,9,19,0.10588235294117647,0.2235294117647059,399.1764705882353,126.3529411764706,196.11764705882354,97.88235294117646,78.23529411764706,56.705882352941174,57,3,0.021777221526908627,0.010513141426783473,299.5469336670838,67.90237797246557,0.5529411764705883]]",INCREMENTAL_CANDIDATE first; non-jackpot; min parent ROI delta desc; support desc; candidate_id
v04c_da8d8cc585e22b7afa82a941,v04tpl_112360cbb838b643e6d9,PEDIGREE_BASELINE,PEDIGREE_CROSS,3,race_condition_code=OP AND running_style_code=2 AND sire_name=ファインニードル,INCREMENTAL_CANDIDATE,ESTABLISHED_CURRENT,23,6,6,0.2608695652173913,0.2608695652173913,770.8695652173913,171.30434782608697,132.17391304347825,41.30434782608695,20,3,2,2,11,936.3636363636364,193.63636363636363,16,643.75,133.125,23,770.8695652173913,171.30434782608697,473.6441127320791,109.83360528742483,,True,v04m_161066ce4db49eb5aced42aa,v04m_615be90a154bd960bf365d78,"[[""v04m_2a3f77c968092e5d7b9628de"",""race_condition_code"",""[{\""feature\"":\""running_style_code\"",\""value\"":\""2\""},{\""feature\"":\""sire_name\"",\""value\"":\""ファインニードル\""}]"",262,27,68,0.10305343511450382,0.2595419847328244,165.45801526717557,104.35114503816794,124.58015267175573,87.97709923664122,78.96946564885496,73.3969465648855,176,3,0.15781613010288748,0.0013275804845668815,605.4115499502157,66.95320278791903,0.08778625954198473],[""v04m_615be90a154bd960bf365d78"",""running_style_code"",""[{\""feature\"":\""race_condition_code\"",\""value\"":\""OP\""},{\""feature\"":\""sire_name\"",\""value\"":\""ファインニードル\""}]"",59,9,13,0.15254237288135594,0.22033898305084745,482.03389830508473,121.86440677966101,362.03389830508473,93.89830508474576,176.94915254237287,60.33898305084746,49,3,0.10832719233603536,0.040530582166543844,288.8356669123065,49.43994104642596,0.3898305084745763],[""v04m_161066ce4db49eb5aced42aa"",""sire_name"",""[{\""feature\"":\""race_condition_code\"",\""value\"":\""OP\""},{\""feature\"":\""running_style_code\"",\""value\"":\""2\""}]"",3794,323,925,0.08513442277279916,0.24380600948866632,73.31839746968899,77.46968898260411,70.35055350553506,76.52872957301001,67.18239325250396,75.16868740115973,318,4,0.17573514244459215,0.017063555728724977,697.5511677477023,93.83465884348286,0.006062203479177649]]",INCREMENTAL_CANDIDATE first; non-jackpot; min parent ROI delta desc; support desc; candidate_id
v04c_1d844128e7be89081cda748e,v04tpl_da58c4760155f0746e41,TRANSITION_PRIORITY,PEDIGREE_TRANSITION_CROSS,3,running_style_code=2 AND broodmare_sire_name=アドマイヤコジーン AND distance_change_bucket=SAME_BAND,INCREMENTAL_CANDIDATE,ESTABLISHED_CURRENT,36,7,14,0.19444444444444445,0.3888888888888889,569.7222222222222,224.16666666666666,112.5,77.22222222222223,34,3,3,3,8,355.0,105.0,26,312.3076923076923,209.23076923076923,36,569.7222222222222,224.16666666666666,431.99076922008186,72.79071603021943,,True,v04m_a6fef8e16b084ffa096f6f01,v04m_80984b06812eddecd93876c7,"[[""v04m_2f896123fb88f86fbf1cd299"",""running_style_code"",""[{\""feature\"":\""broodmare_sire_name\"",\""value\"":\""アドマイヤコジーン\""},{\""feature\"":\""distance_change_bucket\"",\""value\"":\""SAME_BAND\""}]"",136,8,23,0.058823529411764705,0.16911764705882354,219.26470588235293,132.05882352941177,136.47058823529412,108.16176470588235,47.13235294117647,69.92647058823529,107,3,0.13562091503267976,0.21977124183006536,350.45751633986924,92.10784313725489,0.2647058823529412],[""v04m_a6fef8e16b084ffa096f6f01"",""broodmare_sire_name"",""[{\""feature\"":\""running_style_code\"",\""value\"":\""2\""},{\""feature\"":\""distance_change_bucket\"",\""value\"":\""SAME_BAND\""}]"",19874,2111,5862,0.10621918083928751,0.2949582368924223,74.6045084029385,78.58709872194828,73.2821777196337,78.23940827211432,71.61265975646573,77.63308845728086,323,4,0.08822526360515694,0.09393065199646661,495.11771381928367,145.57956794471838,0.0018114118949381101],[""v04m_80984b06812eddecd93876c7"",""distance_change_bucket"",""[{\""feature\"":\""running_style_code\"",\""value\"":\""2\""},{\""feature\"":\""broodmare_sire_name\"",\""value\"":\""アドマイヤコジーン\""}]"",71,7,22,0.09859154929577464,0.30985915492957744,288.8732394366197,150.56338028169014,130.28169014084506,110.56338028169014,57.04225352112676,73.52112676056338,67,3,0.0958528951486698,0.07902973395931145,280.84898278560246,73.60328638497651,0.5070422535211268]]",INCREMENTAL_CANDIDATE first; non-jackpot; min parent ROI delta desc; support desc; candidate_id
v04c_5f2d599fac85408da2094ee2,v04tpl_d02156c1b0616d2f2f52,TRANSITION_PRIORITY,TRANSITION_CROSS,3,distance_m=1400 AND distance_change_bucket=LARGE_SHORTEN AND surface_transition=2->1,INCREMENTAL_CANDIDATE,ESTABLISHED_CURRENT,98,7,9,0.07142857142857142,0.09183673469387756,416.0204081632653,113.06122448979592,103.57142857142857,42.142857142857146,69,3,3,3,39,395.8974358974359,71.7948717948718,65,331.2307692307692,65.38461538461539,98,416.0204081632653,113.06122448979592,142.52326743816272,67.81562873832222,730D_DIRECTION_CONTRADICTS_FULL_3Y,True,v04m_235aebdc1b93586f319a5b4e,v04m_fae45b2cec8441a09a041c42,"[[""v04m_fae45b2cec8441a09a041c42"",""distance_m"",""[{\""feature\"":\""distance_change_bucket\"",\""value\"":\""LARGE_SHORTEN\""},{\""feature\"":\""surface_transition\"",\""value\"":\""2->1\""}]"",374,17,34,0.045454545454545456,0.09090909090909091,146.33689839572193,63.101604278074866,109.54545454545455,56.60427807486631,64.46524064171123,44.518716577540104,192,4,0.02597402597402597,0.0009276437847866442,269.68350976754334,49.95962021172105,0.2620320855614973],[""v04m_98a30ef2d1c92d980337ecc9"",""distance_change_bucket"",""[{\""feature\"":\""distance_m\"",\""value\"":\""1400\""},{\""feature\"":\""surface_transition\"",\""value\"":\""2->1\""}]"",708,24,78,0.03389830508474576,0.11016949152542373,126.73728813559322,84.36440677966101,92.2316384180791,74.42090395480226,59.505649717514125,61.059322033898304,198,3,0.03753026634382566,-0.01833275683154617,289.2831200276721,28.69681771013491,0.1384180790960452],[""v04m_235aebdc1b93586f319a5b4e"",""surface_transition"",""[{\""feature\"":\""distance_m\"",\""value\"":\""1400\""},{\""feature\"":\""distance_change_bucket\"",\""value\"":\""LARGE_SHORTEN\""}]"",1705,77,234,0.04516129032258064,0.1372434017595308,81.76539589442815,65.01466275659824,73.69501466275659,59.29032258064516,60.18181818181818,56.44574780058651,288,4,0.026267281105990782,-0.04540666706565323,334.25501226883716,48.04656173319768,0.05747800586510264]]",INCREMENTAL_CANDIDATE first; non-jackpot; min parent ROI delta desc; support desc; candidate_id
v04c_80675fce26768f60dfb49597,v04tpl_ff2b07d4c8dd75603a6e,TRANSITION_PRIORITY,PEDIGREE_TRANSITION_CROSS,3,broodmare_sire_name=クロフネ AND prev1_venue_code=09 AND distance_change_bucket=LARGE_SHORTEN,INCREMENTAL_CANDIDATE,ESTABLISHED_CURRENT,36,7,12,0.19444444444444445,0.3333333333333333,388.6111111111111,160.83333333333334,108.05555555555556,74.16666666666667,35,3,3,3,5,64.0,272.0,12,175.0,217.5,36,388.6111111111111,160.83333333333334,176.5323796346178,58.03420877168139,,True,v04m_018e6eda07e9cffe3333060a,v04m_a6ef9c15773ed0e983c83c7c,"[[""v04m_58e7ff8ddbeaf4fce6a19780"",""broodmare_sire_name"",""[{\""feature\"":\""prev1_venue_code\"",\""value\"":\""09\""},{\""feature\"":\""distance_change_bucket\"",\""value\"":\""LARGE_SHORTEN\""}]"",991,68,151,0.06861755802219979,0.15237134207870837,105.74167507568113,72.2401614530777,91.85671039354187,65.8728557013118,77.37638748738648,60.41372351160444,250,4,0.12582688642224465,0.18096199125462495,282.86943603542994,88.59317188025564,0.03632694248234107],[""v04m_a6ef9c15773ed0e983c83c7c"",""prev1_venue_code"",""[{\""feature\"":\""broodmare_sire_name\"",\""value\"":\""クロフネ\""},{\""feature\"":\""distance_change_bucket\"",\""value\"":\""LARGE_SHORTEN\""}]"",231,12,36,0.05194805194805195,0.15584415584415584,125.45454545454545,141.5151515151515,99.56709956709956,93.50649350649351,55.1948051948052,65.84415584415585,169,3,0.1424963924963925,0.17748917748917747,263.15656565656565,19.31818181818184,0.15584415584415584],[""v04m_018e6eda07e9cffe3333060a"",""distance_change_bucket"",""[{\""feature\"":\""broodmare_sire_name\"",\""value\"":\""クロフネ\""},{\""feature\"":\""prev1_venue_code\"",\""value\"":\""09\""}]"",489,44,113,0.08997955010224949,0.2310838445807771,98.95705521472392,66.48261758691207,80.69529652351738,63.967280163599185,61.513292433537835,59.488752556237216,192,4,0.10446489434219496,0.10224948875255621,289.65405589638715,94.35071574642127,0.0736196319018405]]",INCREMENTAL_CANDIDATE first; non-jackpot; min parent ROI delta desc; support desc; candidate_id
v04c_397793fb0e2348257df7208f,v04tpl_1d923e42b33f28fc41fc,TRANSITION_PRIORITY,PEDIGREE_TRANSITION_CROSS,3,sire_line_code=1108 AND broodmare_sire_name=ヴィクトワールピサ AND frame_transition=OUTER->OUTER,INCREMENTAL_CANDIDATE,ESTABLISHED_CURRENT,13,3,9,0.23076923076923078,0.6923076923076923,160.76923076923077,420.7692307692308,0.0,105.38461538461539,13,3,2,3,7,204.28571428571428,321.42857142857144,10,143.0,483.0,13,160.76923076923077,420.7692307692308,100.21066246038043,282.82730143835386,,True,v04m_44e87adee9c469221d2c859f,v04m_5c14c95d0d0b9637915aa410,"[[""v04m_f5fd1a247f1284a27cc1a881"",""sire_line_code"",""[{\""feature\"":\""broodmare_sire_name\"",\""value\"":\""ヴィクトワールピサ\""},{\""feature\"":\""frame_transition\"",\""value\"":\""OUTER->OUTER\""}]"",69,5,17,0.07246376811594203,0.2463768115942029,41.15942028985507,131.30434782608697,30.72463768115942,93.91304347826087,10.869565217391305,57.2463768115942,63,3,0.15830546265328876,0.4459308807134894,119.60981047937571,289.46488294314383,0.18840579710144928],[""v04m_44e87adee9c469221d2c859f"",""broodmare_sire_name"",""[{\""feature\"":\""sire_line_code\"",\""value\"":\""1108\""},{\""feature\"":\""frame_transition\"",\""value\"":\""OUTER->OUTER\""}]"",885,78,220,0.08813559322033898,0.24858757062146894,60.56497175141243,72.90395480225989,53.77401129943503,67.98870056497175,47.61581920903955,63.03954802259887,297,3,0.1426336375488918,0.4437201216862233,100.20425901781834,347.8652759669709,0.014689265536723164],[""v04m_5c14c95d0d0b9637915aa410"",""frame_transition"",""[{\""feature\"":\""sire_line_code\"",\""value\"":\""1108\""},{\""feature\"":\""broodmare_sire_name\"",\""value\"":\""ヴィクトワールピサ\""}]"",134,16,53,0.11940298507462686,0.39552238805970147,107.01492537313433,160.0,89.17910447761194,139.70149253731344,60.0,110.22388059701493,109,3,0.11136624569460392,0.2967853042479908,53.75430539609644,260.7692307692308,0.09701492537313433]]",INCREMENTAL_CANDIDATE first; non-jackpot; min parent ROI delta desc; support desc; candidate_id
v04c_756ce3948ed3a58e9eb05bd3,v04tpl_58e9bec747e9f59f469e,TRANSITION_PRIORITY,PEDIGREE_TRANSITION_CROSS,3,turn_code=9 AND sire_name=ハービンジャー AND frame_transition=MIDDLE->OUTER,INCREMENTAL_CANDIDATE,ESTABLISHED_CURRENT,11,5,7,0.45454545454545453,0.6363636363636364,370.0,173.63636363636363,100.9090909090909,74.54545454545455,11,3,2,2,2,500.0,140.0,10,407.0,191.0,11,370.0,173.63636363636363,213.63991642221006,85.10002284893282,,True,v04m_02d21bfebabe60ed9af1cd21,v04m_79d0299a9a6d125426284a7c,"[[""v04m_17195ee2392238fd92adab1f"",""turn_code"",""[{\""feature\"":\""sire_name\"",\""value\"":\""ハービンジャー\""},{\""feature\"":\""frame_transition\"",\""value\"":\""MIDDLE->OUTER\""}]"",237,21,63,0.08860759493670886,0.26582278481012656,79.36708860759494,85.86497890295358,67.17299578059071,77.34177215189874,50.71729957805907,68.77637130801688,156,3,0.3659378596087457,0.3705408515535098,290.63291139240505,87.77138473341004,0.046413502109704644],[""v04m_02d21bfebabe60ed9af1cd21"",""sire_name"",""[{\""feature\"":\""turn_code\"",\""value\"":\""9\""},{\""feature\"":\""frame_transition\"",\""value\"":\""MIDDLE->OUTER\""}]"",523,51,137,0.09751434034416825,0.26195028680688337,60.038240917782026,74.20650095602295,54.83747609942639,67.49521988527725,45.23900573613767,60.152963671128106,251,4,0.3570311142012863,0.374413349556753,309.96175908221795,99.42986268034068,0.021032504780114723],[""v04m_79d0299a9a6d125426284a7c"",""frame_transition"",""[{\""feature\"":\""turn_code\"",\""value\"":\""9\""},{\""feature\"":\""sire_name\"",\""value\"":\""ハービンジャー\""}]"",88,13,25,0.14772727272727273,0.2840909090909091,114.6590909090909,73.4090909090909,93.97727272727273,64.88636363636364,61.70454545454545,53.52272727272727,79,3,0.30681818181818177,0.35227272727272724,255.3409090909091,100.22727272727272,0.125]]",INCREMENTAL_CANDIDATE first; non-jackpot; min parent ROI delta desc; support desc; candidate_id
v04c_78ebddba81b57f83cb0abcf4,v04tpl_f5d6f1d5ff88caf0d05b,TRANSITION_PRIORITY,PEDIGREE_TRANSITION_CROSS,3,surface_code=3 AND sire_name=ハービンジャー AND frame_transition=MIDDLE->OUTER,INCREMENTAL_CANDIDATE,ESTABLISHED_CURRENT,11,5,7,0.45454545454545453,0.6363636363636364,370.0,173.63636363636363,100.9090909090909,74.54545454545455,11,3,2,2,2,500.0,140.0,10,407.0,191.0,11,370.0,173.63636363636363,213.63991642221006,85.10002284893282,,True,v04m_2c6558324a54e4d72bf9cab6,v04m_daa592c84e2229094d6374db,"[[""v04m_17195ee2392238fd92adab1f"",""surface_code"",""[{\""feature\"":\""sire_name\"",\""value\"":\""ハービンジャー\""},{\""feature\"":\""frame_transition\"",\""value\"":\""MIDDLE->OUTER\""}]"",237,21,63,0.08860759493670886,0.26582278481012656,79.36708860759494,85.86497890295358,67.17299578059071,77.34177215189874,50.71729957805907,68.77637130801688,156,3,0.3659378596087457,0.3705408515535098,290.63291139240505,87.77138473341004,0.046413502109704644],[""v04m_2c6558324a54e4d72bf9cab6"",""sire_name"",""[{\""feature\"":\""surface_code\"",\""value\"":\""3\""},{\""feature\"":\""frame_transition\"",\""value\"":\""MIDDLE->OUTER\""}]"",523,51,137,0.09751434034416825,0.26195028680688337,60.038240917782026,74.20650095602295,54.83747609942639,67.49521988527725,45.23900573613767,60.152963671128106,251,4,0.3570311142012863,0.374413349556753,309.96175908221795,99.42986268034068,0.021032504780114723],[""v04m_daa592c84e2229094d6374db"",""frame_transition"",""[{\""feature\"":\""surface_code\"",\""value\"":\""3\""},{\""feature\"":\""sire_name\"",\""value\"":\""ハービンジャー\""}]"",88,13,25,0.14772727272727273,0.2840909090909091,114.6590909090909,73.4090909090909,93.97727272727273,64.88636363636364,61.70454545454545,53.52272727272727,79,3,0.30681818181818177,0.35227272727272724,255.3409090909091,100.22727272727272,0.125]]",INCREMENTAL_CANDIDATE first; non-jackpot; min parent ROI delta desc; support desc; candidate_id
v04c_3efa93ae02e578eb306252ac,v04tpl_4e32882da81c0654a3f9,TRANSITION_PRIORITY,PEDIGREE_TRANSITION_CROSS,3,frame_zone=INNER AND broodmare_sire_name=スニッツェル AND distance_change_bucket=SHORTEN,INCREMENTAL_CANDIDATE,ESTABLISHED_CURRENT,18,7,8,0.3888888888888889,0.4444444444444444,467.22222222222223,149.44444444444446,140.0,59.44444444444444,18,3,3,3,7,525.7142857142857,132.85714285714286,11,452.72727272727275,127.27272727272727,18,467.22222222222223,149.44444444444446,87.42408433344869,28.560017562575183,,True,v04m_1536d6e7a086b7800fa056b6,v04m_c864298e531d9ea18b0e3903,"[[""v04m_c864298e531d9ea18b0e3903"",""frame_zone"",""[{\""feature\"":\""broodmare_sire_name\"",\""value\"":\""スニッツェル\""},{\""feature\"":\""distance_change_bucket\"",\""value\"":\""SHORTEN\""}]"",44,10,14,0.22727272727272727,0.3181818181818182,212.72727272727272,91.13636363636364,138.86363636363637,73.63636363636364,78.86363636363636,51.59090909090909,40,3,0.16161616161616163,0.12626262626262624,254.4949494949495,58.30808080808082,0.4090909090909091],[""v04m_1536d6e7a086b7800fa056b6"",""broodmare_sire_name"",""[{\""feature\"":\""frame_zone\"",\""value\"":\""INNER\""},{\""feature\"":\""distance_change_bucket\"",\""value\"":\""SHORTEN\""}]"",6092,445,1311,0.07304661851608667,0.21520026263952724,77.17826657912016,76.39198949441891,72.95305318450427,73.43401181877873,68.12705187130663,71.96323046618517,323,4,0.3158422703728022,0.22924418180491718,390.0439556431021,73.05245495002555,0.002954694681549573],[""v04m_6608daa36d174aaa63eef9bd"",""distance_change_bucket"",""[{\""feature\"":\""frame_zone\"",\""value\"":\""INNER\""},{\""feature\"":\""broodmare_sire_name\"",\""value\"":\""スニッツェル\""}]"",109,14,33,0.12844036697247707,0.30275229357798167,137.43119266055047,106.3302752293578,107.61467889908256,92.66055045871559,71.10091743119266,77.24770642201835,91,3,0.2604485219164118,0.14169215086646275,329.79102956167173,43.11416921508666,0.1651376146788991]]",INCREMENTAL_CANDIDATE first; non-jackpot; min parent ROI delta desc; support desc; candidate_id
v04c_902fdb6f63f7a8bd77e17eb5,v04tpl_ef6004c2fc5ec5e5545f,TRANSITION_PRIORITY,PEDIGREE_TRANSITION_CROSS,3,distance_m=1800 AND sire_name=アジアエクスプレス AND frame_transition=MIDDLE->INNER,INCREMENTAL_CANDIDATE,ESTABLISHED_CURRENT,35,8,18,0.22857142857142856,0.5142857142857142,400.0,196.57142857142858,101.71428571428571,104.28571428571429,35,3,3,3,13,447.6923076923077,298.46153846153845,23,404.7826086956522,234.7826086956522,35,400.0,196.57142857142858,40.44631880044546,76.69756497491022,,True,v04m_5aee164de8780cc4c8a919df,v04m_c2620b15a9d494256e80091b,"[[""v04m_c2620b15a9d494256e80091b"",""distance_m"",""[{\""feature\"":\""sire_name\"",\""value\"":\""アジアエクスプレス\""},{\""feature\"":\""frame_transition\"",\""value\"":\""MIDDLE->INNER\""}]"",154,15,44,0.09740259740259741,0.2857142857142857,151.62337662337663,104.48051948051948,115.45454545454545,91.23376623376623,80.1948051948052,79.74025974025975,123,3,0.13116883116883116,0.22857142857142854,248.37662337662337,92.09090909090911,0.22727272727272727],[""v04m_5aee164de8780cc4c8a919df"",""sire_name"",""[{\""feature\"":\""distance_m\"",\""value\"":\""1800\""},{\""feature\"":\""frame_transition\"",\""value\"":\""MIDDLE->INNER\""}]"",3423,235,750,0.06865322816243062,0.21910604732690622,77.41162722757815,70.99328074788197,70.42360502483201,69.1498685363716,62.91849255039439,67.02015775635408,322,4,0.15991820040899796,0.29517966695880804,322.58837277242185,125.57814782354662,0.010224948875255624],[""v04m_125b231dc6148019453f8854"",""frame_transition"",""[{\""feature\"":\""distance_m\"",\""value\"":\""1800\""},{\""feature\"":\""sire_name\"",\""value\"":\""アジアエクスプレス\""}]"",258,23,59,0.08914728682170543,0.22868217054263565,128.75968992248062,67.09302325581395,95.73643410852713,59.18604651162791,64.53488372093024,53.21705426356589,167,3,0.13942414174972312,0.2856035437430786,271.2403100775194,129.47840531561462,0.13565891472868216]]",INCREMENTAL_CANDIDATE first; non-jackpot; min parent ROI delta desc; support desc; candidate_id
v04c_d916668eb6b130f4a421ec99,v04tpl_ae99c07d732ae831fbae,PEDIGREE_INTERACTION,PEDIGREE_CROSS,2,sire_name=ミッキーアイル AND broodmare_sire_name=ルーラーシップ,INCREMENTAL_CANDIDATE,ESTABLISHED_CURRENT,25,6,11,0.24,0.44,326.0,172.0,103.6,93.2,23,2,1,2,21,388.0952380952381,184.76190476190476,25,326.0,172.0,25,326.0,172.0,194.04761904761904,39.88095238095238,,True,v04m_9efe10dec26ba2a6a8916cd5,v04m_9ea602fa6ec77a5e454586d7,"[[""v04m_9ea602fa6ec77a5e454586d7"",""sire_name"",""[{\""feature\"":\""broodmare_sire_name\"",\""value\"":\""ルーラーシップ\""}]"",1124,99,281,0.08807829181494661,0.25,83.05160142348754,72.35765124555161,73.66548042704626,70.01779359430606,65.14234875444839,67.06405693950178,307,3,0.15192170818505338,0.19,242.94839857651246,99.64234875444839,0.02224199288256228],[""v04m_9efe10dec26ba2a6a8916cd5"",""broodmare_sire_name"",""[{\""feature\"":\""sire_name\"",\""value\"":\""ミッキーアイル\""}]"",1834,133,449,0.07251908396946564,0.24482006543075246,71.1504907306434,80.81243184296619,66.2649945474373,77.81897491821157,58.44601962922574,74.43838604143947,320,4,0.16748091603053433,0.19517993456924754,254.8495092693566,91.18756815703381,0.013631406761177753]]",INCREMENTAL_CANDIDATE first; non-jackpot; min parent ROI delta desc; support desc; candidate_id
v04c_a728453466627a3b85abae00,v04tpl_fd301b53b013dce0e7ab,TRANSITION_PRIORITY,PEDIGREE_TRANSITION_CROSS,3,broodmare_sire_name=ヴィクトワールピサ AND prev1_venue_code=07 AND frame_transition=INNER->MIDDLE,INCREMENTAL_CANDIDATE,ESTABLISHED_CURRENT,11,3,7,0.2727272727272727,0.6363636363636364,544.5454545454545,333.6363636363636,0.0,133.63636363636363,11,3,2,3,7,372.85714285714283,275.7142857142857,10,599.0,283.0,11,544.5454545454545,333.6363636363636,468.6421312856148,260.47140241094206,,True,v04m_8e45fe4f33c2a8da976046b3,v04m_f50851376d235431b2556c3a,"[[""v04m_8e45fe4f33c2a8da976046b3"",""broodmare_sire_name"",""[{\""feature\"":\""prev1_venue_code\"",\""value\"":\""07\""},{\""feature\"":\""frame_transition\"",\""value\"":\""INNER->MIDDLE\""}]"",1681,134,358,0.07971445568114217,0.21296847114812612,72.09994051160024,70.60083283759667,67.57287328970851,68.00713860797144,61.54669839381321,63.997620464009515,289,4,0.19301281704613055,0.42339516521551024,472.44551403385424,263.03553079876696,0.006543723973825104],[""v04m_f50851376d235431b2556c3a"",""prev1_venue_code"",""[{\""feature\"":\""broodmare_sire_name\"",\""value\"":\""ヴィクトワールピサ\""},{\""feature\"":\""frame_transition\"",\""value\"":\""INNER->MIDDLE\""}]"",109,10,29,0.09174311926605505,0.26605504587155965,102.93577981651376,94.58715596330275,78.9908256880734,86.78899082568807,40.18348623853211,71.65137614678899,94,3,0.18098415346121766,0.3703085904920767,441.6096747289407,239.0492076730609,0.10091743119266056],[""v04m_a3d63d19b3fd105ca4669343"",""frame_transition"",""[{\""feature\"":\""broodmare_sire_name\"",\""value\"":\""ヴィクトワールピサ\""},{\""feature\"":\""prev1_venue_code\"",\""value\"":\""07\""}]"",96,5,27,0.052083333333333336,0.28125,74.89583333333333,97.39583333333333,47.708333333333336,88.125,12.5,70.52083333333333,74,4,0.22064393939393936,0.35511363636363635,469.6496212121212,236.2405303030303,0.11458333333333333]]",INCREMENTAL_CANDIDATE first; non-jackpot; min parent ROI delta desc; support desc; candidate_id
v04c_6ff1fedcb586ef05d85f85d3,v04tpl_dce54eadf2c21cb07078,TRANSITION_PRIORITY,PEDIGREE_TRANSITION_CROSS,3,distance_m=2000 AND sire_line_code=1311 AND surface_transition=2->2,INCREMENTAL_CANDIDATE,ESTABLISHED_CURRENT,49,6,16,0.12244897959183673,0.32653061224489793,336.3265306122449,135.51020408163265,104.28571428571429,85.10204081632654,34,3,3,3,19,392.10526315789474,156.8421052631579,33,382.72727272727275,130.6060606060606,49,336.3265306122449,135.51020408163265,66.81051431778685,26.90138381170973,,True,v04m_72c7c63b3f687e281b54770d,v04m_8482307a8b62ba5eec18c546,"[[""v04m_72c7c63b3f687e281b54770d"",""distance_m"",""[{\""feature\"":\""sire_line_code\"",\""value\"":\""1311\""},{\""feature\"":\""surface_transition\"",\""value\"":\""2->2\""}]"",5442,483,1360,0.08875413450937156,0.24990812201396545,87.94193311282616,78.09261300992283,85.44101433296582,76.60970231532525,81.87798603454613,74.82726938625505,323,4,0.033694845082465175,0.07662249023093248,248.3845974994187,57.41759107170982,0.00900404263138552],[""v04m_112bacd953b634a71dc487ea"",""sire_line_code"",""[{\""feature\"":\""distance_m\"",\""value\"":\""2000\""},{\""feature\"":\""surface_transition\"",\""value\"":\""2->2\""}]"",510,41,123,0.0803921568627451,0.2411764705882353,90.33333333333333,83.33333333333333,72.82352941176471,75.96078431372548,57.27450980392157,69.70588235294117,43,3,0.04205682272909163,0.08535414165666264,245.99319727891157,52.17687074829932,0.09607843137254903],[""v04m_8482307a8b62ba5eec18c546"",""surface_transition"",""[{\""feature\"":\""distance_m\"",\""value\"":\""2000\""},{\""feature\"":\""sire_line_code\"",\""value\"":\""1311\""}]"",191,10,28,0.05235602094240838,0.14659685863874344,100.31413612565446,54.18848167539267,79.31937172774869,48.7434554973822,40.78534031413613,39.52879581151832,136,3,0.07009295864942836,0.1799337536061545,236.01239448659044,81.32172240623999,0.25654450261780104]]",INCREMENTAL_CANDIDATE first; non-jackpot; min parent ROI delta desc; support desc; candidate_id
v04c_6fd9e5d5716ce7ab072e0e1c,v04tpl_0497c619718b3981ecc8,PEDIGREE_INTERACTION,PEDIGREE_CROSS,3,race_condition_code=A1 AND sire_name=サンダースノー AND broodmare_sire_line_code=1206,INCREMENTAL_CANDIDATE,ESTABLISHED_CURRENT,62,7,10,0.11290322580645161,0.16129032258064516,504.83870967741933,132.09677419354838,130.6451612903226,63.225806451612904,52,3,2,3,15,728.6666666666666,151.33333333333334,40,782.5,149.25,62,504.83870967741933,132.09677419354838,365.4940495369433,23.02479111783197,,True,v04m_c6226d0f5b2e4ab73c191f5d,v04m_2239790e0c89b6822858e9a1,"[[""v04m_2f8f8d124120df3d64b8151f"",""race_condition_code"",""[{\""feature\"":\""sire_name\"",\""value\"":\""サンダースノー\""},{\""feature\"":\""broodmare_sire_line_code\"",\""value\"":\""1206\""}]"",444,35,89,0.07882882882882883,0.20045045045045046,120.0,79.90990990990991,96.21621621621621,75.65315315315316,67.74774774774775,68.37837837837837,216,3,0.03407439697762278,-0.0391601278698053,384.83870967741933,52.18686428363847,0.13963963963963963],[""v04m_c6226d0f5b2e4ab73c191f5d"",""sire_name"",""[{\""feature\"":\""race_condition_code\"",\""value\"":\""A1\""},{\""feature\"":\""broodmare_sire_line_code\"",\""value\"":\""1206\""}]"",4350,315,920,0.07241379310344828,0.21149425287356322,68.66436781609195,70.42528735632185,65.23908045977012,68.57931034482759,59.93563218390805,66.45977011494253,237,4,0.04048943270300333,-0.05020393029291806,436.1743418613274,61.67148683722654,0.014252873563218391],[""v04m_2239790e0c89b6822858e9a1"",""broodmare_sire_line_code"",""[{\""feature\"":\""race_condition_code\"",\""value\"":\""A1\""},{\""feature\"":\""sire_name\"",\""value\"":\""サンダースノー\""}]"",144,10,15,0.06944444444444445,0.10416666666666667,271.25,71.73611111111111,197.91666666666666,61.25,110.13888888888889,42.083333333333336,107,3,0.04345878136200716,0.057123655913978486,233.58870967741933,60.36066308243727,0.4305555555555556]]",INCREMENTAL_CANDIDATE first; non-jackpot; min parent ROI delta desc; support desc; candidate_id
v04c_dae55c62cdab68e51e7c4f02,v04tpl_b8c922d7b2c61324fa2e,PEDIGREE_BASELINE,PEDIGREE_CROSS,3,distance_m=1200 AND condition_class_code=9 AND sire_name=ファインニードル,INCREMENTAL_CANDIDATE,ESTABLISHED_CURRENT,31,6,10,0.1935483870967742,0.3225806451612903,660.3225806451613,167.41935483870967,175.16129032258064,81.29032258064517,24,3,1,2,23,890.0,210.0,28,731.0714285714286,172.5,31,660.3225806451613,167.41935483870967,419.5500235040182,86.02325267042627,,True,v04m_6d791be9a1ebb194a313c947,v04m_a632902f82ea65c0d8ef2ceb,"[[""v04m_a632902f82ea65c0d8ef2ceb"",""distance_m"",""[{\""feature\"":\""condition_class_code\"",\""value\"":\""9\""},{\""feature\"":\""sire_name\"",\""value\"":\""ファインニードル\""}]"",49,7,11,0.14285714285714285,0.22448979591836735,428.7755102040816,109.79591836734694,305.3061224489796,84.08163265306122,121.83673469387755,55.30612244897959,41,3,0.05069124423963134,0.09809084924292297,231.5470704410797,57.62343647136272,0.6326530612244898],[""v04m_91d932aaf7845c021a2ae445"",""condition_class_code"",""[{\""feature\"":\""distance_m\"",\""value\"":\""1200\""},{\""feature\"":\""sire_name\"",\""value\"":\""ファインニードル\""}]"",382,36,88,0.09424083769633508,0.23036649214659685,107.01570680628272,79.52879581151832,91.17801047120419,72.72251308900523,67.64397905759162,63.50785340314136,214,4,0.09930754940043911,0.09221415301469346,553.3068738388786,87.89055902719134,0.08115183246073299],[""v04m_6d791be9a1ebb194a313c947"",""sire_name"",""[{\""feature\"":\""distance_m\"",\""value\"":\""1200\""},{\""feature\"":\""condition_class_code\"",\""value\"":\""9\""}]"",1983,133,394,0.0670700958144226,0.19868885526979324,90.17650025214321,72.79878971255673,80.33787191124559,71.57337367624811,69.88905698436712,69.39989914271307,123,3,0.1264782912823516,0.12389178989149707,570.1460803930181,94.62056512615294,0.015632879475542108]]",INCREMENTAL_CANDIDATE first; non-jackpot; min parent ROI delta desc; support desc; candidate_id
v04c_c7c5939d84e3e0a0373e3298,v04tpl_1475bf939276e8a79f5d,PEDIGREE_BASELINE,PEDIGREE_CROSS,3,turn_code=2 AND sire_name=レッドファルクス AND prev1_venue_code=04,INCREMENTAL_CANDIDATE,ESTABLISHED_CURRENT,28,6,12,0.21428571428571427,0.42857142857142855,392.14285714285717,132.14285714285714,108.21428571428571,69.64285714285714,26,3,3,3,12,105.83333333333333,82.5,21,132.85714285714286,70.47619047619048,28,392.14285714285717,132.14285714285714,487.47081443359684,117.78268154150096,730D_DIRECTION_CONTRADICTS_FULL_3Y,True,v04m_e18fcaede2c36a92545c16e2,v04m_bd419a86edfaece08674fc33,"[[""v04m_8c8921b70fa4a5f836c15351"",""turn_code"",""[{\""feature\"":\""sire_name\"",\""value\"":\""レッドファルクス\""},{\""feature\"":\""prev1_venue_code\"",\""value\"":\""04\""}]"",69,6,14,0.08695652173913043,0.2028985507246377,159.1304347826087,91.44927536231884,118.69565217391305,56.08695652173913,43.91304347826087,37.68115942028985,58,3,0.12732919254658384,0.22567287784679085,233.01242236024848,40.693581780538295,0.4057971014492754],[""v04m_e18fcaede2c36a92545c16e2"",""sire_name"",""[{\""feature\"":\""turn_code\"",\""value\"":\""2\""},{\""feature\"":\""prev1_venue_code\"",\""value\"":\""04\""}]"",4429,315,949,0.07112214946940619,0.21426958681417926,70.7631519530368,74.86114247008354,66.66516143599007,72.85617520885076,61.55791375028223,69.6297132535561,234,3,0.1431635648163081,0.21430184175724928,321.37970518982036,57.2817146727736,0.006321968841724994],[""v04m_bd419a86edfaece08674fc33"",""prev1_venue_code"",""[{\""feature\"":\""turn_code\"",\""value\"":\""2\""},{\""feature\"":\""sire_name\"",\""value\"":\""レッドファルクス\""}]"",295,25,66,0.0847457627118644,0.22372881355932203,162.54237288135593,78.16949152542372,92.30508474576271,64.88135593220339,60.94915254237288,52.71186440677966,175,3,0.12953995157384987,0.20484261501210652,229.60048426150124,53.973365617433416,0.09491525423728814]]",INCREMENTAL_CANDIDATE first; non-jackpot; min parent ROI delta desc; support desc; candidate_id
v04c_e6cf29205071ab1c7e4e0f64,v04tpl_d2619918292f36a5d6dc,PEDIGREE_INTERACTION,PEDIGREE_CROSS,3,race_condition_code=A3 AND sire_line_code=1311 AND broodmare_sire_name=サウスヴィグラス,INCREMENTAL_CANDIDATE,ESTABLISHED_CURRENT,59,12,24,0.2033898305084746,0.4067796610169492,401.35593220338984,125.42372881355932,115.08474576271186,67.11864406779661,53,3,3,3,21,664.2857142857143,157.61904761904762,45,523.1111111111111,155.33333333333334,59,401.35593220338984,125.42372881355932,268.7279334633488,59.51248569536241,,True,v04m_e424426694ba331b80da4793,v04m_2deea78972a9ab3ed558b5be,"[[""v04m_2deea78972a9ab3ed558b5be"",""race_condition_code"",""[{\""feature\"":\""sire_line_code\"",\""value\"":\""1311\""},{\""feature\"":\""broodmare_sire_name\"",\""value\"":\""サウスヴィグラス\""}]"",195,24,60,0.12307692307692308,0.3076923076923077,175.84615384615384,88.71794871794872,141.23076923076923,79.07692307692308,89.23076923076923,69.02564102564102,145,3,0.0803129074315515,0.09908735332464147,225.509778357236,36.705780095610606,0.30256410256410254],[""v04m_02bf8f7a4e5b268c401c9362"",""sire_line_code"",""[{\""feature\"":\""race_condition_code\"",\""value\"":\""A3\""},{\""feature\"":\""broodmare_sire_name\"",\""value\"":\""サウスヴィグラス\""}]"",433,41,109,0.09468822170900693,0.2517321016166282,91.01616628175519,85.24249422632795,75.42725173210161,70.18475750577367,52.00923787528868,60.62355658198614,232,4,0.10870160879946766,0.155047559400321,310.33976592163464,40.18123458723137,0.13625866050808313],[""v04m_e424426694ba331b80da4793"",""broodmare_sire_name"",""[{\""feature\"":\""race_condition_code\"",\""value\"":\""A3\""},{\""feature\"":\""sire_line_code\"",\""value\"":\""1311\""}]"",2777,214,614,0.07706157724162765,0.22110190853438963,77.09758732445084,73.71984155563558,72.19661505221463,70.81382787180411,66.0676989557076,65.83363341735686,323,4,0.12632825326684693,0.18567775248255955,324.258344878939,51.70388725792374,0.02124594886568239]]",INCREMENTAL_CANDIDATE first; non-jackpot; min parent ROI delta desc; support desc; candidate_id
v04c_980fd7571d75666fea5a3111,v04tpl_9188daf28994f66321e5,PEDIGREE_BASELINE,PEDIGREE_CROSS,3,turn_code=2 AND frame_zone=OUTER AND sire_name=カルフォルニアクローム,INCREMENTAL_CANDIDATE,ESTABLISHED_CURRENT,84,9,20,0.10714285714285714,0.23809523809523808,358.92857142857144,218.92857142857142,124.52380952380952,93.0952380952381,66,3,3,3,41,251.21951219512195,61.46341463414634,74,280.6756756756757,99.1891891891892,84,358.92857142857144,218.92857142857142,309.360058608274,473.24999865505924,730D_DIRECTION_CONTRADICTS_FULL_3Y,True,v04m_f658f3b9c750090ba6cf624a,v04m_a8c7a120f96afcc62d8a2479,"[[""v04m_810a4dba9ed42ebf2d0f2ffe"",""turn_code"",""[{\""feature\"":\""frame_zone\"",\""value\"":\""OUTER\""},{\""feature\"":\""sire_name\"",\""value\"":\""カルフォルニアクローム\""}]"",302,27,72,0.08940397350993377,0.23841059602649006,133.50993377483445,117.11920529801324,110.76158940397352,90.39735099337749,68.3112582781457,76.2251655629139,177,3,0.017738883632923363,-0.00031535793125198053,225.418637653737,101.80936613055817,0.2781456953642384],[""v04m_a8c7a120f96afcc62d8a2479"",""frame_zone"",""[{\""feature\"":\""turn_code\"",\""value\"":\""2\""},{\""feature\"":\""sire_name\"",\""value\"":\""カルフォルニアクローム\""}]"",319,17,47,0.05329153605015674,0.14733542319749215,133.98119122257054,109.78056426332289,110.43887147335423,84.48275862068965,67.96238244514106,66.42633228840126,148,3,0.0538513210927004,0.09075981489774593,224.9473802060009,109.14800716524853,0.26332288401253917],[""v04m_f658f3b9c750090ba6cf624a"",""sire_name"",""[{\""feature\"":\""turn_code\"",\""value\"":\""2\""},{\""feature\"":\""frame_zone\"",\""value\"":\""OUTER\""}]"",13982,1007,3048,0.07202117007581176,0.21799456443999427,65.11657845801746,71.55557144900587,63.369331998283506,70.92046917465312,60.93834930625089,69.76898869975683,241,3,0.03512168706704538,0.020100673655243817,293.811992970554,147.37299997956555,0.006007724216850236]]",INCREMENTAL_CANDIDATE first; non-jackpot; min parent ROI delta desc; support desc; candidate_id
v04c_29d63128f47b68c7666c3024,v04tpl_2e0942ce2133a9e5207c,PEDIGREE_BASELINE,PEDIGREE_CROSS,3,distance_m=2000 AND surface_code=2 AND sire_line_code=1311,INCREMENTAL_CANDIDATE,ESTABLISHED_CURRENT,51,6,16,0.11764705882352941,0.3137254901960784,323.1372549019608,130.19607843137254,100.19607843137256,81.76470588235294,34,3,3,3,20,372.5,149.0,34,371.47058823529414,126.76470588235294,51,323.1372549019608,130.19607843137254,68.25730009136875,23.160158155715823,,True,v04m_1172066fef25eea65a489ea3,v04m_8482307a8b62ba5eec18c546,"[[""v04m_5bd6ce27e22ba492c4c91830"",""distance_m"",""[{\""feature\"":\""surface_code\"",\""value\"":\""2\""},{\""feature\"":\""sire_line_code\"",\""value\"":\""1311\""}]"",6522,552,1567,0.08463661453541858,0.24026372278442196,86.14228764182766,79.29776142287642,83.85771235817234,78.06041091689666,80.25605642440969,76.5440049064704,323,4,0.03301044428811083,0.07346176741165647,236.9949672601331,50.89831700849612,0.0078196872125115],[""v04m_8482307a8b62ba5eec18c546"",""surface_code"",""[{\""feature\"":\""distance_m\"",\""value\"":\""2000\""},{\""feature\"":\""sire_line_code\"",\""value\"":\""1311\""}]"",191,10,28,0.05235602094240838,0.14659685863874344,100.31413612565446,54.18848167539267,79.31937172774869,48.7434554973822,40.78534031413613,39.52879581151832,136,3,0.06529103788112103,0.16712863155733498,222.82311877630633,76.00759675597988,0.2670157068062827],[""v04m_1172066fef25eea65a489ea3"",""sire_line_code"",""[{\""feature\"":\""distance_m\"",\""value\"":\""2000\""},{\""feature\"":\""surface_code\"",\""value\"":\""2\""}]"",600,46,137,0.07666666666666666,0.22833333333333333,85.86666666666666,85.88333333333334,70.98333333333333,79.61666666666666,57.766666666666666,70.6,43,3,0.04098039215686275,0.0853921568627451,237.2705882352941,44.3127450980392,0.085]]",INCREMENTAL_CANDIDATE first; non-jackpot; min parent ROI delta desc; support desc; candidate_id
v04c_5a09e677a5a736aa2ddaa88d,v04tpl_206288fe2359d5ae4da4,PEDIGREE_BASELINE,PEDIGREE_CROSS,3,distance_m=1200 AND sex_code=3 AND broodmare_sire_line_code=1103,INCREMENTAL_CANDIDATE,ESTABLISHED_CURRENT,63,9,15,0.14285714285714285,0.23809523809523808,312.06349206349205,140.15873015873015,117.3015873015873,81.26984126984127,57,3,3,3,19,404.7368421052632,211.57894736842104,38,333.42105263157896,165.52631578947367,63,312.06349206349205,140.15873015873015,77.8116250866685,54.79656878507344,,True,v04m_d62bdef14747d322c8659e77,v04m_b903c83f31dcf71dfbc70907,"[[""v04m_d62bdef14747d322c8659e77"",""distance_m"",""[{\""feature\"":\""sex_code\"",\""value\"":\""3\""},{\""feature\"":\""broodmare_sire_line_code\"",\""value\"":\""1103\""}]"",497,29,115,0.05835010060362173,0.23138832997987926,73.19919517102616,82.33400402414487,61.3682092555332,78.93360160965794,48.51106639839034,72.85714285714286,251,3,0.08450704225352113,0.006706908115358817,238.8642968924659,57.824726134585276,0.1267605633802817],[""v04m_4b61be7f8b94f49d1f895bf3"",""sex_code"",""[{\""feature\"":\""distance_m\"",\""value\"":\""1200\""},{\""feature\"":\""broodmare_sire_line_code\"",\""value\"":\""1103\""}]"",1421,90,266,0.0633356790992259,0.18719211822660098,86.81914144968331,84.45460942997889,67.12174524982407,76.65024630541872,57.776213933849405,71.04152005629838,311,4,0.07952146375791695,0.0509031198686371,225.24435061380873,55.70412072875126,0.04433497536945813],[""v04m_b903c83f31dcf71dfbc70907"",""broodmare_sire_line_code"",""[{\""feature\"":\""distance_m\"",\""value\"":\""1200\""},{\""feature\"":\""sex_code\"",\""value\"":\""3\""}]"",963,52,158,0.05399792315680166,0.1640706126687435,89.65732087227414,79.31464174454828,69.39771547248182,74.98442367601245,58.110072689511945,68.84735202492212,294,4,0.08885921970034119,0.07402462542649457,222.4061711912179,60.84408841418187,0.06542056074766354]]",INCREMENTAL_CANDIDATE first; non-jackpot; min parent ROI delta desc; support desc; candidate_id
v04c_bc08f1f87425f5d8f7b68647,v04tpl_f4f9c5c7cc29cd176979,PEDIGREE_BASELINE,PEDIGREE_CROSS,2,venue_code=09 AND broodmare_sire_name=ルーラーシップ,INCREMENTAL_CANDIDATE,ESTABLISHED_CURRENT,104,17,28,0.16346153846153846,0.2692307692307692,301.34615384615387,86.15384615384616,130.48076923076923,64.32692307692308,64,3,3,3,64,172.34375,67.65625,75,159.86666666666667,76.4,104,301.34615384615387,86.15384615384616,255.7178088247527,25.20676952718828,,True,v04m_eedec38e3ab088612fbeee78,v04m_9ea602fa6ec77a5e454586d7,"[[""v04m_9ea602fa6ec77a5e454586d7"",""venue_code"",""[{\""feature\"":\""broodmare_sire_name\"",\""value\"":\""ルーラーシップ\""}]"",1124,99,281,0.08807829181494661,0.25,83.05160142348754,72.35765124555161,73.66548042704626,70.01779359430606,65.14234875444839,67.06405693950178,307,3,0.07538324664659185,0.019230769230769218,218.29455242266633,13.796194908294552,0.09252669039145907],[""v04m_eedec38e3ab088612fbeee78"",""broodmare_sire_name"",""[{\""feature\"":\""venue_code\"",\""value\"":\""09\""}]"",16151,1225,3628,0.07584669679895982,0.22463005386663365,67.92272924277134,71.41353476564919,66.53953315584174,71.11633954553898,64.78546220048294,70.60120116401461,102,4,0.08761484166257864,0.04460071536413557,233.42342460338253,14.740311388196972,0.006439229769054548]]",INCREMENTAL_CANDIDATE first; non-jackpot; min parent ROI delta desc; support desc; candidate_id
v04c_6297af6c9a4bc52a0efeba72,v04tpl_c70fb8ecbc0dbe5a502f,TRANSITION_PRIORITY,PEDIGREE_TRANSITION_CROSS,3,race_condition_code=16 AND sire_name=ディープインパクト AND frame_transition=INNER->OUTER,INCREMENTAL_CANDIDATE,ESTABLISHED_CURRENT,23,6,11,0.2608695652173913,0.4782608695652174,630.4347826086956,320.0,65.65217391304348,128.69565217391303,23,3,2,3,1,0.0,1950.0,11,505.45454545454544,444.54545454545456,23,630.4347826086956,320.0,316.20703485041076,802.2348452377147,,True,v04m_8cafe33a9d553be80755bdba,v04m_53cd9f816de0ee1e1fac655b,"[[""v04m_53cd9f816de0ee1e1fac655b"",""race_condition_code"",""[{\""feature\"":\""sire_name\"",\""value\"":\""ディープインパクト\""},{\""feature\"":\""frame_transition\"",\""value\"":\""INNER->OUTER\""}]"",148,20,49,0.13513513513513514,0.3310810810810811,161.6891891891892,103.71621621621621,117.9054054054054,90.54054054054055,64.39189189189189,73.98648648648648,113,3,0.12573443008225615,0.14717978848413632,468.74559341950646,216.2837837837838,0.1554054054054054],[""v04m_8cafe33a9d553be80755bdba"",""sire_name"",""[{\""feature\"":\""race_condition_code\"",\""value\"":\""16\""},{\""feature\"":\""frame_transition\"",\""value\"":\""INNER->OUTER\""}]"",851,72,191,0.0846063454759107,0.2244418331374853,94.77085781433607,93.07873090481786,80.0705052878966,86.80376028202114,64.88836662749706,79.64747356051704,289,4,0.1762632197414806,0.25381903642773207,535.6639247943596,226.92126909518214,0.02702702702702703],[""v04m_c87839c55a7dd4ac36ecd756"",""frame_transition"",""[{\""feature\"":\""race_condition_code\"",\""value\"":\""16\""},{\""feature\"":\""sire_name\"",\""value\"":\""ディープインパクト\""}]"",257,21,57,0.08171206225680934,0.22178988326848248,118.32684824902724,87.70428015564202,91.94552529182879,80.11673151750973,46.809338521400775,70.27237354085604,141,4,0.17915750296058197,0.2564709862967349,512.1079343596684,232.29571984435796,0.08949416342412451]]",INCREMENTAL_CANDIDATE first; non-jackpot; min parent ROI delta desc; support desc; candidate_id
v04c_412fe5226c686a36e02631fa,v04tpl_a9e3df4725da281119d9,PEDIGREE_BASELINE,PEDIGREE_CROSS,3,turn_code=1 AND race_condition_code=OP AND sire_name=ファインニードル,INCREMENTAL_CANDIDATE,ESTABLISHED_CURRENT,40,8,12,0.2,0.3,697.5,175.0,247.5,84.25,33,3,2,2,25,818.8,193.2,32,639.6875,150.9375,40,697.5,175.0,414.340038159749,114.01491374182395,,True,v04m_ffe32679c6e6d3ce434f7e23,v04m_615be90a154bd960bf365d78,"[[""v04m_615be90a154bd960bf365d78"",""turn_code"",""[{\""feature\"":\""race_condition_code\"",\""value\"":\""OP\""},{\""feature\"":\""sire_name\"",\""value\"":\""ファインニードル\""}]"",59,9,13,0.15254237288135594,0.22033898305084745,482.03389830508473,121.86440677966101,362.03389830508473,93.89830508474576,176.94915254237287,60.33898305084746,49,3,0.04745762711864407,0.07966101694915254,215.46610169491527,53.13559322033899,0.6779661016949152],[""v04m_984f86f33c49091c84551752"",""race_condition_code"",""[{\""feature\"":\""turn_code\"",\""value\"":\""1\""},{\""feature\"":\""sire_name\"",\""value\"":\""ファインニードル\""}]"",548,47,125,0.08576642335766424,0.2281021897810219,107.84671532846716,82.48175182481752,94.92700729927007,76.45985401459853,75.0,69.17883211678833,248,4,0.11423357664233577,0.07189781021897809,589.6532846715329,92.51824817518248,0.072992700729927],[""v04m_ffe32679c6e6d3ce434f7e23"",""sire_name"",""[{\""feature\"":\""turn_code\"",\""value\"":\""1\""},{\""feature\"":\""race_condition_code\"",\""value\"":\""OP\""}]"",7514,526,1565,0.07000266169816342,0.2082778812882619,70.7253127495342,72.51796646260314,68.12882619110992,71.78999201490551,65.37130689379825,70.7253127495342,291,4,0.12999733830183657,0.09172211871173808,626.7746872504658,102.48203353739686,0.005323396326856534]]",INCREMENTAL_CANDIDATE first; non-jackpot; min parent ROI delta desc; support desc; candidate_id
v04c_9c17c81fa780e846c8615da0,v04tpl_965d4d5d51df7659ebf6,PEDIGREE_BASELINE,PEDIGREE_CROSS,3,venue_code=05 AND condition_class_code=0 AND sire_name=ロージズインメイ,INCREMENTAL_CANDIDATE,ESTABLISHED_CURRENT,29,3,15,0.10344827586206896,0.5172413793103449,53.10344827586207,351.7241379310345,0.0,127.93103448275862,24,3,2,2,3,0.0,0.0,16,77.5,178.125,29,53.10344827586207,351.7241379310345,40.632733927262166,232.7479272370349,,True,v04m_8a3ebf179de18d4a4127dddc,v04m_6d42203d6ea65d4118734e30,"[[""v04m_63b606c531a3a8a861213d4f"",""venue_code"",""[{\""feature\"":\""condition_class_code\"",\""value\"":\""0\""},{\""feature\"":\""sire_name\"",\""value\"":\""ロージズインメイ\""}]"",147,11,40,0.07482993197278912,0.272108843537415,43.605442176870746,117.00680272108843,34.82993197278912,85.98639455782313,20.8843537414966,71.56462585034014,107,3,0.02861834388927985,0.24513253577292987,9.498006098991326,234.71733520994604,0.19727891156462585],[""v04m_6d42203d6ea65d4118734e30"",""condition_class_code"",""[{\""feature\"":\""venue_code\"",\""value\"":\""05\""},{\""feature\"":\""sire_name\"",\""value\"":\""ロージズインメイ\""}]"",93,3,20,0.03225806451612903,0.21505376344086022,16.559139784946236,136.34408602150538,7.311827956989247,87.31182795698925,0.0,66.55913978494624,62,3,0.07119021134593993,0.3021876158694846,36.54430849091584,215.3800519095291,0.3118279569892473],[""v04m_8a3ebf179de18d4a4127dddc"",""sire_name"",""[{\""feature\"":\""venue_code\"",\""value\"":\""05\""},{\""feature\"":\""condition_class_code\"",\""value\"":\""0\""}]"",10471,711,2119,0.06790182408556966,0.2023684461847006,69.13379810906312,65.79887307802503,66.67558017381339,64.86677490211059,62.127781491739086,63.329194919300924,134,3,0.0355464517764993,0.31487293312564424,-16.03034983320105,285.9252648530095,0.002769554006303123]]",INCREMENTAL_CANDIDATE first; non-jackpot; min parent ROI delta desc; support desc; candidate_id
v04c_0b46e90def43a0a351b260ee,v04tpl_2cdcd1f8ffe67e4282a2,PEDIGREE_BASELINE,PEDIGREE_CROSS,3,surface_code=2 AND frame_zone=INNER AND sire_name=アイファーソング,INCREMENTAL_CANDIDATE,ESTABLISHED_CURRENT,32,5,10,0.15625,0.3125,1586.25,318.75,222.1875,121.875,31,3,2,3,13,0.0,113.84615384615384,23,1897.8260869565217,345.2173913043478,32,1586.25,318.75,1899.0626342722057,225.57743657781987,,True,v04m_892d562111ce5297c9e7f214,v04m_ea50cbdf0be5bbf869b6fc2c,"[[""v04m_ea50cbdf0be5bbf869b6fc2c"",""surface_code"",""[{\""feature\"":\""frame_zone\"",\""value\"":\""INNER\""},{\""feature\"":\""sire_name\"",\""value\"":\""アイファーソング\""}]"",37,5,10,0.13513513513513514,0.2702702702702703,1371.8918918918919,275.6756756756757,876.2162162162163,214.32432432432432,192.16216216216216,105.4054054054054,35,3,0.021114864864864857,0.042229729729729715,214.35810810810813,43.07432432432432,0.8648648648648649],[""v04m_db78cd42271deb3bb375e18a"",""frame_zone"",""[{\""feature\"":\""surface_code\"",\""value\"":\""2\""},{\""feature\"":\""sire_name\"",\""value\"":\""アイファーソング\""}]"",112,9,22,0.08035714285714286,0.19642857142857142,468.75,119.82142857142857,305.0,99.55357142857143,79.01785714285714,63.57142857142857,95,3,0.07589285714285714,0.11607142857142858,1117.5,198.92857142857144,0.2857142857142857],[""v04m_892d562111ce5297c9e7f214"",""sire_name"",""[{\""feature\"":\""surface_code\"",\""value\"":\""2\""},{\""feature\"":\""frame_zone\"",\""value\"":\""INNER\""}]"",23797,1487,4630,0.062486868092616714,0.19456233979072993,65.34227003403791,69.46842038912467,64.23792915073328,69.17888809513805,62.194394251376224,68.61957389586922,323,4,0.09376313190738328,0.11793766020927007,1520.907729965962,249.28157961087533,0.0013447073160482413]]",INCREMENTAL_CANDIDATE first; non-jackpot; min parent ROI delta desc; support desc; candidate_id
v04c_23ebf368d3f48ae345cce1c8,v04tpl_142f01302e7b74ed69da,TRANSITION_PRIORITY,PEDIGREE_TRANSITION_CROSS,3,venue_code=07 AND broodmare_sire_name=キングヘイロー AND distance_change_bucket=EXTEND,INCREMENTAL_CANDIDATE,ESTABLISHED_CURRENT,16,0,7,0.0,0.4375,0.0,350.625,0.0,131.875,16,3,0,3,9,0.0,361.1111111111111,12,0.0,336.6666666666667,16,0.0,350.625,0.0,55.00483206108885,,True,v04m_795aad5a43f2566e168263a3,v04m_5d30fee1a34d06bd063fa512,"[[""v04m_232df9bd254be8f507c448b8"",""venue_code"",""[{\""feature\"":\""broodmare_sire_name\"",\""value\"":\""キングヘイロー\""},{\""feature\"":\""distance_change_bucket\"",\""value\"":\""EXTEND\""}]"",123,7,27,0.056910569105691054,0.21951219512195122,58.94308943089431,94.63414634146342,25.447154471544714,81.869918699187,10.16260162601626,65.28455284552845,100,4,-0.056910569105691054,0.21798780487804878,-58.94308943089431,255.9908536585366,0.13008130081300814],[""v04m_795aad5a43f2566e168263a3"",""broodmare_sire_name"",""[{\""feature\"":\""venue_code\"",\""value\"":\""07\""},{\""feature\"":\""distance_change_bucket\"",\""value\"":\""EXTEND\""}]"",2196,136,424,0.061930783242258654,0.1930783242258652,62.568306010928964,63.84335154826958,58.060109289617486,62.190346083788704,52.39526411657559,60.05464480874317,94,3,-0.061930783242258654,0.2444216757741348,-62.568306010928964,286.7816484517304,0.007285974499089253],[""v04m_5d30fee1a34d06bd063fa512"",""distance_change_bucket"",""[{\""feature\"":\""venue_code\"",\""value\"":\""07\""},{\""feature\"":\""broodmare_sire_name\"",\""value\"":\""キングヘイロー\""}]"",110,11,33,0.1,0.3,157.36363636363637,136.8181818181818,74.0909090909091,121.81818181818181,28.636363636363637,97.27272727272727,61,3,-0.1,0.1375,-157.36363636363637,213.8068181818182,0.14545454545454545]]",INCREMENTAL_CANDIDATE first; non-jackpot; min parent ROI delta desc; support desc; candidate_id
v04c_23fcd66016911461936d84f8,v04tpl_055181416bd1bf70f809,TRANSITION_PRIORITY,PEDIGREE_TRANSITION_CROSS,3,condition_class_code=3 AND sire_name=ディープインパクト AND frame_transition=INNER->OUTER,INCREMENTAL_CANDIDATE,ESTABLISHED_CURRENT,24,6,12,0.25,0.5,604.1666666666666,317.5,62.916666666666664,134.16666666666666,24,3,2,3,1,0.0,1950.0,12,463.3333333333333,429.1666666666667,24,604.1666666666666,317.5,310.5356165498661,802.9070715750014,,True,v04m_d948333a2fbbaac85db615e7,v04m_53cd9f816de0ee1e1fac655b,"[[""v04m_53cd9f816de0ee1e1fac655b"",""condition_class_code"",""[{\""feature\"":\""sire_name\"",\""value\"":\""ディープインパクト\""},{\""feature\"":\""frame_transition\"",\""value\"":\""INNER->OUTER\""}]"",148,20,49,0.13513513513513514,0.3310810810810811,161.6891891891892,103.71621621621621,117.9054054054054,90.54054054054055,64.39189189189189,73.98648648648648,113,3,0.11486486486486486,0.16891891891891891,442.47747747747746,213.7837837837838,0.16216216216216217],[""v04m_d948333a2fbbaac85db615e7"",""sire_name"",""[{\""feature\"":\""condition_class_code\"",\""value\"":\""3\""},{\""feature\"":\""frame_transition\"",\""value\"":\""INNER->OUTER\""}]"",877,75,199,0.08551881413911061,0.22690992018244013,94.24173318129989,92.82782212086659,79.97719498289624,86.73888255416192,65.24515393386545,79.79475484606614,290,4,0.1644811858608894,0.27309007981755984,509.92493348536675,224.67217787913341,0.027366020524515394],[""v04m_1b00d95dd453365bac1c06ce"",""frame_transition"",""[{\""feature\"":\""condition_class_code\"",\""value\"":\""3\""},{\""feature\"":\""sire_name\"",\""value\"":\""ディープインパクト\""}]"",270,23,62,0.08518518518518518,0.22962962962962963,116.55555555555556,88.18518518518519,91.44444444444444,80.96296296296296,48.48148148148148,71.5925925925926,149,4,0.1648148148148148,0.27037037037037037,487.6111111111111,229.3148148148148,0.08888888888888889]]",INCREMENTAL_CANDIDATE first; non-jackpot; min parent ROI delta desc; support desc; candidate_id
v04c_31c4833dfeab5e7d4d8d445b,v04tpl_13f5491e9ae2853088d9,PEDIGREE_INTERACTION,PEDIGREE_CROSS,3,running_style_code=2 AND sire_line_code=1311 AND broodmare_sire_name=サウスヴィグラス,INCREMENTAL_CANDIDATE,ESTABLISHED_CURRENT,41,11,17,0.2682926829268293,0.4146341463414634,388.780487804878,143.41463414634146,107.07317073170732,68.53658536585365,39,3,3,3,20,415.5,129.0,31,496.4516129032258,167.41935483870967,41,388.780487804878,143.41463414634146,242.32650586628512,69.63292182332215,,True,v04m_3d57c576e70e16fdd02eb882,v04m_2deea78972a9ab3ed558b5be,"[[""v04m_2deea78972a9ab3ed558b5be"",""running_style_code"",""[{\""feature\"":\""sire_line_code\"",\""value\"":\""1311\""},{\""feature\"":\""broodmare_sire_name\"",\""value\"":\""サウスヴィグラス\""}]"",195,24,60,0.12307692307692308,0.3076923076923077,175.84615384615384,88.71794871794872,141.23076923076923,79.07692307692308,89.23076923076923,69.02564102564102,145,3,0.1452157598499062,0.10694183864915568,212.93433395872418,54.69668542839274,0.21025641025641026],[""v04m_664852c409a24e06e14535aa"",""sire_line_code"",""[{\""feature\"":\""running_style_code\"",\""value\"":\""2\""},{\""feature\"":\""broodmare_sire_name\"",\""value\"":\""サウスヴィグラス\""}]"",338,43,86,0.12721893491124261,0.25443786982248523,137.54437869822485,82.07100591715977,111.03550295857988,69.20118343195266,80.0,60.47337278106509,214,4,0.14107374801558667,0.16019627651897816,251.23610910665317,61.34362822918169,0.12130177514792899],[""v04m_3d57c576e70e16fdd02eb882"",""broodmare_sire_name"",""[{\""feature\"":\""running_style_code\"",\""value\"":\""2\""},{\""feature\"":\""sire_line_code\"",\""value\"":\""1311\""}]"",1938,208,538,0.10732714138286893,0.2776057791537668,97.63673890608875,78.69453044375645,90.6140350877193,76.81630546955624,83.58617131062951,73.93704850361198,321,4,0.16096554154396037,0.13702836718769662,291.1437488987893,64.720103702585,0.021155830753353973]]",INCREMENTAL_CANDIDATE first; non-jackpot; min parent ROI delta desc; support desc; candidate_id
v04c_3eaed16496af025a7e9efb71,v04tpl_ff2b07d4c8dd75603a6e,TRANSITION_PRIORITY,PEDIGREE_TRANSITION_CROSS,3,broodmare_sire_name=シンボリクリスエス AND prev1_venue_code=05 AND distance_change_bucket=SHORTEN,INCREMENTAL_CANDIDATE,ESTABLISHED_CURRENT,92,8,18,0.08695652173913043,0.1956521739130435,378.69565217391306,87.06521739130434,100.97826086956522,47.28260869565217,72,3,3,3,29,264.13793103448273,93.44827586206897,52,381.34615384615387,90.96153846153847,92,378.69565217391306,87.06521739130434,108.65138293407504,4.673986135203156,,True,v04m_31d90332386c72b506a06054,v04m_10bae6ef105f39e1a9686ad8,"[[""v04m_31d90332386c72b506a06054"",""broodmare_sire_name"",""[{\""feature\"":\""prev1_venue_code\"",\""value\"":\""05\""},{\""feature\"":\""distance_change_bucket\"",\""value\"":\""SHORTEN\""}]"",4182,310,901,0.0741272118603539,0.21544715447154472,75.16499282639886,67.89574366331898,70.49976087996174,66.84361549497848,65.26781444285031,64.81348637015782,322,4,0.012829309878776535,-0.019794980558501235,303.5306593475142,19.169473727985363,0.021999043519846963],[""v04m_10bae6ef105f39e1a9686ad8"",""prev1_venue_code"",""[{\""feature\"":\""broodmare_sire_name\"",\""value\"":\""シンボリクリスエス\""},{\""feature\"":\""distance_change_bucket\"",\""value\"":\""SHORTEN\""}]"",408,30,80,0.07352941176470588,0.19607843137254902,167.2549019607843,81.54411764705883,122.76960784313725,76.54411764705883,69.1421568627451,69.24019607843137,224,4,0.013427109974424548,-0.0004262574595055302,211.44075021312875,5.521099744245518,0.22549019607843138],[""v04m_924f2cacaf8663841bdfc846"",""distance_change_bucket"",""[{\""feature\"":\""broodmare_sire_name\"",\""value\"":\""シンボリクリスエス\""},{\""feature\"":\""prev1_venue_code\"",\""value\"":\""05\""}]"",449,32,81,0.07126948775055679,0.18040089086859687,128.70824053452117,65.18930957683742,101.60356347438753,60.42316258351893,62.204899777282854,53.85300668151448,234,4,0.015687033988573643,0.015251283044446617,249.9874116393919,21.875907814466927,0.20489977728285078]]",INCREMENTAL_CANDIDATE first; non-jackpot; min parent ROI delta desc; support desc; candidate_id
v04c_7109baefad266247b5bcab40,v04tpl_2cb48d68c4682149c7fc,TRANSITION_PRIORITY,TRANSITION_CROSS,3,distance_m=2000 AND prev1_venue_code=01 AND frame_transition=MIDDLE->INNER,INCREMENTAL_CANDIDATE,ESTABLISHED_CURRENT,88,16,30,0.18181818181818182,0.3409090909090909,322.27272727272725,170.79545454545453,106.02272727272727,94.88636363636364,55,3,3,3,27,550.7407407407408,248.88888888888889,57,408.0701754385965,223.50877192982455,88,322.27272727272725,170.79545454545453,161.90197673694695,73.81192669696382,,True,v04m_a016a8e853da60ad9edb6faf,v04m_46c74bac8adddd1ecfa430a2,"[[""v04m_2f23883ca3117543b467d979"",""distance_m"",""[{\""feature\"":\""prev1_venue_code\"",\""value\"":\""01\""},{\""feature\"":\""frame_transition\"",\""value\"":\""MIDDLE->INNER\""}]"",631,54,154,0.08557844690966719,0.24405705229793978,109.66719492868462,86.21236133122028,92.5039619651347,80.74484944532487,74.16798732171156,73.01109350237718,171,3,0.09623973490851463,0.0968520386111511,212.60553234404262,84.58309321423425,0.13946117274167988],[""v04m_a016a8e853da60ad9edb6faf"",""prev1_venue_code"",""[{\""feature\"":\""distance_m\"",\""value\"":\""2000\""},{\""feature\"":\""frame_transition\"",\""value\"":\""MIDDLE->INNER\""}]"",1577,134,387,0.0849714648065948,0.24540266328471783,79.48002536461637,82.28281547241598,72.61255548509828,79.8287888395688,61.11604311984781,75.56119213696893,310,4,0.09684671701158702,0.09550642762437306,242.79270190811087,88.51263907303856,0.05580215599239061],[""v04m_46c74bac8adddd1ecfa430a2"",""frame_transition"",""[{\""feature\"":\""distance_m\"",\""value\"":\""2000\""},{\""feature\"":\""prev1_venue_code\"",\""value\"":\""01\""}]"",683,61,165,0.08931185944363104,0.24158125915080528,110.9077598828697,90.16105417276721,95.05124450951683,85.10980966325036,71.52269399707174,76.74963396778917,143,4,0.09250632237455078,0.0993278317582856,211.36496738985755,80.63440037268732,0.12884333821376281]]",INCREMENTAL_CANDIDATE first; non-jackpot; min parent ROI delta desc; support desc; candidate_id
v04c_51e32e68636442aeccde02ac,v04tpl_3d4e597cd0f49267c171,PEDIGREE_BASELINE,PEDIGREE_CROSS,3,distance_m=1400 AND sire_line_code=1106 AND prev1_venue_code=09,INCREMENTAL_CANDIDATE,ESTABLISHED_CURRENT,124,20,39,0.16129032258064516,0.31451612903225806,302.9032258064516,136.69354838709677,112.74193548387096,92.01612903225806,90,4,4,4,35,180.28571428571428,145.42857142857142,73,160.41095890410958,104.10958904109589,123,298.2113821138211,136.01626016260164,296.8476342610659,56.96764115370426,,True,v04m_7be797d51f35701cd8ca5264,v04m_ded0daffda1cd95c3d787546,"[[""v04m_e56238701e4348d4bca59c15"",""distance_m"",""[{\""feature\"":\""sire_line_code\"",\""value\"":\""1106\""},{\""feature\"":\""prev1_venue_code\"",\""value\"":\""09\""}]"",765,68,197,0.08888888888888889,0.257516339869281,89.33333333333333,107.29411764705883,72.06535947712419,99.04575163398692,52.705882352941174,90.26143790849673,232,4,0.07240143369175626,0.056999789162977044,213.56989247311827,29.399430740037943,0.16209150326797386],[""v04m_7be797d51f35701cd8ca5264"",""sire_line_code"",""[{\""feature\"":\""distance_m\"",\""value\"":\""1400\""},{\""feature\"":\""prev1_venue_code\"",\""value\"":\""09\""}]"",2764,222,645,0.08031837916063676,0.2333574529667149,75.74891461649783,69.93125904486251,70.40159189580318,69.0520984081042,60.64399421128799,67.34081041968162,248,4,0.0809719434200084,0.08115867606554317,227.15431118995377,66.76228934223425,0.04486251808972504],[""v04m_ded0daffda1cd95c3d787546"",""prev1_venue_code"",""[{\""feature\"":\""distance_m\"",\""value\"":\""1400\""},{\""feature\"":\""sire_line_code\"",\""value\"":\""1106\""}]"",925,65,167,0.07027027027027027,0.18054054054054053,93.68648648648649,69.41621621621621,79.4054054054054,64.76756756756757,59.902702702702705,60.23783783783784,279,4,0.09102005231037488,0.13397558849171753,209.2167393199651,67.27733217088056,0.13405405405405404]]",INCREMENTAL_CANDIDATE first; non-jackpot; min parent ROI delta desc; support desc; candidate_id
v04c_02f5da6e3537ca34a1cc0ce4,v04tpl_5af5332751ad875cd3b5,PEDIGREE_BASELINE,PEDIGREE_CROSS,3,sex_code=2 AND sire_name=カルフォルニアクローム AND prev1_venue_code=01,INCREMENTAL_CANDIDATE,ESTABLISHED_CURRENT,27,7,8,0.25925925925925924,0.2962962962962963,476.2962962962963,140.74074074074073,116.66666666666667,50.370370370370374,24,3,3,3,11,212.72727272727272,63.63636363636363,25,198.0,82.8,27,476.2962962962963,140.74074074074073,1770.355500997976,369.96439808922963,730D_DIRECTION_CONTRADICTS_FULL_3Y,True,v04m_61d436d48f89c77d460307c2,v04m_c028f823de84dddf53822ae8,"[[""v04m_c028f823de84dddf53822ae8"",""sex_code"",""[{\""feature\"":\""sire_name\"",\""value\"":\""カルフォルニアクローム\""},{\""feature\"":\""prev1_venue_code\"",\""value\"":\""01\""}]"",49,8,12,0.16326530612244897,0.24489795918367346,272.6530612244898,96.12244897959184,151.0204081632653,73.6734693877551,74.48979591836735,46.326530612244895,38,3,0.09599395313681028,0.051398337112622816,203.6432350718065,44.618291761148896,0.5510204081632653],[""v04m_61d436d48f89c77d460307c2"",""sire_name"",""[{\""feature\"":\""sex_code\"",\""value\"":\""2\""},{\""feature\"":\""prev1_venue_code\"",\""value\"":\""01\""}]"",2293,154,459,0.06716092455298735,0.20017444395987788,70.89402529437419,70.38813781072831,66.17095508068033,68.87483645878761,58.12908853030964,65.93981683384213,217,4,0.1920983347062719,0.0961218523364184,405.40227100192214,70.35260293001242,0.011774967291757523],[""v04m_a5afd77b79ba4bebd37ff0de"",""prev1_venue_code"",""[{\""feature\"":\""sex_code\"",\""value\"":\""2\""},{\""feature\"":\""sire_name\"",\""value\"":\""カルフォルニアクローム\""}]"",478,36,88,0.07531380753138076,0.18410041841004185,114.68619246861925,86.46443514644352,98.20083682008368,80.52301255230125,70.02092050209205,71.92468619246861,214,3,0.1839454517278785,0.11219587788625443,361.61010382767705,54.27630559429721,0.056485355648535567]]",INCREMENTAL_CANDIDATE first; non-jackpot; min parent ROI delta desc; support desc; candidate_id
v04c_3d0c155ae70ff3c8086dd173,v04tpl_22b0a5e2c48ee98f638d,PEDIGREE_INTERACTION,PEDIGREE_CROSS,3,running_style_code=0 AND sire_name=サンダースノー AND broodmare_sire_line_code=1206,INCREMENTAL_CANDIDATE,ESTABLISHED_CURRENT,73,7,11,0.0958904109589041,0.1506849315068493,428.7671232876712,120.13698630136986,110.95890410958904,61.64383561643836,61,3,2,3,22,496.8181818181818,103.18181818181819,51,613.7254901960785,128.4313725490196,73,428.7671232876712,120.13698630136986,294.8602301480897,21.488157418789804,,True,v04m_11420a2a11867f5cc6d47494,v04m_315e64f829d8608178e11e6e,"[[""v04m_2f8f8d124120df3d64b8151f"",""running_style_code"",""[{\""feature\"":\""sire_name\"",\""value\"":\""サンダースノー\""},{\""feature\"":\""broodmare_sire_line_code\"",\""value\"":\""1206\""}]"",444,35,89,0.07882882882882883,0.20045045045045046,120.0,79.90990990990991,96.21621621621621,75.65315315315316,67.74774774774775,68.37837837837837,216,3,0.017061582130075276,-0.04976551894360115,308.7671232876712,40.227076391459946,0.16441441441441443],[""v04m_11420a2a11867f5cc6d47494"",""sire_name"",""[{\""feature\"":\""running_style_code\"",\""value\"":\""0\""},{\""feature\"":\""broodmare_sire_line_code\"",\""value\"":\""1206\""}]"",5223,329,981,0.06299061841853341,0.1878230901780586,62.7283170591614,68.26536473291212,59.87555044993299,66.72793413746889,55.458548726785374,64.40168485544706,320,4,0.03289979254037069,-0.03713815867120929,366.0388062285098,51.87162156845774,0.013976641776756654],[""v04m_315e64f829d8608178e11e6e"",""broodmare_sire_line_code"",""[{\""feature\"":\""running_style_code\"",\""value\"":\""0\""},{\""feature\"":\""sire_name\"",\""value\"":\""サンダースノー\""}]"",170,10,17,0.058823529411764705,0.1,229.76470588235293,70.11764705882354,167.64705882352942,61.23529411764706,93.29411764705883,45.0,128,3,0.0370668815471394,0.0506849315068493,199.00241740531828,50.01933924254632,0.4294117647058823]]",INCREMENTAL_CANDIDATE first; non-jackpot; min parent ROI delta desc; support desc; candidate_id
v04c_db67c70979058cdf2a449481,v04tpl_58e9bec747e9f59f469e,TRANSITION_PRIORITY,PEDIGREE_TRANSITION_CROSS,3,turn_code=2 AND sire_name=アジアエクスプレス AND frame_transition=MIDDLE->INNER,INCREMENTAL_CANDIDATE,ESTABLISHED_CURRENT,53,8,18,0.1509433962264151,0.33962264150943394,346.22641509433964,153.58490566037736,138.67924528301887,86.60377358490567,49,3,3,3,13,488.46153846153845,270.7692307692308,25,479.2,190.4,53,346.22641509433964,153.58490566037736,118.73218903227891,75.16896802927528,,True,v04m_cce851fe887357d5cc7dd8d6,v04m_c2620b15a9d494256e80091b,"[[""v04m_c2620b15a9d494256e80091b"",""turn_code"",""[{\""feature\"":\""sire_name\"",\""value\"":\""アジアエクスプレス\""},{\""feature\"":\""frame_transition\"",\""value\"":\""MIDDLE->INNER\""}]"",154,15,44,0.09740259740259741,0.2857142857142857,151.62337662337663,104.48051948051948,115.45454545454545,91.23376623376623,80.1948051948052,79.74025974025975,123,3,0.05354079882381768,0.053908355795148244,194.603038470963,49.10438617985788,0.34415584415584416],[""v04m_53aa314fc86390b57970a282"",""sire_name"",""[{\""feature\"":\""turn_code\"",\""value\"":\""2\""},{\""feature\"":\""frame_transition\"",\""value\"":\""MIDDLE->INNER\""}]"",5377,353,1076,0.06564999070113446,0.20011158638646084,65.850846196764,62.39910730890831,61.06379021759346,61.523154175190626,57.387018783708385,60.10600706713781,241,3,0.08529340552528063,0.1395110551229731,280.37556889757565,91.18579835146905,0.009856797470708573],[""v04m_cce851fe887357d5cc7dd8d6"",""frame_transition"",""[{\""feature\"":\""turn_code\"",\""value\"":\""2\""},{\""feature\"":\""sire_name\"",\""value\"":\""アジアエクスプレス\""}]"",458,26,85,0.056768558951965066,0.185589519650655,65.43668122270742,63.427947598253276,53.275109170305676,58.01310043668122,41.419213973799124,49.62882096069869,206,3,0.09417483727445003,0.15403312185877893,280.7897338716322,90.15695806212409,0.11572052401746726]]",INCREMENTAL_CANDIDATE first; non-jackpot; min parent ROI delta desc; support desc; candidate_id
v04c_6cbd6b271164b24f2ed6a668,v04tpl_0f478010bea94f8276ef,TRANSITION_PRIORITY,PEDIGREE_TRANSITION_CROSS,3,race_condition_code=A3 AND broodmare_sire_line_code=1101 AND frame_transition=MIDDLE->INNER,INCREMENTAL_CANDIDATE,ESTABLISHED_CURRENT,86,13,28,0.1511627906976744,0.32558139534883723,332.5581395348837,121.74418604651163,105.0,80.5813953488372,79,4,3,4,28,139.64285714285714,45.0,57,435.43859649122805,107.71929824561404,85,336.47058823529414,111.88235294117646,278.28605407911266,370.15402866011397,,True,v04m_6b0176a9990a162347a476de,v04m_0e4a3977a716837647f77107,"[[""v04m_0e4a3977a716837647f77107"",""race_condition_code"",""[{\""feature\"":\""broodmare_sire_line_code\"",\""value\"":\""1101\""},{\""feature\"":\""frame_transition\"",\""value\"":\""MIDDLE->INNER\""}]"",270,26,68,0.0962962962962963,0.2518518518518518,141.59259259259258,87.48148148148148,98.77777777777777,80.0,69.11111111111111,69.33333333333333,182,4,0.05486649440137811,0.0737295434969854,190.96554694229113,34.26270456503015,0.31851851851851853],[""v04m_6b0176a9990a162347a476de"",""broodmare_sire_line_code"",""[{\""feature\"":\""race_condition_code\"",\""value\"":\""A3\""},{\""feature\"":\""frame_transition\"",\""value\"":\""MIDDLE->INNER\""}]"",6257,442,1327,0.07064088221192265,0.2120824676362474,74.69234457407704,67.95429119386287,70.57855202173566,66.94582068083746,63.82451654147355,65.44829790634489,323,4,0.08052190848575176,0.11349892771258982,257.8657949608067,53.78989485264876,0.013744606041233818],[""v04m_8260f78386f8db0c9e0d420e"",""frame_transition"",""[{\""feature\"":\""race_condition_code\"",\""value\"":\""A3\""},{\""feature\"":\""broodmare_sire_line_code\"",\""value\"":\""1101\""}]"",827,80,206,0.09673518742442563,0.24909310761789602,95.0665054413543,59.51632406287787,81.0882708585248,57.83555018137848,61.148730350665055,54.63119709794438,293,4,0.054427603273248776,0.07648828773094121,237.4916340935294,62.22786198363376,0.10399032648125756]]",INCREMENTAL_CANDIDATE first; non-jackpot; min parent ROI delta desc; support desc; candidate_id
v04c_3229b050b91d3d010cab88d9,v04tpl_890d6854abd536c18dd1,PEDIGREE_BASELINE,PEDIGREE_CROSS,3,horse_age=5 AND running_style_code=2 AND broodmare_sire_name=サウスヴィグラス,INCREMENTAL_CANDIDATE,ESTABLISHED_CURRENT,40,6,9,0.15,0.225,328.5,206.0,100.75,61.5,39,3,3,3,24,134.16666666666666,211.66666666666666,31,215.16129032258064,187.09677419354838,40,328.5,206.0,240.75097440310583,69.66790451864499,,True,v04m_8dd94ecabd850e5dab30f818,v04m_664852c409a24e06e14535aa,"[[""v04m_664852c409a24e06e14535aa"",""horse_age"",""[{\""feature\"":\""running_style_code\"",\""value\"":\""2\""},{\""feature\"":\""broodmare_sire_name\"",\""value\"":\""サウスヴィグラス\""}]"",338,43,86,0.12721893491124261,0.25443786982248523,137.54437869822485,82.07100591715977,111.03550295857988,69.20118343195266,80.0,60.47337278106509,214,4,0.02278106508875738,-0.029437869822485224,190.95562130177515,123.92899408284023,0.11834319526627218],[""v04m_7584ff3bf81f0a3eb119e464"",""running_style_code"",""[{\""feature\"":\""horse_age\"",\""value\"":\""5\""},{\""feature\"":\""broodmare_sire_name\"",\""value\"":\""サウスヴィグラス\""}]"",131,9,23,0.06870229007633588,0.17557251908396945,119.38931297709924,107.48091603053435,90.83969465648855,74.27480916030534,49.847328244274806,55.64885496183206,115,3,0.08129770992366411,0.04942748091603055,209.11068702290078,98.51908396946565,0.3053435114503817],[""v04m_8dd94ecabd850e5dab30f818"",""broodmare_sire_name"",""[{\""feature\"":\""horse_age\"",\""value\"":\""5\""},{\""feature\"":\""running_style_code\"",\""value\"":\""2\""}]"",4478,289,952,0.06453774006252791,0.2125949084412684,77.77579276462707,79.59133541759714,71.90710138454668,78.26038410004466,66.93613220187584,76.42027690933452,323,4,0.08546225993747208,0.012405091558731596,250.72420723537294,126.40866458240286,0.008932559178204555]]",INCREMENTAL_CANDIDATE first; non-jackpot; min parent ROI delta desc; support desc; candidate_id
v04c_991262d14cf3de3ef24e920d,v04tpl_b8c24b96087992233481,TRANSITION_PRIORITY,PEDIGREE_TRANSITION_CROSS,3,venue_code=03 AND sire_name=シニスターミニスター AND frame_transition=MIDDLE->MIDDLE,INCREMENTAL_CANDIDATE,ESTABLISHED_CURRENT,19,4,9,0.21052631578947367,0.47368421052631576,560.0,288.42105263157896,59.473684210526315,101.57894736842105,15,3,2,3,6,1281.6666666666667,590.0,11,699.0909090909091,361.8181818181818,19,560.0,288.42105263157896,538.7292504096224,217.02803198358194,,True,v04m_0a3f650f024f78db077ea186,v04m_3f5847e650e39b1260294fbc,"[[""v04m_c7e88e9c8de647375bd8dde9"",""venue_code"",""[{\""feature\"":\""sire_name\"",\""value\"":\""シニスターミニスター\""},{\""feature\"":\""frame_transition\"",\""value\"":\""MIDDLE->MIDDLE\""}]"",252,27,72,0.10714285714285714,0.2857142857142857,158.13492063492063,99.72222222222223,104.12698412698413,90.43650793650794,58.73015873015873,77.3015873015873,167,4,0.10338345864661654,0.18796992481203006,401.8650793650794,188.69883040935673,0.07539682539682539],[""v04m_0a3f650f024f78db077ea186"",""sire_name"",""[{\""feature\"":\""venue_code\"",\""value\"":\""03\""},{\""feature\"":\""frame_transition\"",\""value\"":\""MIDDLE->MIDDLE\""}]"",1383,93,296,0.06724511930585683,0.21402747650036152,86.83297180043384,73.29718004338395,78.75632682574114,69.66015907447577,66.941431670282,66.93420101229212,60,3,0.14328119648361684,0.25965673402595424,473.1670281995662,215.123872588195,0.01373825018076645],[""v04m_3f5847e650e39b1260294fbc"",""frame_transition"",""[{\""feature\"":\""venue_code\"",\""value\"":\""03\""},{\""feature\"":\""sire_name\"",\""value\"":\""シニスターミニスター\""}]"",126,15,35,0.11904761904761904,0.2777777777777778,193.4920634920635,96.19047619047619,137.53968253968253,84.04761904761905,68.41269841269842,63.80952380952381,54,3,0.09147869674185463,0.19590643274853797,366.5079365079365,192.23057644110276,0.15079365079365079]]",INCREMENTAL_CANDIDATE first; non-jackpot; min parent ROI delta desc; support desc; candidate_id
v04c_9469c8c378cc0fb283de1139,v04tpl_e86053a697a11f1b109b,PEDIGREE_INTERACTION,PEDIGREE_CROSS,3,condition_class_code=0 AND sire_name=グレーターロンドン AND broodmare_sire_line_code=1503,INCREMENTAL_CANDIDATE,ESTABLISHED_CURRENT,80,10,21,0.125,0.2625,351.5,123.25,114.75,70.375,68,3,3,3,17,535.8823529411765,158.8235294117647,51,471.1764705882353,141.5686274509804,80,351.5,123.25,178.05068176241917,31.729193678886077,,True,v04m_58c520d8cc4d18423cf7b73e,v04m_79e17c3046f325cc3645c40b,"[[""v04m_20d99140eb1207cdc81d975d"",""condition_class_code"",""[{\""feature\"":\""sire_name\"",\""value\"":\""グレーターロンドン\""},{\""feature\"":\""broodmare_sire_line_code\"",\""value\"":\""1503\""}]"",221,22,58,0.09954751131221719,0.26244343891402716,163.98190045248867,89.45701357466064,116.15384615384616,81.49321266968326,78.28054298642535,69.72850678733032,160,3,0.025452488687782812,5.656108597285048e-05,187.51809954751133,33.792986425339365,0.36199095022624433],[""v04m_58c520d8cc4d18423cf7b73e"",""sire_name"",""[{\""feature\"":\""condition_class_code\"",\""value\"":\""0\""},{\""feature\"":\""broodmare_sire_line_code\"",\""value\"":\""1503\""}]"",15262,1127,3297,0.07384353295767265,0.2160267330625082,72.73686279648801,71.68916262613025,70.46062115057005,71.19774603590618,66.09815227362076,70.24898440571354,323,4,0.05115646704232735,0.04647326693749182,278.763137203512,51.560837373869745,0.00524177696239025],[""v04m_79e17c3046f325cc3645c40b"",""broodmare_sire_line_code"",""[{\""feature\"":\""condition_class_code\"",\""value\"":\""0\""},{\""feature\"":\""sire_name\"",\""value\"":\""グレーターロンドン\""}]"",245,26,61,0.10612244897959183,0.24897959183673468,165.18367346938774,93.26530612244898,122.04081632653062,86.08163265306122,87.87755102040816,74.08163265306122,163,3,0.018877551020408168,0.01352040816326533,186.31632653061226,29.984693877551024,0.32653061224489793]]",INCREMENTAL_CANDIDATE first; non-jackpot; min parent ROI delta desc; support desc; candidate_id
v04c_6d2454be154f75c073c33f0e,v04tpl_084d243789c248448949,PEDIGREE_INTERACTION,PEDIGREE_CROSS,3,sire_name=キズナ AND broodmare_sire_name=アフリート AND prev1_venue_code=09,INCREMENTAL_CANDIDATE,ESTABLISHED_CURRENT,18,3,12,0.16666666666666666,0.6666666666666666,148.33333333333334,315.0,0.0,122.77777777777777,18,4,2,4,2,0.0,195.0,10,90.0,322.0,17,157.05882352941177,302.94117647058823,103.9489348606972,120.08994124887464,730D_DIRECTION_CONTRADICTS_FULL_3Y,True,v04m_75729dcfb848296cd20a6458,v04m_1a24c44d42c3f07ff4d1d560,"[[""v04m_1a24c44d42c3f07ff4d1d560"",""sire_name"",""[{\""feature\"":\""broodmare_sire_name\"",\""value\"":\""アフリート\""},{\""feature\"":\""prev1_venue_code\"",\""value\"":\""09\""}]"",74,9,26,0.12162162162162163,0.35135135135135137,59.5945945945946,128.9189189189189,35.67567567567568,102.56756756756756,20.405405405405407,82.16216216216216,59,4,0.04504504504504503,0.31531531531531526,88.73873873873875,186.0810810810811,0.24324324324324326],[""v04m_75729dcfb848296cd20a6458"",""broodmare_sire_name"",""[{\""feature\"":\""sire_name\"",\""value\"":\""キズナ\""},{\""feature\"":\""prev1_venue_code\"",\""value\"":\""09\""}]"",552,67,183,0.1213768115942029,0.33152173913043476,101.52173913043478,97.31884057971014,75.03623188405797,91.8659420289855,58.858695652173914,84.09420289855072,213,4,0.04528985507246376,0.3351449275362319,46.81159420289856,217.68115942028987,0.03260869565217391],[""v04m_270327f5459fcc73053f5656"",""prev1_venue_code"",""[{\""feature\"":\""sire_name\"",\""value\"":\""キズナ\""},{\""feature\"":\""broodmare_sire_name\"",\""value\"":\""アフリート\""}]"",96,9,27,0.09375,0.28125,89.6875,115.3125,64.6875,95.0,34.0625,68.02083333333333,84,4,0.07291666666666666,0.38541666666666663,58.64583333333334,199.6875,0.1875]]",INCREMENTAL_CANDIDATE first; non-jackpot; min parent ROI delta desc; support desc; candidate_id
v04c_e84984a00c8c58e5fea2ae6c,v04tpl_c6f35a1cba5b44063bf8,PEDIGREE_INTERACTION,PEDIGREE_CROSS,3,horse_age=3 AND sire_name=ミッキーアイル AND broodmare_sire_name=ルーラーシップ,INCREMENTAL_CANDIDATE,ESTABLISHED_CURRENT,16,6,8,0.375,0.5,509.375,218.125,161.875,95.0,15,1,1,1,16,509.375,218.125,16,509.375,218.125,16,509.375,218.125,0.0,0.0,VALUE_CONFINED_TO_ONE_YEAR,True,v04m_c1c1faeea25c0950a16e4da9,v04m_05afb70473e34804e38aed63,"[[""v04m_05afb70473e34804e38aed63"",""horse_age"",""[{\""feature\"":\""sire_name\"",\""value\"":\""ミッキーアイル\""},{\""feature\"":\""broodmare_sire_name\"",\""value\"":\""ルーラーシップ\""}]"",25,6,11,0.24,0.44,326.0,172.0,228.4,136.0,103.6,93.2,23,2,0.135,0.06,183.375,46.125,0.64],[""v04m_d5dac973a7505e10b3301e44"",""sire_name"",""[{\""feature\"":\""horse_age\"",\""value\"":\""3\""},{\""feature\"":\""broodmare_sire_name\"",\""value\"":\""ルーラーシップ\""}]"",564,49,132,0.08687943262411348,0.23404255319148937,82.83687943262412,66.43617021276596,72.96099290780141,63.97163120567376,62.5709219858156,60.248226950354606,250,3,0.28812056737588654,0.26595744680851063,426.53812056737587,151.68882978723406,0.028368794326241134],[""v04m_c1c1faeea25c0950a16e4da9"",""broodmare_sire_name"",""[{\""feature\"":\""horse_age\"",\""value\"":\""3\""},{\""feature\"":\""sire_name\"",\""value\"":\""ミッキーアイル\""}]"",796,67,192,0.08417085427135679,0.24120603015075376,80.79145728643216,86.35678391959799,69.53517587939699,79.45979899497488,59.56030150753769,71.67085427135679,266,4,0.2908291457286432,0.25879396984924624,428.58354271356785,131.768216080402,0.020100502512562814]]",INCREMENTAL_CANDIDATE first; non-jackpot; min parent ROI delta desc; support desc; candidate_id
v04c_6a53f0a92f9c970efbef57dc,v04tpl_54f9ba2677f5c13c8f87,TRANSITION_PRIORITY,PEDIGREE_TRANSITION_CROSS,3,sire_line_code=1311 AND prev1_venue_code=08 AND distance_change_bucket=SHORTEN,INCREMENTAL_CANDIDATE,ESTABLISHED_CURRENT,112,13,34,0.11607142857142858,0.30357142857142855,293.39285714285717,121.60714285714286,115.89285714285714,90.53571428571429,81,3,3,3,43,412.7906976744186,147.2093023255814,92,268.69565217391306,128.04347826086956,112,293.39285714285717,121.60714285714286,126.1937777915622,22.88268341875288,,True,v04m_4a6dd8d30b2da0a20e83731d,v04m_5858ff4b28240e4f945f0bd4,"[[""v04m_4a6dd8d30b2da0a20e83731d"",""sire_line_code"",""[{\""feature\"":\""prev1_venue_code\"",\""value\"":\""08\""},{\""feature\"":\""distance_change_bucket\"",\""value\"":\""SHORTEN\""}]"",2601,228,615,0.08765859284890427,0.2364475201845444,83.30257593233372,89.43483275663206,79.67704728950403,82.50672818146866,74.30603613994617,79.16186082276047,274,3,0.0284128357225243,0.06712390838688415,210.09028121052344,32.1723101005108,0.04306036139946175],[""v04m_5858ff4b28240e4f945f0bd4"",""prev1_venue_code"",""[{\""feature\"":\""sire_line_code\"",\""value\"":\""1311\""},{\""feature\"":\""distance_change_bucket\"",\""value\"":\""SHORTEN\""}]"",742,64,178,0.0862533692722372,0.2398921832884097,110.29649595687331,78.15363881401618,97.58760107816711,74.23180592991913,79.62264150943396,69.13746630727763,294,4,0.029818059299191374,0.06367924528301885,183.09636118598385,43.453504043126685,0.1509433962264151],[""v04m_3e3001d04df239f1c3fba008"",""distance_change_bucket"",""[{\""feature\"":\""sire_line_code\"",\""value\"":\""1311\""},{\""feature\"":\""prev1_venue_code\"",\""value\"":\""08\""}]"",1159,115,319,0.0992234685073339,0.27523727351164795,109.04227782571182,88.48144952545297,100.5176876617774,82.40724762726488,84.17601380500432,79.01639344262296,254,3,0.01684796006409467,0.028334155059780597,184.35057931714533,33.12569333168989,0.09663503019844694]]",INCREMENTAL_CANDIDATE first; non-jackpot; min parent ROI delta desc; support desc; candidate_id
v04c_e8d7a6d1428832d5ad1ee1b0,v04tpl_2cb48d68c4682149c7fc,TRANSITION_PRIORITY,TRANSITION_CROSS,3,distance_m=1700 AND prev1_venue_code=04 AND frame_transition=INNER->INNER,INCREMENTAL_CANDIDATE,ESTABLISHED_CURRENT,52,4,19,0.07692307692307693,0.36538461538461536,47.88461538461539,284.2307692307692,5.1923076923076925,135.3846153846154,38,3,1,3,13,0.0,323.0769230769231,35,0.0,320.0,52,47.88461538461539,284.2307692307692,69.04689745703935,51.91236847873117,,True,v04m_628b849528cf8c97c878519d,v04m_4829ee0903a19c1831600637,"[[""v04m_628b849528cf8c97c878519d"",""distance_m"",""[{\""feature\"":\""prev1_venue_code\"",\""value\"":\""04\""},{\""feature\"":\""frame_transition\"",\""value\"":\""INNER->INNER\""}]"",1170,74,252,0.06324786324786325,0.2153846153846154,58.82051282051282,85.8974358974359,50.73504273504273,80.67521367521367,42.38461538461539,75.36752136752136,267,4,0.013675213675213682,0.14999999999999997,-10.93589743589743,198.33333333333331,0.044444444444444446],[""v04m_0faf038f663e083e20f99cc6"",""prev1_venue_code"",""[{\""feature\"":\""distance_m\"",\""value\"":\""1700\""},{\""feature\"":\""frame_transition\"",\""value\"":\""INNER->INNER\""}]"",827,63,194,0.0761789600967352,0.23458282950423218,90.09673518742443,93.82103990326482,78.62152357920193,89.98790810157195,63.542926239419586,83.85731559854898,154,3,0.0007441168263417341,0.1308017858803832,-42.21211980280904,190.4097293275044,0.06287787182587666],[""v04m_4829ee0903a19c1831600637"",""frame_transition"",""[{\""feature\"":\""distance_m\"",\""value\"":\""1700\""},{\""feature\"":\""prev1_venue_code\"",\""value\"":\""04\""}]"",513,36,116,0.07017543859649122,0.22612085769980506,129.62962962962962,102.65107212475634,87.19298245614036,95.18518518518519,55.02923976608187,83.25536062378167,112,3,0.006747638326585703,0.1392637576848103,-81.74501424501423,181.57969710601287,0.10136452241715399]]",INCREMENTAL_CANDIDATE first; non-jackpot; min parent ROI delta desc; support desc; candidate_id
v04c_7de88666aa70c49e75e48ed1,v04tpl_615069ccea986a08d090,TRANSITION_PRIORITY,PEDIGREE_TRANSITION_CROSS,3,sex_code=2 AND broodmare_sire_line_code=1308 AND frame_transition=OUTER->OUTER,INCREMENTAL_CANDIDATE,ESTABLISHED_CURRENT,38,0,15,0.0,0.39473684210526316,0.0,301.57894736842104,0.0,123.6842105263158,33,3,0,3,18,0.0,187.77777777777777,26,0.0,422.6923076923077,38,0.0,301.57894736842104,0.0,399.5651947075389,,True,v04m_6d0fe898982104e3007522e9,v04m_92086d475aa9d8e42390300d,"[[""v04m_92086d475aa9d8e42390300d"",""sex_code"",""[{\""feature\"":\""broodmare_sire_line_code\"",\""value\"":\""1308\""},{\""feature\"":\""frame_transition\"",\""value\"":\""OUTER->OUTER\""}]"",109,3,23,0.027522935779816515,0.21100917431192662,61.28440366972477,128.71559633027522,6.146788990825688,102.66055045871559,0.0,66.69724770642202,88,3,-0.027522935779816515,0.18372766779333655,-61.28440366972477,172.86335103814582,0.3486238532110092],[""v04m_6d0fe898982104e3007522e9"",""broodmare_sire_line_code"",""[{\""feature\"":\""sex_code\"",\""value\"":\""2\""},{\""feature\"":\""frame_transition\"",\""value\"":\""OUTER->OUTER\""}]"",4134,252,802,0.06095791001451379,0.19400096758587324,68.58490566037736,70.29753265602322,65.37493952588292,69.04692791485245,60.52007740686986,67.15529753265602,323,4,-0.06095791001451379,0.20073587451938993,-68.58490566037736,231.2814147123978,0.009192065795839382],[""v04m_3fabf31371e2f285e843ed92"",""frame_transition"",""[{\""feature\"":\""sex_code\"",\""value\"":\""2\""},{\""feature\"":\""broodmare_sire_line_code\"",\""value\"":\""1308\""}]"",586,37,130,0.06313993174061433,0.22184300341296928,74.74402730375427,101.84300341296928,55.52901023890785,96.29692832764505,40.648464163822524,86.80887372013652,266,3,-0.06313993174061433,0.17289383869229388,-74.74402730375427,199.73594395545177,0.06484641638225255]]",INCREMENTAL_CANDIDATE first; non-jackpot; min parent ROI delta desc; support desc; candidate_id
v04c_9e7c0e8d8b273a1d4e1e1c9a,v04tpl_3c64326654004be68071,PEDIGREE_BASELINE,PEDIGREE_CROSS,2,track_condition_bucket=4 AND sire_name=マジェスティックウォリアー,INCREMENTAL_CANDIDATE,ESTABLISHED_CURRENT,84,13,30,0.15476190476190477,0.35714285714285715,250.95238095238096,123.45238095238095,102.97619047619048,88.80952380952381,36,3,3,3,21,461.9047619047619,212.85714285714286,43,349.7674418604651,160.46511627906978,84,250.95238095238096,123.45238095238095,131.70138438679564,55.3715950050377,,True,v04m_7d28ed504f29189561b233d9,v04m_3110eec98ccc298eedfb8511,"[[""v04m_3110eec98ccc298eedfb8511"",""track_condition_bucket"",""[{\""feature\"":\""sire_name\"",\""value\"":\""マジェスティックウォリアー\""}]"",1757,121,335,0.0688673875924872,0.1906659077973819,78.37222538417758,65.61183836084234,74.53044963005122,64.33693796243597,67.65509391007399,62.23107569721115,322,3,0.08589451716941757,0.16647694934547524,172.5801555682034,57.84054259153861,0.04780876494023904],[""v04m_7d28ed504f29189561b233d9"",""sire_name"",""[{\""feature\"":\""track_condition_bucket\"",\""value\"":\""4\""}]"",4842,348,1036,0.07187112763320942,0.21396117306897977,72.54440313919868,74.96902106567534,67.60429574555968,74.11606774060306,64.45270549359769,72.68897149938041,53,3,0.08289077712869534,0.14318168407387738,178.4079778131823,48.483359886705614,0.01734820322180917]]",INCREMENTAL_CANDIDATE first; non-jackpot; min parent ROI delta desc; support desc; candidate_id
v04c_d60448338e0193d72bab29df,v04tpl_f97d7e4ebf94733b26b2,PEDIGREE_BASELINE,PEDIGREE_CROSS,3,venue_code=04 AND inner_outer_code=1 AND sire_name=レッドファルクス,INCREMENTAL_CANDIDATE,ESTABLISHED_CURRENT,62,10,16,0.16129032258064516,0.25806451612903225,647.9032258064516,149.19354838709677,164.51612903225808,54.67741935483871,46,3,3,3,18,226.11111111111111,63.888888888888886,44,732.2727272727273,161.8181818181818,62,647.9032258064516,149.19354838709677,363.79319771291193,68.97114038509915,,True,v04m_e213ef614b76db5dbac6d67e,v04m_bbb22f91f87c63cfe88ba24a,"[[""v04m_390570af52d5a6755c2a4002"",""venue_code"",""[{\""feature\"":\""inner_outer_code\"",\""value\"":\""1\""},{\""feature\"":\""sire_name\"",\""value\"":\""レッドファルクス\""}]"",731,49,146,0.06703146374829001,0.1997264021887825,94.21340629274965,83.296853625171,65.8686730506156,77.9343365253078,53.214774281805745,68.70041039671683,288,3,0.09425885883235514,0.058338113940249764,553.6898195137019,65.89669476192577,0.08481532147742818],[""v04m_bbb22f91f87c63cfe88ba24a"",""inner_outer_code"",""[{\""feature\"":\""venue_code\"",\""value\"":\""04\""},{\""feature\"":\""sire_name\"",\""value\"":\""レッドファルクス\""}]"",84,10,16,0.11904761904761904,0.19047619047619047,478.2142857142857,110.11904761904762,231.54761904761904,63.45238095238095,121.42857142857143,40.357142857142854,56,3,0.042242703533026116,0.06758832565284179,169.68894009216586,39.07450076804915,0.7380952380952381],[""v04m_e213ef614b76db5dbac6d67e"",""sire_name"",""[{\""feature\"":\""venue_code\"",\""value\"":\""04\""},{\""feature\"":\""inner_outer_code\"",\""value\"":\""1\""}]"",8255,578,1731,0.07001817080557238,0.20969109630526953,78.68806783767414,75.41126589945488,74.71350696547547,74.33555420956996,69.68140520896426,72.9884918231375,78,3,0.09127215177507278,0.048373419823762726,569.2151579687775,73.7822824876419,0.007510599636583889]]",INCREMENTAL_CANDIDATE first; non-jackpot; min parent ROI delta desc; support desc; candidate_id
v04c_02a039e1e64b4fdb83c3e756,v04tpl_e9c61c100579156aa867,PEDIGREE_BASELINE,PEDIGREE_CROSS,2,race_condition_code=05 AND broodmare_sire_name=ファンタスティックライト,INCREMENTAL_CANDIDATE,ESTABLISHED_CURRENT,49,6,19,0.12244897959183673,0.3877551020408163,203.46938775510205,260.81632653061223,24.489795918367346,101.83673469387755,44,4,2,2,1,0.0,0.0,25,166.0,399.6,48,207.70833333333334,266.25,110.19376597021989,170.1011743675142,,True,v04m_9e97cd2b1d548f6f7d9a99e8,v04m_38c775e7ab7f612d791ea348,"[[""v04m_38c775e7ab7f612d791ea348"",""race_condition_code"",""[{\""feature\"":\""broodmare_sire_name\"",\""value\"":\""ファンタスティックライト\""}]"",220,15,50,0.06818181818181818,0.22727272727272727,78.77272727272727,93.95454545454545,55.81818181818182,68.72727272727273,21.136363636363637,58.54545454545455,162,4,0.054267161410018555,0.16048237476808905,124.69666048237478,166.8617810760668,0.22272727272727272],[""v04m_9e97cd2b1d548f6f7d9a99e8"",""broodmare_sire_name"",""[{\""feature\"":\""race_condition_code\"",\""value\"":\""05\""}]"",37131,2787,8275,0.07505857639169428,0.22285960518165415,70.1545878107242,72.3926099485605,69.55697395707091,72.15345668040182,68.52737604696884,71.79607336188091,323,4,0.047390403200142456,0.16489549685916216,133.31479994437785,188.42371658205172,0.001319652042767499]]",INCREMENTAL_CANDIDATE first; non-jackpot; min parent ROI delta desc; support desc; candidate_id
v04c_a8bd0a80a941f9b0a3ca780c,v04tpl_42d366783f7e9b7c372e,TRANSITION_PRIORITY,PEDIGREE_TRANSITION_CROSS,3,distance_m=1200 AND sire_name=キタサンブラック AND distance_change_bucket=LARGE_SHORTEN,INCREMENTAL_CANDIDATE,ESTABLISHED_CURRENT,19,3,9,0.15789473684210525,0.47368421052631576,183.1578947368421,278.94736842105266,0.0,110.52631578947368,19,3,2,3,9,44.44444444444444,157.77777777777777,14,248.57142857142858,339.2857142857143,19,183.1578947368421,278.94736842105266,231.10576916903196,221.36788900820872,,True,v04m_108d985ea30924f27cf93ca6,v04m_ab7903ab7d6285429fffec30,"[[""v04m_5b4b0228cdeb82852264e94a"",""distance_m"",""[{\""feature\"":\""sire_name\"",\""value\"":\""キタサンブラック\""},{\""feature\"":\""distance_change_bucket\"",\""value\"":\""LARGE_SHORTEN\""}]"",129,13,38,0.10077519379844961,0.29457364341085274,60.310077519379846,92.71317829457364,42.17054263565891,81.31782945736434,25.426356589147286,67.90697674418605,98,3,0.05711954304365564,0.17911056711546303,122.84781721746226,186.234190126479,0.14728682170542637],[""v04m_108d985ea30924f27cf93ca6"",""sire_name"",""[{\""feature\"":\""distance_m\"",\""value\"":\""1200\""},{\""feature\"":\""distance_change_bucket\"",\""value\"":\""LARGE_SHORTEN\""}]"",2334,91,300,0.03898886032562125,0.12853470437017994,63.65467009425878,72.03084832904884,49.18594687232219,67.27934875749786,40.946872322193656,62.360754070265635,312,4,0.118905876516484,0.3451495061561358,119.50322464258332,206.91652009200382,0.008140531276778063],[""v04m_ab7903ab7d6285429fffec30"",""distance_change_bucket"",""[{\""feature\"":\""distance_m\"",\""value\"":\""1200\""},{\""feature\"":\""sire_name\"",\""value\"":\""キタサンブラック\""}]"",186,19,54,0.10215053763440861,0.2903225806451613,75.16129032258064,114.94623655913979,62.58064516129032,106.39784946236558,49.354838709677416,91.12903225806451,134,4,0.055744199207696646,0.18336162988115445,107.99660441426147,164.00113186191288,0.10215053763440861]]",INCREMENTAL_CANDIDATE first; non-jackpot; min parent ROI delta desc; support desc; candidate_id
v04c_5ceaca7eeeae44432f5fe6f2,v04tpl_1040c5e29f046f5236bd,PEDIGREE_BASELINE,PEDIGREE_CROSS,3,distance_m=1400 AND turn_code=1 AND broodmare_sire_name=ルーラーシップ,INCREMENTAL_CANDIDATE,ESTABLISHED_CURRENT,40,7,10,0.175,0.25,290.75,92.25,108.75,52.75,31,3,3,3,24,363.3333333333333,93.33333333333333,32,285.0,94.0625,40,290.75,92.25,137.51781590527833,4.766945083814031,,True,v04m_5ac62ad8a66bf48a2bc6d23f,v04m_391cc31e258741fed88acfa0,"[[""v04m_4bebc351752ff3074697a177"",""distance_m"",""[{\""feature\"":\""turn_code\"",\""value\"":\""1\""},{\""feature\"":\""broodmare_sire_name\"",\""value\"":\""ルーラーシップ\""}]"",676,70,184,0.10355029585798817,0.27218934911242604,108.93491124260355,78.84615384615384,93.32840236686391,74.95562130177515,79.15680473372781,71.21301775147928,270,3,0.07144970414201182,-0.022189349112426038,181.81508875739644,13.40384615384616,0.05917159763313609],[""v04m_391cc31e258741fed88acfa0"",""turn_code"",""[{\""feature\"":\""distance_m\"",\""value\"":\""1400\""},{\""feature\"":\""broodmare_sire_name\"",\""value\"":\""ルーラーシップ\""}]"",130,13,32,0.1,0.24615384615384617,127.3076923076923,71.53846153846153,102.61538461538461,64.6923076923077,71.3076923076923,56.07692307692308,94,3,0.07499999999999998,0.0038461538461538325,163.44230769230768,20.711538461538467,0.3076923076923077],[""v04m_5ac62ad8a66bf48a2bc6d23f"",""broodmare_sire_name"",""[{\""feature\"":\""distance_m\"",\""value\"":\""1400\""},{\""feature\"":\""turn_code\"",\""value\"":\""1\""}]"",8409,577,1725,0.0686169580211678,0.20513735283624687,65.40968010464978,69.80616006659531,63.773338090141515,68.96896182661435,61.185634439291235,67.66559638482578,227,4,0.1063830419788322,0.04486264716375313,225.3403198953502,22.44383993340469,0.004756808181710073]]",INCREMENTAL_CANDIDATE first; non-jackpot; min parent ROI delta desc; support desc; candidate_id
v04c_709d76a923c4e26eed7dba21,v04tpl_79d06579dc62dc954dbe,TRANSITION_PRIORITY,PEDIGREE_TRANSITION_CROSS,3,sire_line_code=1503 AND broodmare_sire_line_code=1207 AND distance_change_bucket=SHORTEN,INCREMENTAL_CANDIDATE,ESTABLISHED_CURRENT,277,25,50,0.09025270758122744,0.18050541516245489,258.9530685920578,98.7725631768953,114.4404332129964,62.888086642599276,178,3,3,3,75,166.53333333333333,87.06666666666666,171,276.3157894736842,94.32748538011695,277,258.9530685920578,98.7725631768953,78.90355379357842,7.2799574006669365,,True,v04m_a0abeede1cf4f615e9515787,v04m_b416087bfe025e51f7572054,"[[""v04m_b416087bfe025e51f7572054"",""sire_line_code"",""[{\""feature\"":\""broodmare_sire_line_code\"",\""value\"":\""1207\""},{\""feature\"":\""distance_change_bucket\"",\""value\"":\""SHORTEN\""}]"",1097,72,217,0.06563354603463993,0.19781221513217867,97.11941659070192,76.81859617137648,80.57429352780309,72.6982680036463,60.62898814949863,66.73655423883318,311,4,0.024619161546587512,-0.017306799969723785,161.83365200135586,21.95396700551882,0.25250683682771197],[""v04m_3cd025c660f2648a936779c9"",""broodmare_sire_line_code"",""[{\""feature\"":\""sire_line_code\"",\""value\"":\""1503\""},{\""feature\"":\""distance_change_bucket\"",\""value\"":\""SHORTEN\""}]"",4403,356,963,0.08085396320690438,0.2187145128321599,90.6813536225301,79.92959345900522,84.8353395412219,78.6032250738133,76.28208039972746,76.30252100840336,323,4,0.00939874437432306,-0.03820909766970501,168.2717149695277,18.842969717890085,0.06291165114694526],[""v04m_a0abeede1cf4f615e9515787"",""distance_change_bucket"",""[{\""feature\"":\""sire_line_code\"",\""value\"":\""1503\""},{\""feature\"":\""broodmare_sire_line_code\"",\""value\"":\""1207\""}]"",2093,143,410,0.06832298136645963,0.19589106545628285,84.52460582895365,75.07405637840421,75.85284280936455,72.15480172001911,62.365026278069756,68.09842331581461,321,4,0.02192972621476781,-0.015385650293827963,174.4284627631041,23.698506798491096,0.1323459149546106]]",INCREMENTAL_CANDIDATE first; non-jackpot; min parent ROI delta desc; support desc; candidate_id
v04c_2279810eb05fa9631091a512,v04tpl_35a09a5b412db3d87d39,PEDIGREE_BASELINE,PEDIGREE_CROSS,3,race_condition_code=05 AND horse_age=3 AND broodmare_sire_name=アフリート,INCREMENTAL_CANDIDATE,ESTABLISHED_CURRENT,36,9,16,0.25,0.4444444444444444,312.5,146.66666666666666,104.44444444444444,85.0,35,3,3,3,13,106.15384615384616,98.46153846153847,28,345.0,125.35714285714286,36,312.5,146.66666666666666,192.1048333900902,50.404917598333796,,True,v04m_542a782be89a3981f2c885ac,v04m_fe15dc63ceaff3f45b08fa76,"[[""v04m_fe15dc63ceaff3f45b08fa76"",""race_condition_code"",""[{\""feature\"":\""horse_age\"",\""value\"":\""3\""},{\""feature\"":\""broodmare_sire_name\"",\""value\"":\""アフリート\""}]"",185,24,46,0.12972972972972974,0.24864864864864866,150.97297297297297,83.1891891891892,103.4054054054054,65.45945945945945,70.27027027027027,55.513513513513516,141,3,0.12027027027027026,0.19579579579579576,161.52702702702703,63.477477477477464,0.1945945945945946],[""v04m_4687bbe8b66f7b8a981ff1da"",""horse_age"",""[{\""feature\"":\""race_condition_code\"",\""value\"":\""05\""},{\""feature\"":\""broodmare_sire_name\"",\""value\"":\""アフリート\""}]"",179,14,47,0.0782122905027933,0.26256983240223464,98.93854748603351,109.83240223463687,79.21787709497207,100.27932960893855,50.11173184357542,83.29608938547486,142,4,0.1717877094972067,0.18187461204220978,213.5614525139665,36.834264432029784,0.2011173184357542],[""v04m_542a782be89a3981f2c885ac"",""broodmare_sire_name"",""[{\""feature\"":\""race_condition_code\"",\""value\"":\""05\""},{\""feature\"":\""horse_age\"",\""value\"":\""3\""}]"",14908,1471,3957,0.09867185403810035,0.2654279581432788,75.87939361416689,72.63214381540112,74.39093104373491,72.0364904749128,72.34974510330024,71.376442178696,322,4,0.15132814596189964,0.17901648630116562,236.62060638583313,74.03452285126554,0.0024148108398175474]]",INCREMENTAL_CANDIDATE first; non-jackpot; min parent ROI delta desc; support desc; candidate_id
v04c_f9cf81eb2ef7b911d031aac3,v04tpl_9cb168bd8aa4929c4048,PEDIGREE_BASELINE,PEDIGREE_CROSS,3,horse_age=3 AND condition_class_code=1 AND broodmare_sire_name=アフリート,INCREMENTAL_CANDIDATE,ESTABLISHED_CURRENT,36,9,15,0.25,0.4166666666666667,312.5,115.55555555555556,104.44444444444444,73.88888888888889,34,3,3,3,15,92.0,85.33333333333333,29,333.1034482758621,121.03448275862068,36,312.5,115.55555555555556,210.9229905356643,33.23037007905312,,True,v04m_c04e4542cfd64e9906562e83,v04m_fe15dc63ceaff3f45b08fa76,"[[""v04m_8bfb745fd9648b70682d2ad6"",""horse_age"",""[{\""feature\"":\""condition_class_code\"",\""value\"":\""1\""},{\""feature\"":\""broodmare_sire_name\"",\""value\"":\""アフリート\""}]"",197,15,49,0.07614213197969544,0.24873096446700507,102.08121827411168,107.96954314720813,84.16243654822335,98.07106598984771,57.71573604060914,80.96446700507614,152,4,0.17385786802030456,0.1679357021996616,210.41878172588832,7.586012408347429,0.18274111675126903],[""v04m_fe15dc63ceaff3f45b08fa76"",""condition_class_code"",""[{\""feature\"":\""horse_age\"",\""value\"":\""3\""},{\""feature\"":\""broodmare_sire_name\"",\""value\"":\""アフリート\""}]"",185,24,46,0.12972972972972974,0.24864864864864866,150.97297297297297,83.1891891891892,103.4054054054054,65.45945945945945,70.27027027027027,55.513513513513516,141,3,0.12027027027027026,0.16801801801801802,161.52702702702703,32.366366366366364,0.1945945945945946],[""v04m_c04e4542cfd64e9906562e83"",""broodmare_sire_name"",""[{\""feature\"":\""horse_age\"",\""value\"":\""3\""},{\""feature\"":\""condition_class_code\"",\""value\"":\""1\""}]"",14794,1514,4061,0.10233878599432203,0.2745031769636339,77.37528727862647,75.32851155874003,75.8753548735974,74.72826821684467,73.81843990807084,74.12734892523996,323,4,0.14766121400567797,0.14216348970303277,235.12471272137353,40.227043996815524,0.00243341895362985]]",INCREMENTAL_CANDIDATE first; non-jackpot; min parent ROI delta desc; support desc; candidate_id
v04c_118d9b255ab63f970dfe4711,v04tpl_b87f970a8ee8ae7e6121,PEDIGREE_BASELINE,PEDIGREE_CROSS,3,frame_zone=OUTER AND sire_name=ファインニードル AND prev1_venue_code=08,INCREMENTAL_CANDIDATE,ESTABLISHED_CURRENT,26,5,11,0.19230769230769232,0.4230769230769231,349.61538461538464,325.7692307692308,58.07692307692308,101.15384615384616,23,3,2,2,13,645.3846153846154,348.46153846153845,21,432.85714285714283,403.3333333333333,26,349.61538461538464,325.7692307692308,285.85404120479,206.75502739805898,,True,v04m_cf0d2ec8b58342733c3513b5,v04m_b9463d89484d0e34c93b19e6,"[[""v04m_b9463d89484d0e34c93b19e6"",""frame_zone"",""[{\""feature\"":\""sire_name\"",\""value\"":\""ファインニードル\""},{\""feature\"":\""prev1_venue_code\"",\""value\"":\""08\""}]"",99,13,29,0.13131313131313133,0.29292929292929293,231.91919191919192,165.75757575757575,170.8080808080808,132.42424242424244,81.41414141414141,100.4040404040404,81,3,0.06099456099456099,0.13014763014763014,117.69619269619272,160.01165501165502,0.26262626262626265],[""v04m_cf0d2ec8b58342733c3513b5"",""sire_name"",""[{\""feature\"":\""frame_zone\"",\""value\"":\""OUTER\""},{\""feature\"":\""prev1_venue_code\"",\""value\"":\""08\""}]"",5057,412,1175,0.08147122800079099,0.23235119636147913,69.21890448882736,75.80581372355151,65.1216136049041,74.41368400237295,59.950563575242235,72.7605299584734,286,3,0.11083646430690133,0.19072572671544394,280.39648012655726,249.96341704567925,0.005141388174807198],[""v04m_77e45a3fb44ddb279e792f61"",""prev1_venue_code"",""[{\""feature\"":\""frame_zone\"",\""value\"":\""OUTER\""},{\""feature\"":\""sire_name\"",\""value\"":\""ファインニードル\""}]"",227,29,51,0.1277533039647577,0.22466960352422907,105.33039647577093,77.3568281938326,87.18061674008811,62.819383259911895,68.76651982378854,51.629955947136565,160,4,0.06455438834293462,0.198407319552694,244.28498813961372,248.41240257539818,0.1145374449339207]]",INCREMENTAL_CANDIDATE first; non-jackpot; min parent ROI delta desc; support desc; candidate_id
v04c_26f4da4553a02b4e7deb12dc,v04tpl_dd6069b204f2bc67b9f3,TRANSITION_PRIORITY,TRANSITION_CROSS,3,running_style_code=4 AND prev1_turn_code=9 AND frame_transition=INNER->MIDDLE,INCREMENTAL_CANDIDATE,ESTABLISHED_CURRENT,112,14,24,0.125,0.21428571428571427,279.4642857142857,94.73214285714286,107.41071428571429,55.17857142857143,92,3,3,3,39,579.7435897435897,177.69230769230768,69,448.84057971014494,139.42028985507247,112,279.4642857142857,94.73214285714286,233.65388664213106,63.34418617276355,730D_DIRECTION_CONTRADICTS_FULL_3Y,True,v04m_3eaa03b93c85edaa474bea0a,v04m_bfed7e04023b62de03509f09,"[[""v04m_bfed7e04023b62de03509f09"",""running_style_code"",""[{\""feature\"":\""prev1_turn_code\"",\""value\"":\""9\""},{\""feature\"":\""frame_transition\"",\""value\"":\""INNER->MIDDLE\""}]"",405,50,120,0.12345679012345678,0.2962962962962963,120.0,82.0246913580247,94.29629629629629,77.06172839506173,72.41975308641975,70.07407407407408,216,3,0.0015432098765432167,-0.082010582010582,159.46428571428572,12.707451499118164,0.2765432098765432],[""v04m_3eaa03b93c85edaa474bea0a"",""prev1_turn_code"",""[{\""feature\"":\""running_style_code\"",\""value\"":\""4\""},{\""feature\"":\""frame_transition\"",\""value\"":\""INNER->MIDDLE\""}]"",4101,178,597,0.043404047793221164,0.14557425018288223,88.47354303828334,69.99512314069739,80.0024384296513,68.16630090221896,66.7398195562058,65.01097293343086,323,4,0.08159595220677884,0.06871146410283205,190.99074267600238,24.737019716445474,0.02731041209461107],[""v04m_2a19ae5e42e4a1a9b98c02bb"",""frame_transition"",""[{\""feature\"":\""running_style_code\"",\""value\"":\""4\""},{\""feature\"":\""prev1_turn_code\"",\""value\"":\""9\""}]"",958,57,179,0.059498956158663886,0.18684759916492694,97.22338204592901,76.93110647181628,77.66179540709813,74.03966597077245,57.13987473903967,69.19624217118998,288,4,0.06550104384133612,0.027438115120787337,182.2409036683567,17.801036385326583,0.11691022964509394]]",INCREMENTAL_CANDIDATE first; non-jackpot; min parent ROI delta desc; support desc; candidate_id
v04c_8177b65bee270c97630d7dfe,v04tpl_7e2ca060e017675e3f82,TRANSITION_PRIORITY,PEDIGREE_TRANSITION_CROSS,3,broodmare_sire_line_code=1108 AND prev1_venue_code=09 AND distance_change_bucket=LARGE_SHORTEN,INCREMENTAL_CANDIDATE,ESTABLISHED_CURRENT,48,9,16,0.1875,0.3333333333333333,265.0,102.08333333333333,108.95833333333333,67.29166666666667,44,3,2,3,22,365.90909090909093,102.72727272727273,28,287.5,115.0,48,265.0,102.08333333333333,151.27013370688482,32.329683699620986,,True,v04m_8f6730f440551003de30f760,v04m_58e7ff8ddbeaf4fce6a19780,"[[""v04m_58e7ff8ddbeaf4fce6a19780"",""broodmare_sire_line_code"",""[{\""feature\"":\""prev1_venue_code\"",\""value\"":\""09\""},{\""feature\"":\""distance_change_bucket\"",\""value\"":\""LARGE_SHORTEN\""}]"",991,68,151,0.06861755802219979,0.15237134207870837,105.74167507568113,72.2401614530777,91.85671039354187,65.8728557013118,77.37638748738648,60.41372351160444,250,4,0.11888244197780021,0.18096199125462495,159.25832492431886,29.843171880255625,0.04843592330978809],[""v04m_8f6730f440551003de30f760"",""prev1_venue_code"",""[{\""feature\"":\""broodmare_sire_line_code\"",\""value\"":\""1108\""},{\""feature\"":\""distance_change_bucket\"",\""value\"":\""LARGE_SHORTEN\""}]"",348,23,69,0.06609195402298851,0.19827586206896552,66.46551724137932,71.86781609195403,57.672413793103445,65.60344827586206,42.55747126436781,56.206896551724135,204,4,0.12140804597701149,0.1350574712643678,198.5344827586207,30.215517241379303,0.13793103448275862],[""v04m_d3238fcf7b25d8325b450c31"",""distance_change_bucket"",""[{\""feature\"":\""broodmare_sire_line_code\"",\""value\"":\""1108\""},{\""feature\"":\""prev1_venue_code\"",\""value\"":\""09\""}]"",624,56,150,0.08974358974358974,0.2403846153846154,66.81089743589743,82.86858974358974,58.14102564102564,75.32051282051282,48.36538461538461,66.73076923076923,236,4,0.09775641025641026,0.09294871794871792,198.18910256410257,19.21474358974359,0.07692307692307693]]",INCREMENTAL_CANDIDATE first; non-jackpot; min parent ROI delta desc; support desc; candidate_id
v04c_acfd0883e8d47b545b46494a,v04tpl_955da9aab162f3606dc7,TRANSITION_PRIORITY,PEDIGREE_TRANSITION_CROSS,3,broodmare_sire_name=タイキシャトル AND prev1_turn_code=2 AND distance_change_bucket=SHORTEN,INCREMENTAL_CANDIDATE,ESTABLISHED_CURRENT,82,12,26,0.14634146341463414,0.3170731707317073,303.4146341463415,149.7560975609756,106.46341463414635,96.58536585365853,72,3,3,3,35,512.2857142857143,128.28571428571428,58,366.8965517241379,137.06896551724137,82,303.4146341463415,149.7560975609756,171.81708468064116,21.362300113847596,,True,v04m_940ee18830638da808c8b53a,v04m_facd00af57eabb611da0810b,"[[""v04m_940ee18830638da808c8b53a"",""broodmare_sire_name"",""[{\""feature\"":\""prev1_turn_code\"",\""value\"":\""2\""},{\""feature\"":\""distance_change_bucket\"",\""value\"":\""SHORTEN\""}]"",7760,554,1652,0.07139175257731958,0.21288659793814432,71.13530927835052,69.54381443298969,68.62113402061856,68.97680412371135,64.7139175257732,67.88273195876289,323,4,0.07494971083731455,0.104186572793563,232.27932486799097,80.21228312798591,0.010567010309278351],[""v04m_facd00af57eabb611da0810b"",""prev1_turn_code"",""[{\""feature\"":\""broodmare_sire_name\"",\""value\"":\""タイキシャトル\""},{\""feature\"":\""distance_change_bucket\"",\""value\"":\""SHORTEN\""}]"",201,17,49,0.0845771144278607,0.24378109452736318,145.02487562189054,132.8855721393035,101.14427860696517,119.95024875621891,64.67661691542288,97.16417910447761,149,4,0.06176434898677344,0.07329207620434414,158.38975852445094,16.870525421672113,0.4079601990049751],[""v04m_91cd4735bc4b0675394ecb22"",""distance_change_bucket"",""[{\""feature\"":\""broodmare_sire_name\"",\""value\"":\""タイキシャトル\""},{\""feature\"":\""prev1_turn_code\"",\""value\"":\""2\""}]"",414,30,89,0.07246376811594203,0.21497584541062803,102.85024154589372,80.94202898550725,81.54589371980677,68.42995169082126,57.89855072463768,59.927536231884055,230,4,0.0738776952986921,0.10209732532107929,200.56439260044777,68.81406857546835,0.19806763285024154]]",INCREMENTAL_CANDIDATE first; non-jackpot; min parent ROI delta desc; support desc; candidate_id
v04c_d89933b791ed0afe06fb48b6,v04tpl_a9c51c67dc3df5460496,PEDIGREE_BASELINE,PEDIGREE_CROSS,3,distance_m=1200 AND race_condition_code=OP AND sire_name=ファインニードル,INCREMENTAL_CANDIDATE,ESTABLISHED_CURRENT,32,6,10,0.1875,0.3125,639.6875,162.1875,169.6875,78.75,25,3,1,2,23,890.0,210.0,28,731.0714285714286,172.5,32,639.6875,162.1875,419.5500235040182,86.02325267042627,,True,v04m_5f15a348c368f3aa75be67e4,v04m_615be90a154bd960bf365d78,"[[""v04m_615be90a154bd960bf365d78"",""distance_m"",""[{\""feature\"":\""race_condition_code\"",\""value\"":\""OP\""},{\""feature\"":\""sire_name\"",\""value\"":\""ファインニードル\""}]"",59,9,13,0.15254237288135594,0.22033898305084745,482.03389830508473,121.86440677966101,362.03389830508473,93.89830508474576,176.94915254237287,60.33898305084746,49,3,0.03495762711864406,0.09216101694915255,157.65360169491527,40.32309322033899,0.5423728813559322],[""v04m_91d932aaf7845c021a2ae445"",""race_condition_code"",""[{\""feature\"":\""distance_m\"",\""value\"":\""1200\""},{\""feature\"":\""sire_name\"",\""value\"":\""ファインニードル\""}]"",382,36,88,0.09424083769633508,0.23036649214659685,107.01570680628272,79.52879581151832,91.17801047120419,72.72251308900523,67.64397905759162,63.50785340314136,214,4,0.09325916230366492,0.08213350785340315,532.6717931937172,82.65870418848168,0.08376963350785341],[""v04m_5f15a348c368f3aa75be67e4"",""sire_name"",""[{\""feature\"":\""distance_m\"",\""value\"":\""1200\""},{\""feature\"":\""race_condition_code\"",\""value\"":\""OP\""}]"",2147,141,425,0.0656730321378668,0.19795062878435027,87.65253842571029,71.79785747554727,78.56544014904517,70.66604564508617,68.91476478807638,68.65859338612017,125,3,0.1218269678621332,0.11454937121564973,552.0349615742897,90.38964252445273,0.014904517931998137]]",INCREMENTAL_CANDIDATE first; non-jackpot; min parent ROI delta desc; support desc; candidate_id
v04c_5103de430e1845d86fbeedeb,v04tpl_c9912faf0d3d8abd7388,PEDIGREE_BASELINE,PEDIGREE_CROSS,3,turn_code=1 AND condition_class_code=9 AND sire_name=ファインニードル,INCREMENTAL_CANDIDATE,ESTABLISHED_CURRENT,35,6,10,0.17142857142857143,0.2857142857142857,584.8571428571429,148.28571428571428,155.14285714285714,72.0,29,3,1,2,25,818.8,193.2,31,660.3225806451613,155.80645161290323,35,584.8571428571429,148.28571428571428,385.9860216236967,78.93490989416532,,True,v04m_2537471049552dc33cb16948,v04m_a632902f82ea65c0d8ef2ceb,"[[""v04m_a632902f82ea65c0d8ef2ceb"",""turn_code"",""[{\""feature\"":\""condition_class_code\"",\""value\"":\""9\""},{\""feature\"":\""sire_name\"",\""value\"":\""ファインニードル\""}]"",49,7,11,0.14285714285714285,0.22448979591836735,428.7755102040816,109.79591836734694,305.3061224489796,84.08163265306122,121.83673469387755,55.30612244897959,41,3,0.02857142857142858,0.06122448979591835,156.08163265306126,38.489795918367335,0.7142857142857143],[""v04m_984f86f33c49091c84551752"",""condition_class_code"",""[{\""feature\"":\""turn_code\"",\""value\"":\""1\""},{\""feature\"":\""sire_name\"",\""value\"":\""ファインニードル\""}]"",548,47,125,0.08576642335766424,0.2281021897810219,107.84671532846716,82.48175182481752,94.92700729927007,76.45985401459853,75.0,69.17883211678833,248,4,0.08566214807090719,0.0576120959332638,477.01042752867573,65.80396246089676,0.06386861313868614],[""v04m_2537471049552dc33cb16948"",""sire_name"",""[{\""feature\"":\""turn_code\"",\""value\"":\""1\""},{\""feature\"":\""condition_class_code\"",\""value\"":\""9\""}]"",6228,439,1309,0.07048811817597944,0.21017983301220294,70.16377649325626,72.11464354527938,67.03114964675659,71.23635195889531,63.704238921001924,70.09794476557482,290,4,0.10094045325259199,0.07553445270208275,514.6933663638866,76.1710707404349,0.005619781631342325]]",INCREMENTAL_CANDIDATE first; non-jackpot; min parent ROI delta desc; support desc; candidate_id
v04c_7e54b0b48bbe59baa6147abd,v04tpl_bc73c38d11c137286cf6,PEDIGREE_BASELINE,PEDIGREE_CROSS,3,distance_m=1400 AND sex_code=1 AND broodmare_sire_name=ティズナウ,INCREMENTAL_CANDIDATE,ESTABLISHED_CURRENT,27,5,7,0.18518518518518517,0.25925925925925924,533.3333333333334,144.44444444444446,100.74074074074075,52.592592592592595,25,3,3,3,11,270.90909090909093,71.81818181818181,22,562.2727272727273,149.54545454545453,27,533.3333333333334,144.44444444444446,249.0423752761678,64.7788354376733,,True,v04m_87b1592f7d14b40be5d701b0,v04m_3932087fe8fe06b6cabe5fa8,"[[""v04m_93501022a2b80c08e5b363df"",""distance_m"",""[{\""feature\"":\""sex_code\"",\""value\"":\""1\""},{\""feature\"":\""broodmare_sire_name\"",\""value\"":\""ティズナウ\""}]"",170,21,52,0.12352941176470589,0.3058823529411765,137.88235294117646,94.3529411764706,100.41176470588235,86.88235294117646,69.17647058823529,76.29411764705883,140,3,0.06165577342047929,-0.04662309368191725,395.4509803921569,50.09150326797386,0.1588235294117647],[""v04m_3932087fe8fe06b6cabe5fa8"",""sex_code"",""[{\""feature\"":\""distance_m\"",\""value\"":\""1400\""},{\""feature\"":\""broodmare_sire_name\"",\""value\"":\""ティズナウ\""}]"",38,5,8,0.13157894736842105,0.21052631578947367,378.94736842105266,106.3157894736842,211.31578947368422,72.89473684210526,71.57894736842105,41.05263157894737,34,3,0.05360623781676413,0.04873294346978557,154.3859649122807,38.12865497076025,0.7105263157894737],[""v04m_87b1592f7d14b40be5d701b0"",""broodmare_sire_name"",""[{\""feature\"":\""distance_m\"",\""value\"":\""1400\""},{\""feature\"":\""sex_code\"",\""value\"":\""1\""}]"",10165,777,2278,0.0764387604525332,0.22410231185440235,74.44564682734874,74.12887358583374,71.86030496802755,73.16871618298082,68.46827348745695,71.98327594687653,301,4,0.10874642473265198,0.03515694740485689,458.8876865059846,70.31557085861071,0.0026561731431382195]]",INCREMENTAL_CANDIDATE first; non-jackpot; min parent ROI delta desc; support desc; candidate_id
v04c_932484ab8746f22b19a64607,v04tpl_083fc6427eff428bc9f4,PEDIGREE_BASELINE,PEDIGREE_CROSS,3,frame_zone=OUTER AND sex_code=2 AND broodmare_sire_name=アドマイヤコジーン,INCREMENTAL_CANDIDATE,ESTABLISHED_CURRENT,41,5,15,0.12195121951219512,0.36585365853658536,208.0487804878049,352.9268292682927,26.585365853658537,146.82926829268294,39,3,3,3,20,231.5,355.5,36,205.55555555555554,378.8888888888889,41,208.0487804878049,352.9268292682927,26.317835629516008,103.97871376712959,,True,v04m_95efc200f10507bb65b137bc,v04m_0d5ecde5eedccf7a5e5f0b21,"[[""v04m_7a04d31aee2b8703ddd2c2dc"",""frame_zone"",""[{\""feature\"":\""sex_code\"",\""value\"":\""2\""},{\""feature\"":\""broodmare_sire_name\"",\""value\"":\""アドマイヤコジーン\""}]"",133,8,25,0.06015037593984962,0.18796992481203006,187.89473684210526,144.28571428571428,103.23308270676692,119.84962406015038,50.6015037593985,80.75187969924812,115,3,0.0618008435723455,0.1778837337245553,20.15404364569963,208.64111498257842,0.3082706766917293],[""v04m_0d5ecde5eedccf7a5e5f0b21"",""sex_code"",""[{\""feature\"":\""frame_zone\"",\""value\"":\""OUTER\""},{\""feature\"":\""broodmare_sire_name\"",\""value\"":\""アドマイヤコジーン\""}]"",88,6,20,0.06818181818181818,0.22727272727272727,202.72727272727272,199.20454545454547,96.93181818181819,162.27272727272728,25.227272727272727,103.18181818181819,72,4,0.05376940133037694,0.1385809312638581,5.321507760532171,153.72228381374723,0.4659090909090909],[""v04m_95efc200f10507bb65b137bc"",""broodmare_sire_name"",""[{\""feature\"":\""frame_zone\"",\""value\"":\""OUTER\""},{\""feature\"":\""sex_code\"",\""value\"":\""2\""}]"",17087,1079,3395,0.06314742201673787,0.1986890618598935,60.22473225258969,71.785567975654,59.31000175572073,71.26587464154035,57.80125241411599,70.40557148709546,323,4,0.05880379749545725,0.16716459667669187,147.8240482352152,281.14126129263866,0.0023994849885878152]]",INCREMENTAL_CANDIDATE first; non-jackpot; min parent ROI delta desc; support desc; candidate_id
v04c_9962fec0f00161222e82e0f1,v04tpl_74b08b864cff780b0c80,PEDIGREE_BASELINE,PEDIGREE_CROSS,3,running_style_code=2 AND sire_name=タリスマニック AND prev1_venue_code=06,INCREMENTAL_CANDIDATE,ESTABLISHED_CURRENT,25,5,11,0.2,0.44,195.2,284.0,18.4,100.0,25,3,3,3,9,291.1111111111111,147.77777777777777,17,207.64705882352942,236.47058823529412,25,195.2,284.0,74.12767158154575,102.29191548669377,,True,v04m_014cf73bfa32a57e7644db27,v04m_3acad91bd215e7469db2bf95,"[[""v04m_3acad91bd215e7469db2bf95"",""running_style_code"",""[{\""feature\"":\""sire_name\"",\""value\"":\""タリスマニック\""},{\""feature\"":\""prev1_venue_code\"",\""value\"":\""06\""}]"",107,14,29,0.1308411214953271,0.27102803738317754,287.85046728971963,135.79439252336448,178.97196261682242,113.17757009345794,91.77570093457943,87.19626168224299,92,3,0.06915887850467292,0.16897196261682246,-92.65046728971964,148.20560747663552,0.2336448598130841],[""v04m_014cf73bfa32a57e7644db27"",""sire_name"",""[{\""feature\"":\""running_style_code\"",\""value\"":\""2\""},{\""feature\"":\""prev1_venue_code\"",\""value\"":\""06\""}]"",5472,498,1463,0.09100877192982457,0.2673611111111111,72.47989766081871,76.80372807017544,67.9641812865497,76.12207602339181,62.595029239766085,74.828216374269,316,4,0.10899122807017544,0.1726388888888889,122.72010233918128,207.19627192982455,0.004568713450292397],[""v04m_7aacd2eec7c8ef62c2a8716d"",""prev1_venue_code"",""[{\""feature\"":\""running_style_code\"",\""value\"":\""2\""},{\""feature\"":\""sire_name\"",\""value\"":\""タリスマニック\""}]"",199,16,51,0.08040201005025126,0.2562814070351759,57.8391959798995,83.06532663316582,44.67336683417086,70.90452261306532,30.0,58.14070351758794,149,3,0.11959798994974875,0.18371859296482412,137.3608040201005,200.93467336683418,0.12562814070351758]]",INCREMENTAL_CANDIDATE first; non-jackpot; min parent ROI delta desc; support desc; candidate_id
v04c_ab15b56719389c87b5abe10e,v04tpl_737c2fa4c3a3e06a7a07,PEDIGREE_BASELINE,PEDIGREE_CROSS,3,distance_m=1600 AND race_condition_code=OP AND broodmare_sire_name=ヴィクトワールピサ,INCREMENTAL_CANDIDATE,ESTABLISHED_CURRENT,28,3,10,0.10714285714285714,0.35714285714285715,189.64285714285714,278.2142857142857,0.0,105.35714285714286,26,3,2,3,16,209.375,280.625,25,212.4,298.0,28,189.64285714285714,278.2142857142857,100.73929929013683,92.36407565092871,,True,v04m_2118f051b91aa49b73da5341,v04m_cc638d26844cc0d240186ed0,"[[""v04m_cc638d26844cc0d240186ed0"",""distance_m"",""[{\""feature\"":\""race_condition_code\"",\""value\"":\""OP\""},{\""feature\"":\""broodmare_sire_name\"",\""value\"":\""ヴィクトワールピサ\""}]"",81,6,18,0.07407407407407407,0.2222222222222222,103.08641975308642,131.60493827160494,70.8641975308642,99.75308641975309,20.74074074074074,71.85185185185185,69,3,0.03306878306878307,0.13492063492063494,86.55643738977072,146.6093474426808,0.345679012345679],[""v04m_5d7686ab54da3e91d914629b"",""race_condition_code"",""[{\""feature\"":\""distance_m\"",\""value\"":\""1600\""},{\""feature\"":\""broodmare_sire_name\"",\""value\"":\""ヴィクトワールピサ\""}]"",220,18,48,0.08181818181818182,0.21818181818181817,95.27272727272727,90.45454545454545,77.22727272727273,78.72727272727273,56.04545454545455,65.63636363636364,148,3,0.02532467532467532,0.13896103896103898,94.37012987012987,187.75974025974028,0.12727272727272726],[""v04m_2118f051b91aa49b73da5341"",""broodmare_sire_name"",""[{\""feature\"":\""distance_m\"",\""value\"":\""1600\""},{\""feature\"":\""race_condition_code\"",\""value\"":\""OP\""}]"",2055,144,428,0.07007299270072993,0.20827250608272507,76.10705596107056,75.61070559610705,65.95620437956204,73.57177615571776,57.070559610705594,70.34063260340632,120,3,0.037069864442127204,0.14887035106013208,113.53580118178658,202.60358011817868,0.013625304136253041]]",INCREMENTAL_CANDIDATE first; non-jackpot; min parent ROI delta desc; support desc; candidate_id
v04c_57d7b91710ba64cb17cfaea2,v04tpl_74b08b864cff780b0c80,PEDIGREE_BASELINE,PEDIGREE_CROSS,3,running_style_code=2 AND sire_name=アジアエクスプレス AND prev1_venue_code=08,INCREMENTAL_CANDIDATE,ESTABLISHED_CURRENT,43,11,21,0.2558139534883721,0.4883720930232558,257.6744186046512,251.62790697674419,83.95348837209302,114.4186046511628,39,3,3,3,10,594.0,326.0,34,282.94117647058823,289.70588235294116,43,257.6744186046512,251.62790697674419,205.6691444581986,93.14785453896735,,True,v04m_fbb59b72a7274085ec383f8f,v04m_ae52649c7890bc023f2c1b14,"[[""v04m_ae52649c7890bc023f2c1b14"",""running_style_code"",""[{\""feature\"":\""sire_name\"",\""value\"":\""アジアエクスプレス\""},{\""feature\"":\""prev1_venue_code\"",\""value\"":\""08\""}]"",166,21,51,0.12650602409638553,0.3072289156626506,96.3855421686747,105.90361445783132,62.83132530120482,88.37349397590361,48.734939759036145,70.36144578313252,114,3,0.12930792939198657,0.1811431773606052,161.28887643597648,145.72429251891288,0.25903614457831325],[""v04m_fbb59b72a7274085ec383f8f"",""sire_name"",""[{\""feature\"":\""running_style_code\"",\""value\"":\""2\""},{\""feature\"":\""prev1_venue_code\"",\""value\"":\""08\""}]"",4714,494,1364,0.1047942299533305,0.28935086974968177,77.75986423419602,83.53203224437844,75.30759439966059,82.24013576580398,71.57403478998727,80.7658039881205,285,3,0.15101972353504162,0.19902122327357402,179.91455437045516,168.09587473236576,0.009121764955451845],[""v04m_d4302b0b4d35321ab2dd3819"",""prev1_venue_code"",""[{\""feature\"":\""running_style_code\"",\""value\"":\""2\""},{\""feature\"":\""sire_name\"",\""value\"":\""アジアエクスプレス\""}]"",317,25,89,0.07886435331230283,0.2807570977917981,90.03154574132492,95.29968454258675,72.46056782334385,86.1198738170347,49.14826498422713,75.45741324921136,204,4,0.17694960017606925,0.2076149952314577,167.64287286332626,156.32822243415745,0.13564668769716087]]",INCREMENTAL_CANDIDATE first; non-jackpot; min parent ROI delta desc; support desc; candidate_id
v04c_0eea59aceee038592d1e301b,v04tpl_7320a73e397451dd9a92,TRANSITION_PRIORITY,PEDIGREE_TRANSITION_CROSS,3,frame_zone=MIDDLE AND sire_name=マジェスティックウォリアー AND distance_change_bucket=EXTEND,INCREMENTAL_CANDIDATE,ESTABLISHED_CURRENT,81,9,12,0.1111111111111111,0.14814814814814814,270.98765432098764,65.67901234567901,108.0246913580247,31.48148148148148,72,3,3,3,16,883.75,211.25,50,367.6,87.0,81,270.98765432098764,65.67901234567901,360.0875937285921,85.49198889724744,,True,v04m_aeaebe4f912d6d1560682362,v04m_eb8f84d5eb4707ba2601dfff,"[[""v04m_eb8f84d5eb4707ba2601dfff"",""frame_zone"",""[{\""feature\"":\""sire_name\"",\""value\"":\""マジェスティックウォリアー\""},{\""feature\"":\""distance_change_bucket\"",\""value\"":\""EXTEND\""}]"",205,14,28,0.06829268292682927,0.13658536585365855,126.2439024390244,52.78048780487805,97.7560975609756,46.829268292682926,61.853658536585364,36.97560975609756,148,3,0.04281842818428183,0.011562782294489593,144.74375188196325,12.898524540800963,0.3951219512195122],[""v04m_aeaebe4f912d6d1560682362"",""sire_name"",""[{\""feature\"":\""frame_zone\"",\""value\"":\""MIDDLE\""},{\""feature\"":\""distance_change_bucket\"",\""value\"":\""EXTEND\""}]"",7544,508,1509,0.06733828207847296,0.20002651113467657,75.94114528101802,70.48515376458113,71.33616118769883,69.49098621420997,64.050901378579,67.82078472958642,323,4,0.04377282903263814,-0.051878362986528426,195.04650903996964,-4.806141418902115,0.010737009544008483],[""v04m_0f8c3b0a55acee27d7f972d3"",""distance_change_bucket"",""[{\""feature\"":\""frame_zone\"",\""value\"":\""MIDDLE\""},{\""feature\"":\""sire_name\"",\""value\"":\""マジェスティックウォリアー\""}]"",687,56,145,0.08151382823871907,0.21106259097525473,99.08296943231441,72.18340611353712,89.25764192139738,68.92285298398835,73.31877729257641,63.624454148471614,278,3,0.029597282872392036,-0.06291444282710659,171.90468488867322,-6.5043937678581045,0.11790393013100436]]",INCREMENTAL_CANDIDATE first; non-jackpot; min parent ROI delta desc; support desc; candidate_id
v04c_ecf53293dbefbe3d312b23f7,v04tpl_83a33dbb11e497fdf24f,PEDIGREE_BASELINE,PEDIGREE_CROSS,3,horse_age=5 AND running_style_code=2 AND sire_name=ディスクリートキャット,INCREMENTAL_CANDIDATE,ESTABLISHED_CURRENT,53,3,16,0.05660377358490566,0.3018867924528302,120.0,278.6792452830189,0.0,104.52830188679245,46,3,2,3,5,0.0,870.0,17,96.47058823529412,370.5882352941176,53,120.0,278.6792452830189,63.1565650956228,317.75692217671804,730D_DIRECTION_CONTRADICTS_FULL_3Y,True,v04m_8dd94ecabd850e5dab30f818,v04m_4a1ce443dcd6fa4bcc59e0f2,"[[""v04m_a36b38b2f11c47495633c7bc"",""horse_age"",""[{\""feature\"":\""running_style_code\"",\""value\"":\""2\""},{\""feature\"":\""sire_name\"",\""value\"":\""ディスクリートキャット\""}]"",306,31,85,0.10130718954248366,0.2777777777777778,90.52287581699346,118.98692810457516,81.9281045751634,104.77124183006536,66.50326797385621,81.30718954248366,210,3,-0.044703415957578,0.024109014675052387,29.477124183006538,159.69231717844372,0.17320261437908496],[""v04m_4a1ce443dcd6fa4bcc59e0f2"",""running_style_code"",""[{\""feature\"":\""horse_age\"",\""value\"":\""5\""},{\""feature\"":\""sire_name\"",\""value\"":\""ディスクリートキャット\""}]"",165,10,36,0.06060606060606061,0.21818181818181817,80.60606060606061,134.1818181818182,65.03030303030303,107.81818181818181,41.09090909090909,78.24242424242425,121,3,-0.004002287021154946,0.083704974271012,39.39393939393939,144.49742710120069,0.3212121212121212],[""v04m_8dd94ecabd850e5dab30f818"",""sire_name"",""[{\""feature\"":\""horse_age\"",\""value\"":\""5\""},{\""feature\"":\""running_style_code\"",\""value\"":\""2\""}]"",4478,289,952,0.06453774006252791,0.2125949084412684,77.77579276462707,79.59133541759714,71.90710138454668,78.26038410004466,66.93613220187584,76.42027690933452,323,4,-0.007933966477622248,0.08929188401156177,42.22420723537293,199.08790986542175,0.011835640911121036]]",INCREMENTAL_CANDIDATE first; non-jackpot; min parent ROI delta desc; support desc; candidate_id
v04c_32daecc155bb267e0748428a,v04tpl_7bf25a51f545c647c8da,TRANSITION_PRIORITY,TRANSITION_CROSS,3,distance_m=1700 AND prev1_turn_code=2 AND frame_transition=INNER->MIDDLE,INCREMENTAL_CANDIDATE,ESTABLISHED_CURRENT,326,27,72,0.08282208588957055,0.22085889570552147,300.03067484662574,97.17791411042944,101.1042944785276,71.0122699386503,119,3,3,3,103,119.51456310679612,95.63106796116504,212,283.8679245283019,109.90566037735849,326,300.03067484662574,97.17791411042944,132.6747459077767,20.409119130066415,730D_DIRECTION_CONTRADICTS_FULL_3Y,True,v04m_1a47907b4222baf21ff77229,v04m_13fe1ad4c006a9120eda79dc,"[[""v04m_1a47907b4222baf21ff77229"",""distance_m"",""[{\""feature\"":\""prev1_turn_code\"",\""value\"":\""2\""},{\""feature\"":\""frame_transition\"",\""value\"":\""INNER->MIDDLE\""}]"",5330,399,1152,0.074859287054409,0.21613508442776735,87.87242026266416,75.36022514071294,81.3545966228893,73.2795497185741,71.15009380863039,70.55347091932458,323,4,0.007962798835161544,0.00472381127775412,212.1582545839616,21.8176889697165,0.061163227016885556],[""v04m_13fe1ad4c006a9120eda79dc"",""prev1_turn_code"",""[{\""feature\"":\""distance_m\"",\""value\"":\""1700\""},{\""feature\"":\""frame_transition\"",\""value\"":\""INNER->MIDDLE\""}]"",1012,72,229,0.07114624505928854,0.22628458498023715,156.6699604743083,84.26877470355731,124.43675889328063,80.48418972332016,81.6798418972332,74.27865612648222,156,3,0.011675840830282003,-0.005425689274715678,143.36071437231743,12.909139406872129,0.3221343873517787],[""v04m_73ccfc2adca4832244a20762"",""frame_transition"",""[{\""feature\"":\""distance_m\"",\""value\"":\""1700\""},{\""feature\"":\""prev1_turn_code\"",\""value\"":\""2\""}]"",2255,170,496,0.07538802660753881,0.21995565410199558,119.19733924611974,84.38137472283813,104.73170731707317,82.6829268292683,87.2549889135255,79.95565410199556,155,3,0.007434059282031738,0.000903241603525895,180.83333560050602,12.79653938759131,0.14456762749445676]]",INCREMENTAL_CANDIDATE first; non-jackpot; min parent ROI delta desc; support desc; candidate_id
v04c_50462894ce90b3a72af069c7,v04tpl_834fb2be648288545f5e,PEDIGREE_BASELINE,PEDIGREE_CROSS,3,race_condition_code=10 AND sire_name=ハーツクライ AND prev1_venue_code=02,INCREMENTAL_CANDIDATE,ESTABLISHED_CURRENT,28,7,13,0.25,0.4642857142857143,242.85714285714286,157.85714285714286,100.71428571428571,84.64285714285714,25,3,3,3,10,154.0,196.0,18,262.22222222222223,205.0,28,242.85714285714286,157.85714285714286,104.41290895074016,63.2979067584387,,True,v04m_bfd60bb614ff84629127cf73,v04m_059c63e57e1661b95bbd5e09,"[[""v04m_059c63e57e1661b95bbd5e09"",""race_condition_code"",""[{\""feature\"":\""sire_name\"",\""value\"":\""ハーツクライ\""},{\""feature\"":\""prev1_venue_code\"",\""value\"":\""02\""}]"",90,11,25,0.12222222222222222,0.2777777777777778,99.77777777777777,125.55555555555556,79.55555555555556,87.77777777777777,55.55555555555556,69.11111111111111,56,3,0.12777777777777777,0.1865079365079365,143.0793650793651,32.301587301587304,0.3111111111111111],[""v04m_bfd60bb614ff84629127cf73"",""sire_name"",""[{\""feature\"":\""race_condition_code\"",\""value\"":\""10\""},{\""feature\"":\""prev1_venue_code\"",\""value\"":\""02\""}]"",693,53,142,0.07647907647907648,0.2049062049062049,53.95382395382396,71.24098124098124,49.682539682539684,67.38816738816739,43.39105339105339,60.923520923520925,153,4,0.17352092352092352,0.2593795093795094,188.9033189033189,86.61616161616162,0.04040404040404041],[""v04m_b6196eabd473e4cc4f4d78c3"",""prev1_venue_code"",""[{\""feature\"":\""race_condition_code\"",\""value\"":\""10\""},{\""feature\"":\""sire_name\"",\""value\"":\""ハーツクライ\""}]"",540,43,136,0.07962962962962963,0.2518518518518518,64.01851851851852,77.31481481481481,53.629629629629626,73.22222222222223,47.01851851851852,67.51851851851852,252,3,0.17037037037037037,0.21243386243386247,178.83862433862436,80.54232804232805,0.05185185185185185]]",INCREMENTAL_CANDIDATE first; non-jackpot; min parent ROI delta desc; support desc; candidate_id
v04c_cfe19d2124709cea7f2fbb78,v04tpl_be8e9eb089586531cfeb,PEDIGREE_BASELINE,PEDIGREE_CROSS,3,condition_class_code=2 AND sire_name=ハーツクライ AND prev1_venue_code=02,INCREMENTAL_CANDIDATE,ESTABLISHED_CURRENT,28,7,13,0.25,0.4642857142857143,242.85714285714286,157.85714285714286,100.71428571428571,84.64285714285714,25,3,3,3,10,154.0,196.0,18,262.22222222222223,205.0,28,242.85714285714286,157.85714285714286,104.41290895074016,63.2979067584387,,True,v04m_7e6efb1b1d6543bd6e6cf0e1,v04m_059c63e57e1661b95bbd5e09,"[[""v04m_059c63e57e1661b95bbd5e09"",""condition_class_code"",""[{\""feature\"":\""sire_name\"",\""value\"":\""ハーツクライ\""},{\""feature\"":\""prev1_venue_code\"",\""value\"":\""02\""}]"",90,11,25,0.12222222222222222,0.2777777777777778,99.77777777777777,125.55555555555556,79.55555555555556,87.77777777777777,55.55555555555556,69.11111111111111,56,3,0.12777777777777777,0.1865079365079365,143.0793650793651,32.301587301587304,0.3111111111111111],[""v04m_7e6efb1b1d6543bd6e6cf0e1"",""sire_name"",""[{\""feature\"":\""condition_class_code\"",\""value\"":\""2\""},{\""feature\"":\""prev1_venue_code\"",\""value\"":\""02\""}]"",697,53,142,0.07604017216642754,0.20373027259684362,53.6441893830703,70.83213773314203,49.3974175035868,67.00143472022955,43.14203730272597,60.57388809182209,154,4,0.17395982783357244,0.2605554416888707,189.21295347407255,87.02500512400083,0.040172166427546625],[""v04m_3a5442d77afc1614d349befe"",""prev1_venue_code"",""[{\""feature\"":\""condition_class_code\"",\""value\"":\""2\""},{\""feature\"":\""sire_name\"",\""value\"":\""ハーツクライ\""}]"",554,43,136,0.0776173285198556,0.24548736462093862,62.40072202166065,75.36101083032491,52.27436823104693,71.37184115523466,45.83032490974729,65.81227436823104,254,3,0.1723826714801444,0.21879834966477568,180.45642083548222,82.49613202681795,0.05054151624548736]]",INCREMENTAL_CANDIDATE first; non-jackpot; min parent ROI delta desc; support desc; candidate_id
v04c_032377b3bb5a88e01a0209cc,v04tpl_d37de5ed66ad771f0db8,PEDIGREE_INTERACTION,PEDIGREE_CROSS,3,condition_class_code=2 AND sire_line_code=1108 AND broodmare_sire_line_code=1101,INCREMENTAL_CANDIDATE,ESTABLISHED_CURRENT,19,3,12,0.15789473684210525,0.631578947368421,137.89473684210526,246.31578947368422,0.0,101.05263157894737,19,3,2,2,1,0.0,0.0,11,192.72727272727272,203.63636363636363,19,137.89473684210526,246.31578947368422,88.94473939849769,128.9969853222246,,True,v04m_bfc5f41f7f63d391796758f0,v04m_05b4d67ea88f6a073d58f1bc,"[[""v04m_c3a3459d1c7f70648e70ef1c"",""condition_class_code"",""[{\""feature\"":\""sire_line_code\"",\""value\"":\""1108\""},{\""feature\"":\""broodmare_sire_line_code\"",\""value\"":\""1101\""}]"",175,15,53,0.08571428571428572,0.3028571428571429,52.22857142857143,81.02857142857142,39.714285714285715,72.8,24.4,63.65714285714286,139,3,0.07218045112781954,0.32872180451127814,85.66616541353383,165.2872180451128,0.10857142857142857],[""v04m_05b4d67ea88f6a073d58f1bc"",""sire_line_code"",""[{\""feature\"":\""condition_class_code\"",\""value\"":\""2\""},{\""feature\"":\""broodmare_sire_line_code\"",\""value\"":\""1101\""}]"",312,30,90,0.09615384615384616,0.28846153846153844,138.55769230769232,103.62179487179488,87.91666666666667,92.75641025641026,60.64102564102564,81.47435897435898,198,4,0.061740890688259095,0.3431174089068826,-0.6629554655870606,142.69399460188936,0.060897435897435896],[""v04m_bfc5f41f7f63d391796758f0"",""broodmare_sire_line_code"",""[{\""feature\"":\""condition_class_code\"",\""value\"":\""2\""},{\""feature\"":\""sire_line_code\"",\""value\"":\""1108\""}]"",1774,152,436,0.08568207440811725,0.24577226606538896,67.39007891770011,75.0,63.33709131905299,72.54791431792559,57.311161217587376,70.02254791431793,317,4,0.07221266243398801,0.3858066813030321,70.50465792440515,171.31578947368422,0.010710259301014656]]",INCREMENTAL_CANDIDATE first; non-jackpot; min parent ROI delta desc; support desc; candidate_id
v04c_f0892f176e4103c8fe4ed6f0,v04tpl_a986284ea71c31b40f6c,TRANSITION_PRIORITY,PEDIGREE_TRANSITION_CROSS,3,running_style_code=2 AND broodmare_sire_line_code=1304 AND frame_transition=MIDDLE->OUTER,INCREMENTAL_CANDIDATE,ESTABLISHED_CURRENT,61,9,17,0.14754098360655737,0.2786885245901639,288.6885245901639,118.36065573770492,110.98360655737704,65.57377049180327,56,3,3,3,15,614.6666666666666,241.33333333333334,34,342.6470588235294,157.35294117647058,61,288.6885245901639,118.36065573770492,211.01472492634545,76.49889422970273,,True,v04m_40b73b149d6cef0ee3dea91c,v04m_dd003fb72fc77a66512c1d8d,"[[""v04m_dd003fb72fc77a66512c1d8d"",""running_style_code"",""[{\""feature\"":\""broodmare_sire_line_code\"",\""value\"":\""1304\""},{\""feature\"":\""frame_transition\"",\""value\"":\""MIDDLE->OUTER\""}]"",182,20,39,0.10989010989010989,0.21428571428571427,146.15384615384616,83.57142857142857,118.2967032967033,75.16483516483517,86.5934065934066,62.69230769230769,143,3,0.037650873716447486,0.06440281030444964,142.53467843631776,34.78922716627635,0.33516483516483514],[""v04m_40b73b149d6cef0ee3dea91c"",""broodmare_sire_line_code"",""[{\""feature\"":\""running_style_code\"",\""value\"":\""2\""},{\""feature\"":\""frame_transition\"",\""value\"":\""MIDDLE->OUTER\""}]"",3706,394,1074,0.10631408526713437,0.2898003237992445,78.05180787911495,82.91419320021586,73.02482460874258,81.72692930383162,67.27738801942796,79.91365353480842,323,4,0.041226898339423,-0.011111799209080564,210.63671671104896,35.446462537489055,0.01645979492714517],[""v04m_e24d817f6074be63085ab83b"",""frame_transition"",""[{\""feature\"":\""running_style_code\"",\""value\"":\""2\""},{\""feature\"":\""broodmare_sire_line_code\"",\""value\"":\""1304\""}]"",563,48,119,0.0852575488454707,0.2113676731793961,87.15808170515098,76.35879218472469,78.15275310834814,71.13676731793961,66.57193605683837,65.20426287744228,255,4,0.06228343476108668,0.06732085141076782,201.53044288501295,42.001863552980225,0.108348134991119]]",INCREMENTAL_CANDIDATE first; non-jackpot; min parent ROI delta desc; support desc; candidate_id
v04c_c11cb00f833978e8ec046829,v04tpl_52bdbe91c442e53f68a8,PEDIGREE_INTERACTION,PEDIGREE_CROSS,3,race_condition_code=10 AND sire_line_code=1108 AND broodmare_sire_line_code=1101,INCREMENTAL_CANDIDATE,ESTABLISHED_CURRENT,19,3,12,0.15789473684210525,0.631578947368421,137.89473684210526,246.31578947368422,0.0,101.05263157894737,19,3,2,2,1,0.0,0.0,11,192.72727272727272,203.63636363636363,19,137.89473684210526,246.31578947368422,88.94473939849769,128.9969853222246,,True,v04m_df59525e470d402d71a379b1,v04m_4b9a7ea6e201ef7dac2f4ce1,"[[""v04m_c3a3459d1c7f70648e70ef1c"",""race_condition_code"",""[{\""feature\"":\""sire_line_code\"",\""value\"":\""1108\""},{\""feature\"":\""broodmare_sire_line_code\"",\""value\"":\""1101\""}]"",175,15,53,0.08571428571428572,0.3028571428571429,52.22857142857143,81.02857142857142,39.714285714285715,72.8,24.4,63.65714285714286,139,3,0.07218045112781954,0.32872180451127814,85.66616541353383,165.2872180451128,0.10857142857142857],[""v04m_4b9a7ea6e201ef7dac2f4ce1"",""sire_line_code"",""[{\""feature\"":\""race_condition_code\"",\""value\"":\""10\""},{\""feature\"":\""broodmare_sire_line_code\"",\""value\"":\""1101\""}]"",310,30,90,0.0967741935483871,0.2903225806451613,139.4516129032258,104.29032258064517,88.48387096774194,93.35483870967742,61.03225806451613,82.0,198,4,0.06112054329371816,0.3412563667232597,-1.5568760611205334,142.02546689303904,0.06129032258064516],[""v04m_df59525e470d402d71a379b1"",""broodmare_sire_line_code"",""[{\""feature\"":\""race_condition_code\"",\""value\"":\""10\""},{\""feature\"":\""sire_line_code\"",\""value\"":\""1108\""}]"",1761,149,431,0.08461101646791595,0.2447473026689381,66.95627484383873,74.89494605337876,62.87336740488359,72.42475865985236,56.802952867688816,69.88074957410562,317,4,0.0732837203741893,0.38683164469948295,70.93846199826653,171.42084342030546,0.010789324247586598]]",INCREMENTAL_CANDIDATE first; non-jackpot; min parent ROI delta desc; support desc; candidate_id
v04c_51e9c7f0a51d471b6d1ec8f3,v04tpl_8afab77b2177da68fab4,PEDIGREE_BASELINE,PEDIGREE_CROSS,3,frame_zone=MIDDLE AND sire_name=タリスマニック AND prev1_turn_code=1,INCREMENTAL_CANDIDATE,ESTABLISHED_CURRENT,156,16,42,0.10256410256410256,0.2692307692307692,358.3333333333333,92.82051282051282,108.2051282051282,61.98717948717949,131,4,3,3,42,277.3809523809524,76.42857142857143,100,473.1,103.6,155,360.64516129032256,93.41935483870968,226.1444940704029,44.14886650166656,730D_DIRECTION_CONTRADICTS_FULL_3Y,True,v04m_11ee157365c821ab7cdbfd33,v04m_d85a6d6e3569f50fc78541ca,"[[""v04m_b0b16ed0ff0bedb0624e122a"",""frame_zone"",""[{\""feature\"":\""sire_name\"",\""value\"":\""タリスマニック\""},{\""feature\"":\""prev1_turn_code\"",\""value\"":\""1\""}]"",417,35,97,0.08393285371702638,0.23261390887290168,185.46762589928056,82.66187050359713,144.0767386091127,76.85851318944844,91.89448441247002,68.03357314148681,224,4,0.018631248847076176,0.03661686035786754,172.86570743405275,10.158642316915689,0.37410071942446044],[""v04m_11ee157365c821ab7cdbfd33"",""sire_name"",""[{\""feature\"":\""frame_zone\"",\""value\"":\""MIDDLE\""},{\""feature\"":\""prev1_turn_code\"",\""value\"":\""1\""}]"",30225,2245,6639,0.07427626137303557,0.21965260545905707,72.99884201819685,71.79884201819685,71.88155500413565,71.47593052109181,70.21637717121588,71.08420181968569,323,4,0.02828784119106699,0.04957816377171215,285.33449131513646,21.021670802315967,0.005161290322580645],[""v04m_d85a6d6e3569f50fc78541ca"",""prev1_turn_code"",""[{\""feature\"":\""frame_zone\"",\""value\"":\""MIDDLE\""},{\""feature\"":\""sire_name\"",\""value\"":\""タリスマニック\""}]"",282,21,59,0.07446808510638298,0.20921985815602837,217.19858156028369,69.36170212765957,155.99290780141843,61.56028368794326,78.82978723404256,52.304964539007095,194,4,0.028096017457719585,0.06001091107474085,141.13475177304963,23.45881069285325,0.5531914893617021]]",INCREMENTAL_CANDIDATE first; non-jackpot; min parent ROI delta desc; support desc; candidate_id
