family,stratum,quantile_scope,source_n,signal,n,place_hits,place_hit_rate_pct,stake_yen,place_payout_yen,place_roi_pct,win_hits,win_roi_pct,top3_rate_pct,top5_rate_pct,finish_mean,popularity_mean,popularity_median,win_odds_mean,win_odds_median,max_place_payout_yen,largest_payout_share_pct,high_payout_hits,hit_days,total_days
signal,ALL,ALL_ENTRY_USABLE,2686,TIME_TOP20,531,190,35.781544256120526,53100,47710,89.84934086629002,73,101.46892655367232,36.346516007532955,53.672316384180796,6.079696394686907,5.273069679849341,4.0,21.06177024482109,8.9,1810,3.793753929993712,5,10,10
odds_band,<5,ALL_ENTRY_USABLE,2686,TIME_TOP20,156,99,63.46153846153846,15600,14140,90.64102564102564,46,75.8974358974359,64.1025641025641,80.12820512820514,3.8451612903225807,1.4743589743589745,1.0,3.0987179487179484,3.0,270,1.9094766619519095,0,10,10
odds_band,5-9.9,ALL_ENTRY_USABLE,2686,TIME_TOP20,126,50,39.682539682539684,12600,11730,93.0952380952381,15,78.80952380952381,41.269841269841265,64.28571428571429,5.064,3.5,3.0,7.16031746031746,7.05,800,6.820119352088661,0,10,10
odds_band,10-29.9,ALL_ENTRY_USABLE,2686,TIME_TOP20,157,33,21.019108280254777,15700,13630,86.81528662420382,9,106.17834394904459,21.019108280254777,40.76433121019109,7.083870967741936,6.764331210191083,6.0,17.044585987261147,16.6,1230,9.024211298606016,1,10,10
odds_band,30-99.9,ALL_ENTRY_USABLE,2686,TIME_TOP20,72,7,9.722222222222221,7200,7150,99.30555555555556,3,214.44444444444446,9.722222222222223,16.666666666666664,9.583333333333334,10.916666666666666,11.0,50.80694444444444,46.900000000000006,1810,25.314685314685313,3,5,10
odds_band,>=100,ALL_ENTRY_USABLE,2686,TIME_TOP20,20,1,5.0,2000,1060,53.0,0,0.0,5.0,15.0,9.35,14.05,14.0,173.205,164.2,1060,100.0,1,1,7
popularity_band,1-3,ALL_ENTRY_USABLE,2686,TIME_TOP20,226,130,57.52212389380531,22600,22340,98.84955752212389,58,89.02654867256638,58.849557522123895,76.54867256637168,4.164444444444444,1.8407079646017699,2.0,4.2752212389380535,3.8,1230,5.505819158460161,1,10,10
popularity_band,4-6,ALL_ENTRY_USABLE,2686,TIME_TOP20,136,37,27.205882352941178,13600,9550,70.22058823529412,7,52.86764705882353,27.205882352941174,51.470588235294116,6.022222222222222,4.970588235294118,5.0,11.145588235294118,10.55,420,4.397905759162303,0,10,10
popularity_band,7-9,ALL_ENTRY_USABLE,2686,TIME_TOP20,84,15,17.857142857142858,8400,7500,89.28571428571429,6,185.47619047619048,17.857142857142858,33.33333333333333,7.9397590361445785,7.928571428571429,8.0,24.379761904761907,20.7,820,10.933333333333334,0,8,9
popularity_band,10+,ALL_ENTRY_USABLE,2686,TIME_TOP20,85,8,9.411764705882353,8500,8320,97.88235294117646,2,129.2941176470588,9.411764705882353,16.470588235294116,9.464285714285714,12.258823529411766,12.0,78.28117647058824,56.9,1810,21.754807692307693,4,6,10
previous_finish_band,1-3,ALL_ENTRY_USABLE,2686,TIME_TOP20,338,142,42.01183431952663,33800,28320,83.78698224852072,54,70.94674556213018,42.89940828402367,60.946745562130175,5.479166666666667,3.9023668639053253,3.0,11.059171597633137,6.65,1060,3.7429378531073447,1,10,10
previous_finish_band,4-5,ALL_ENTRY_USABLE,2686,TIME_TOP20,94,27,28.72340425531915,9400,7670,81.59574468085107,10,99.8936170212766,28.723404255319153,50.0,6.602150537634409,6.23404255319149,5.0,21.977659574468085,12.95,1060,13.820078226857888,1,8,10
previous_finish_band,6-9,ALL_ENTRY_USABLE,2686,TIME_TOP20,76,12,15.789473684210526,7600,4330,56.973684210526315,4,116.05263157894737,15.789473684210526,30.263157894736842,7.8933333333333335,8.921052631578947,9.0,55.29210526315788,29.85,1310,30.254041570438797,1,6,10
previous_finish_band,10+,ALL_ENTRY_USABLE,2686,TIME_TOP20,23,9,39.130434782608695,2300,7390,321.30434782608694,5,508.2608695652174,39.130434782608695,39.130434782608695,6.826086956521739,9.434782608695652,9.0,51.204347826086966,32.3,1810,24.49255751014885,2,5,8
signal,ALL,ALL_ENTRY_USABLE,2686,FINISH_GE4_TIME_TOP20,193,48,24.870466321243523,19300,19390,100.46632124352331,19,154.9222797927461,24.870466321243523,40.932642487046635,7.136125654450262,7.6735751295336785,7.0,38.57927461139897,18.9,1810,9.334708612686953,4,10,10
odds_band,<5,ALL_ENTRY_USABLE,2686,FINISH_GE4_TIME_TOP20,18,7,38.888888888888886,1800,1070,59.44444444444444,4,62.22222222222222,38.88888888888889,77.77777777777779,3.8823529411764706,1.8333333333333333,2.0,3.5444444444444443,3.7,190,17.757009345794394,0,7,7
odds_band,5-9.9,ALL_ENTRY_USABLE,2686,FINISH_GE4_TIME_TOP20,35,18,51.42857142857143,3500,4680,133.71428571428572,6,122.0,51.42857142857142,68.57142857142857,4.285714285714286,3.3714285714285714,3.0,6.948571428571429,6.9,800,17.094017094017094,0,7,9
odds_band,10-29.9,ALL_ENTRY_USABLE,2686,FINISH_GE4_TIME_TOP20,70,17,24.285714285714285,7000,7310,104.42857142857143,7,193.14285714285714,24.285714285714285,42.857142857142854,6.869565217391305,6.9,7.0,17.79,17.15,1230,16.82626538987688,1,7,9
odds_band,30-99.9,ALL_ENTRY_USABLE,2686,FINISH_GE4_TIME_TOP20,52,6,11.538461538461538,5200,6330,121.73076923076923,2,211.34615384615384,11.538461538461538,17.307692307692307,9.557692307692308,11.326923076923077,11.0,53.76153846153847,48.0,1810,28.593996840442337,3,4,10
odds_band,>=100,ALL_ENTRY_USABLE,2686,FINISH_GE4_TIME_TOP20,18,0,0.0,1800,0,0.0,0,0.0,0.0,11.11111111111111,9.777777777777779,14.333333333333334,14.5,172.10555555555553,164.2,0,,0,0,7
popularity_band,1-3,ALL_ENTRY_USABLE,2686,FINISH_GE4_TIME_TOP20,39,19,48.717948717948715,3900,5150,132.05128205128204,9,123.58974358974359,48.717948717948715,74.35897435897436,3.8684210526315788,2.282051282051282,2.0,5.215384615384616,5.3,1230,23.883495145631066,1,7,10
popularity_band,4-6,ALL_ENTRY_USABLE,2686,FINISH_GE4_TIME_TOP20,46,15,32.608695652173914,4600,4200,91.30434782608695,3,64.34782608695652,32.608695652173914,52.17391304347826,5.869565217391305,4.934782608695652,5.0,11.752173913043478,11.85,370,8.80952380952381,0,8,9
popularity_band,7-9,ALL_ENTRY_USABLE,2686,FINISH_GE4_TIME_TOP20,45,9,20.0,4500,4170,92.66666666666667,5,247.33333333333334,20.0,37.77777777777778,7.688888888888889,8.044444444444444,8.0,25.935555555555553,22.0,600,14.388489208633093,0,6,9
popularity_band,10+,ALL_ENTRY_USABLE,2686,FINISH_GE4_TIME_TOP20,63,5,7.936507936507937,6300,5870,93.17460317460318,2,174.44444444444446,7.936507936507936,14.285714285714285,9.67741935483871,12.746031746031745,13.0,87.85238095238094,67.7,1810,30.834752981260646,3,4,10
previous_finish_band,4-5,ALL_ENTRY_USABLE,2686,FINISH_GE4_TIME_TOP20,94,27,28.72340425531915,9400,7670,81.59574468085107,10,99.8936170212766,28.723404255319153,50.0,6.602150537634409,6.23404255319149,5.0,21.977659574468085,12.95,1060,13.820078226857888,1,8,10
previous_finish_band,6-9,ALL_ENTRY_USABLE,2686,FINISH_GE4_TIME_TOP20,76,12,15.789473684210526,7600,4330,56.973684210526315,4,116.05263157894737,15.789473684210526,30.263157894736842,7.8933333333333335,8.921052631578947,9.0,55.29210526315788,29.85,1310,30.254041570438797,1,6,10
previous_finish_band,10+,ALL_ENTRY_USABLE,2686,FINISH_GE4_TIME_TOP20,23,9,39.130434782608695,2300,7390,321.30434782608694,5,508.2608695652174,39.130434782608695,39.130434782608695,6.826086956521739,9.434782608695652,9.0,51.204347826086966,32.3,1810,24.49255751014885,2,5,8
signal,ALL,ALL_ENTRY_USABLE,2686,FINISH_GE6_TIME_TOP20,99,21,21.21212121212121,9900,11720,118.38383838383838,9,207.17171717171718,21.21212121212121,32.323232323232325,7.642857142857143,9.04040404040404,9.0,54.34242424242424,30.2,1810,15.443686006825939,3,7,10
odds_band,<5,ALL_ENTRY_USABLE,2686,FINISH_GE6_TIME_TOP20,3,0,0.0,300,0,0.0,0,0.0,0.0,66.66666666666666,4.0,2.0,2.0,4.0,4.0,0,,0,0,3
odds_band,5-9.9,ALL_ENTRY_USABLE,2686,FINISH_GE6_TIME_TOP20,12,7,58.333333333333336,1200,2230,185.83333333333334,3,160.0,58.333333333333336,66.66666666666666,4.166666666666667,3.0833333333333335,3.0,6.858333333333334,6.7,800,35.874439461883405,0,5,6
odds_band,10-29.9,ALL_ENTRY_USABLE,2686,FINISH_GE6_TIME_TOP20,34,10,29.41176470588235,3400,4950,145.58823529411765,4,223.52941176470588,29.411764705882355,50.0,6.147058823529412,7.0,7.0,18.67058823529412,18.4,1230,24.848484848484848,1,7,9
odds_band,30-99.9,ALL_ENTRY_USABLE,2686,FINISH_GE6_TIME_TOP20,35,4,11.428571428571429,3500,4540,129.71428571428572,2,314.0,11.428571428571429,14.285714285714285,9.257142857142858,11.257142857142858,11.0,56.26857142857144,54.5,1810,39.86784140969163,2,3,10
odds_band,>=100,ALL_ENTRY_USABLE,2686,FINISH_GE6_TIME_TOP20,15,0,0.0,1500,0,0.0,0,0.0,0.0,0.0,10.533333333333333,14.666666666666666,15.0,178.76000000000002,164.2,0,,0,0,7
popularity_band,1-3,ALL_ENTRY_USABLE,2686,FINISH_GE6_TIME_TOP20,12,7,58.333333333333336,1200,3110,259.1666666666667,4,253.33333333333334,58.333333333333336,83.33333333333334,2.727272727272727,2.3333333333333335,2.0,6.675000000000001,6.550000000000001,1230,39.549839228295816,1,4,5
popularity_band,4-6,ALL_ENTRY_USABLE,2686,FINISH_GE6_TIME_TOP20,16,4,25.0,1600,1070,66.875,0,0.0,25.0,43.75,6.375,4.9375,5.0,11.8375,11.25,290,27.102803738317757,0,4,8
popularity_band,7-9,ALL_ENTRY_USABLE,2686,FINISH_GE6_TIME_TOP20,30,7,23.333333333333332,3000,3460,115.33333333333333,3,216.0,23.333333333333332,40.0,7.166666666666667,8.2,8.0,27.713333333333335,27.05,600,17.341040462427745,0,6,9
popularity_band,10+,ALL_ENTRY_USABLE,2686,FINISH_GE6_TIME_TOP20,41,3,7.317073170731708,4100,4080,99.51219512195122,2,268.0487804878049,7.317073170731707,7.317073170731707,9.804878048780488,13.21951219512195,13.0,104.36585365853658,80.7,1810,44.36274509803921,2,3,10
previous_finish_band,6-9,ALL_ENTRY_USABLE,2686,FINISH_GE6_TIME_TOP20,76,12,15.789473684210526,7600,4330,56.973684210526315,4,116.05263157894737,15.789473684210526,30.263157894736842,7.8933333333333335,8.921052631578947,9.0,55.29210526315788,29.85,1310,30.254041570438797,1,6,10
previous_finish_band,10+,ALL_ENTRY_USABLE,2686,FINISH_GE6_TIME_TOP20,23,9,39.130434782608695,2300,7390,321.30434782608694,5,508.2608695652174,39.130434782608695,39.130434782608695,6.826086956521739,9.434782608695652,9.0,51.204347826086966,32.3,1810,24.49255751014885,2,5,8
signal,ALL,ALL_ENTRY_USABLE,2686,FRONT_HIGH_TIME_TOP20,73,27,36.986301369863014,7300,7000,95.89041095890411,7,91.78082191780823,36.986301369863014,53.42465753424658,6.388888888888889,4.904109589041096,4.0,14.454794520547946,8.9,1230,17.571428571428573,1,10,10
odds_band,<5,ALL_ENTRY_USABLE,2686,FRONT_HIGH_TIME_TOP20,23,16,69.56521739130434,2300,2540,110.43478260869566,2,23.91304347826087,69.56521739130434,86.95652173913044,3.227272727272727,1.391304347826087,1.0,3.1217391304347823,3.0,220,8.661417322834646,0,7,9
odds_band,5-9.9,ALL_ENTRY_USABLE,2686,FRONT_HIGH_TIME_TOP20,15,4,26.666666666666668,1500,890,59.333333333333336,2,84.66666666666667,26.666666666666668,60.0,6.0,3.3333333333333335,3.0,7.240000000000001,7.4,310,34.831460674157306,0,3,6
odds_band,10-29.9,ALL_ENTRY_USABLE,2686,FRONT_HIGH_TIME_TOP20,28,7,25.0,2800,3570,127.5,3,174.28571428571428,25.0,35.714285714285715,7.642857142857143,7.0,7.0,17.15714285714286,15.9,1230,34.45378151260504,1,6,9
odds_band,30-99.9,ALL_ENTRY_USABLE,2686,FRONT_HIGH_TIME_TOP20,6,0,0.0,600,0,0.0,0,0.0,0.0,0.0,13.0,11.0,11.5,44.15,47.4,0,,0,0,3
odds_band,>=100,ALL_ENTRY_USABLE,2686,FRONT_HIGH_TIME_TOP20,1,0,0.0,100,0,0.0,0,0.0,0.0,0.0,7.0,14.0,14.0,129.5,129.5,0,,0,0,1
popularity_band,1-3,ALL_ENTRY_USABLE,2686,FRONT_HIGH_TIME_TOP20,34,20,58.8235294117647,3400,4410,129.7058823529412,5,86.47058823529412,58.82352941176471,85.29411764705883,3.696969696969697,1.7647058823529411,2.0,4.71470588235294,3.6,1230,27.891156462585034,1,7,9
popularity_band,4-6,ALL_ENTRY_USABLE,2686,FRONT_HIGH_TIME_TOP20,17,5,29.41176470588235,1700,1390,81.76470588235294,1,108.82352941176471,29.411764705882355,35.294117647058826,7.294117647058823,4.9411764705882355,5.0,11.129411764705882,10.4,400,28.776978417266186,0,4,7
popularity_band,7-9,ALL_ENTRY_USABLE,2686,FRONT_HIGH_TIME_TOP20,13,2,15.384615384615385,1300,1200,92.3076923076923,1,146.92307692307693,15.384615384615385,15.384615384615385,9.615384615384615,8.076923076923077,8.0,21.407692307692308,19.1,600,50.0,0,2,6
popularity_band,10+,ALL_ENTRY_USABLE,2686,FRONT_HIGH_TIME_TOP20,9,0,0.0,900,0,0.0,0,0.0,0.0,22.22222222222222,9.88888888888889,12.11111111111111,12.0,47.48888888888889,44.8,0,,0,0,5
previous_finish_band,1-3,ALL_ENTRY_USABLE,2686,FRONT_HIGH_TIME_TOP20,52,23,44.23076923076923,5200,4750,91.34615384615384,5,70.57692307692308,44.230769230769226,63.46153846153846,5.423076923076923,3.9038461538461537,3.0,10.750000000000002,6.65,600,12.631578947368421,0,9,10
previous_finish_band,4-5,ALL_ENTRY_USABLE,2686,FRONT_HIGH_TIME_TOP20,10,1,10.0,1000,250,25.0,0,0.0,10.0,30.0,9.9,7.8,7.0,21.309999999999995,15.85,250,100.0,0,1,5
previous_finish_band,6-9,ALL_ENTRY_USABLE,2686,FRONT_HIGH_TIME_TOP20,7,1,14.285714285714286,700,170,24.285714285714285,1,160.0,14.285714285714285,14.285714285714285,9.0,6.714285714285714,7.0,31.285714285714285,15.3,170,100.0,0,1,6
previous_finish_band,10+,ALL_ENTRY_USABLE,2686,FRONT_HIGH_TIME_TOP20,4,2,50.0,400,1830,457.5,1,477.5,50.0,50.0,6.25,7.5,7.0,16.025,14.9,1230,67.21311475409836,1,2,4
signal,ALL,ALL_ENTRY_USABLE,2686,REAR_HIGH_TIME_TOP20,13,2,15.384615384615385,1300,260,20.0,0,0.0,15.384615384615385,38.46153846153847,7.076923076923077,6.615384615384615,5.0,43.853846153846156,12.1,130,50.0,0,2,9
odds_band,<5,ALL_ENTRY_USABLE,2686,REAR_HIGH_TIME_TOP20,3,1,33.333333333333336,300,130,43.333333333333336,0,0.0,33.33333333333333,66.66666666666666,4.666666666666667,1.0,1.0,3.1999999999999997,3.0,130,100.0,0,1,3
odds_band,5-9.9,ALL_ENTRY_USABLE,2686,REAR_HIGH_TIME_TOP20,1,1,100.0,100,130,130.0,0,0.0,100.0,100.0,3.0,2.0,2.0,5.6,5.6,130,100.0,0,1,1
odds_band,10-29.9,ALL_ENTRY_USABLE,2686,REAR_HIGH_TIME_TOP20,4,0,0.0,400,0,0.0,0,0.0,0.0,50.0,6.25,5.0,5.0,12.375,12.05,0,,0,0,4
odds_band,30-99.9,ALL_ENTRY_USABLE,2686,REAR_HIGH_TIME_TOP20,3,0,0.0,300,0,0.0,0,0.0,0.0,0.0,9.333333333333334,11.666666666666666,12.0,56.300000000000004,56.5,0,,0,0,3
odds_band,>=100,ALL_ENTRY_USABLE,2686,REAR_HIGH_TIME_TOP20,2,0,0.0,200,0,0.0,0,0.0,0.0,0.0,11.0,13.0,13.0,168.25,168.25,0,,0,0,2
popularity_band,1-3,ALL_ENTRY_USABLE,2686,REAR_HIGH_TIME_TOP20,4,2,50.0,400,260,65.0,0,0.0,50.0,75.0,4.25,1.25,1.0,3.8,3.8,130,50.0,0,2,4
popularity_band,4-6,ALL_ENTRY_USABLE,2686,REAR_HIGH_TIME_TOP20,4,0,0.0,400,0,0.0,0,0.0,0.0,50.0,6.25,5.0,5.0,12.375,12.05,0,,0,0,4
popularity_band,7-9,ALL_ENTRY_USABLE,2686,REAR_HIGH_TIME_TOP20,1,0,0.0,100,0,0.0,0,0.0,0.0,0.0,8.0,8.0,8.0,32.5,32.5,0,,0,0,1
popularity_band,10+,ALL_ENTRY_USABLE,2686,REAR_HIGH_TIME_TOP20,4,0,0.0,400,0,0.0,0,0.0,0.0,0.0,10.5,13.25,13.0,118.225,122.05,0,,0,0,4
previous_finish_band,1-3,ALL_ENTRY_USABLE,2686,REAR_HIGH_TIME_TOP20,3,2,66.66666666666667,300,260,86.66666666666667,0,0.0,66.66666666666666,100.0,3.3333333333333335,1.3333333333333333,1.0,3.533333333333333,3.0,130,50.0,0,2,3
previous_finish_band,4-5,ALL_ENTRY_USABLE,2686,REAR_HIGH_TIME_TOP20,5,0,0.0,500,0,0.0,0,0.0,0.0,20.0,7.2,4.6,5.0,14.36,12.0,0,,0,0,5
previous_finish_band,6-9,ALL_ENTRY_USABLE,2686,REAR_HIGH_TIME_TOP20,3,0,0.0,300,0,0.0,0,0.0,0.0,33.33333333333333,8.0,11.666666666666666,14.0,89.0,79.9,0,,0,0,2
previous_finish_band,10+,ALL_ENTRY_USABLE,2686,REAR_HIGH_TIME_TOP20,2,0,0.0,200,0,0.0,0,0.0,0.0,0.0,11.0,12.0,12.0,110.35,110.35,0,,0,0,2
signal,ALL,ALL_ENTRY_USABLE,2686,front_pace_opposition_raw_TOP20,380,106,27.894736842105264,38000,33430,87.97368421052632,29,53.973684210526315,28.421052631578945,43.42105263157895,7.174142480211081,6.3052631578947365,5.0,31.321842105263155,12.8,4820,14.41818725695483,5,10,10
odds_band,<5,ALL_ENTRY_USABLE,2686,front_pace_opposition_raw_TOP20,78,48,61.53846153846154,7800,7110,91.15384615384616,15,53.58974358974359,62.82051282051282,79.48717948717949,4.090909090909091,1.5384615384615385,1.0,3.2256410256410257,3.2,240,3.3755274261603376,0,10,10
odds_band,5-9.9,ALL_ENTRY_USABLE,2686,front_pace_opposition_raw_TOP20,75,26,34.666666666666664,7500,6240,83.2,7,61.86666666666667,36.0,57.333333333333336,5.88,3.52,4.0,7.410666666666668,7.4,1030,16.506410256410255,1,7,10
odds_band,10-29.9,ALL_ENTRY_USABLE,2686,front_pace_opposition_raw_TOP20,126,28,22.22222222222222,12600,12600,100.0,7,92.77777777777777,22.22222222222222,37.301587301587304,7.301587301587301,6.753968253968254,6.0,16.96507936507937,15.350000000000001,1230,9.761904761904763,1,9,10
odds_band,30-99.9,ALL_ENTRY_USABLE,2686,front_pace_opposition_raw_TOP20,71,2,2.816901408450704,7100,1600,22.535211267605632,0,0.0,2.8169014084507045,14.084507042253522,10.112676056338028,10.549295774647888,10.0,50.73802816901409,45.9,1120,70.0,1,2,10
odds_band,>=100,ALL_ENTRY_USABLE,2686,front_pace_opposition_raw_TOP20,30,2,6.666666666666667,3000,5880,196.0,0,0.0,6.666666666666667,10.0,10.833333333333334,13.733333333333333,14.0,178.4966666666667,153.2,4820,81.97278911564626,2,2,9
popularity_band,1-3,ALL_ENTRY_USABLE,2686,front_pace_opposition_raw_TOP20,117,66,56.41025641025641,11700,11570,98.88888888888889,21,72.82051282051282,58.119658119658126,76.92307692307693,4.439655172413793,1.9230769230769231,2.0,4.573504273504274,3.8,1230,10.630942091616248,1,10,10
popularity_band,4-6,ALL_ENTRY_USABLE,2686,front_pace_opposition_raw_TOP20,105,26,24.761904761904763,10500,8290,78.95238095238095,5,54.095238095238095,24.761904761904763,40.95238095238095,6.809523809523809,4.866666666666666,5.0,11.834285714285716,10.8,1030,12.424607961399277,1,8,10
popularity_band,7-9,ALL_ENTRY_USABLE,2686,front_pace_opposition_raw_TOP20,67,10,14.925373134328359,6700,6080,90.74626865671642,3,94.17910447761194,14.925373134328357,26.865671641791046,8.208955223880597,8.08955223880597,8.0,27.183582089552242,23.3,850,13.980263157894736,0,7,10
popularity_band,10+,ALL_ENTRY_USABLE,2686,front_pace_opposition_raw_TOP20,91,4,4.395604395604396,9100,7490,82.3076923076923,0,0.0,4.395604395604396,15.384615384615385,10.31868131868132,12.285714285714286,12.0,91.24505494505493,63.4,4820,64.35246995994659,3,3,10
previous_finish_band,1-3,ALL_ENTRY_USABLE,2686,front_pace_opposition_raw_TOP20,157,66,42.038216560509554,15700,15860,101.01910828025478,23,95.09554140127389,42.675159235668794,58.59872611464968,5.796178343949045,4.43312101910828,4.0,12.826114649681527,7.4,1060,6.683480453972257,2,10,10
previous_finish_band,4-5,ALL_ENTRY_USABLE,2686,front_pace_opposition_raw_TOP20,65,12,18.46153846153846,6500,2950,45.38461538461539,1,7.230769230769231,18.461538461538463,44.61538461538462,7.507692307692308,5.923076923076923,5.0,22.52153846153846,11.6,750,25.423728813559322,0,6,10
previous_finish_band,6-9,ALL_ENTRY_USABLE,2686,front_pace_opposition_raw_TOP20,80,12,15.0,8000,3190,39.875,1,14.0,15.0,26.25,8.240506329113924,7.7375,7.0,45.48125,19.35,560,17.55485893416928,0,7,9
previous_finish_band,10+,ALL_ENTRY_USABLE,2686,front_pace_opposition_raw_TOP20,78,16,20.512820512820515,7800,11430,146.53846153846155,4,51.15384615384615,21.794871794871796,29.48717948717949,8.58974358974359,8.923076923076923,9.0,61.36153846153847,29.85,4820,42.16972878390201,3,7,10
signal,ALL,ALL_ENTRY_USABLE,2686,rear_pace_opposition_raw_TOP20,363,61,16.804407713498623,36300,25770,70.99173553719008,23,88.78787878787878,17.63085399449036,30.57851239669421,7.892265193370166,8.771349862258953,9.0,83.72148760330577,42.1,3110,12.068296468762126,5,10,10
odds_band,<5,ALL_ENTRY_USABLE,2686,rear_pace_opposition_raw_TOP20,27,16,59.25925925925926,2700,2170,80.37037037037037,5,51.111111111111114,59.25925925925925,85.18518518518519,3.4444444444444446,1.7037037037037037,2.0,3.4333333333333336,3.6,160,7.373271889400922,0,8,9
odds_band,5-9.9,ALL_ENTRY_USABLE,2686,rear_pace_opposition_raw_TOP20,43,18,41.86046511627907,4300,4300,100.0,7,110.23255813953489,44.18604651162791,58.139534883720934,5.093023255813954,3.511627906976744,4.0,7.544186046511627,7.4,530,12.325581395348838,0,8,10
odds_band,10-29.9,ALL_ENTRY_USABLE,2686,rear_pace_opposition_raw_TOP20,85,18,21.176470588235293,8500,7090,83.41176470588235,8,152.58823529411765,22.35294117647059,43.529411764705884,5.964285714285714,6.6,6.0,18.512941176470594,18.1,670,9.449929478138223,0,9,10
odds_band,30-99.9,ALL_ENTRY_USABLE,2686,rear_pace_opposition_raw_TOP20,98,6,6.122448979591836,9800,4880,49.795918367346935,3,134.08163265306123,7.142857142857142,18.367346938775512,9.285714285714286,10.448979591836734,10.5,57.0469387755102,53.85,1090,22.33606557377049,2,6,10
odds_band,>=100,ALL_ENTRY_USABLE,2686,rear_pace_opposition_raw_TOP20,110,3,2.727272727272727,11000,7330,66.63636363636364,0,0.0,2.727272727272727,7.2727272727272725,10.309090909090909,12.745454545454546,13.0,207.36000000000004,177.2,3110,42.42837653478854,3,3,10
popularity_band,1-3,ALL_ENTRY_USABLE,2686,rear_pace_opposition_raw_TOP20,49,25,51.02040816326531,4900,4310,87.95918367346938,9,91.42857142857143,51.02040816326531,73.46938775510205,4.0,2.183673469387755,2.0,5.144897959183673,4.8,580,13.45707656612529,0,8,10
popularity_band,4-6,ALL_ENTRY_USABLE,2686,rear_pace_opposition_raw_TOP20,69,18,26.08695652173913,6900,4980,72.17391304347827,6,78.40579710144928,30.434782608695656,47.82608695652174,5.913043478260869,5.028985507246377,5.0,15.282608695652174,12.6,530,10.642570281124499,0,9,10
popularity_band,7-9,ALL_ENTRY_USABLE,2686,rear_pace_opposition_raw_TOP20,70,11,15.714285714285714,7000,8520,121.71428571428571,5,158.57142857142858,15.714285714285714,34.285714285714285,6.771428571428571,8.014285714285714,8.0,46.03999999999999,28.8,3110,36.502347417840376,2,6,10
popularity_band,10+,ALL_ENTRY_USABLE,2686,rear_pace_opposition_raw_TOP20,175,7,4.0,17500,7960,45.48571428571429,3,64.22857142857143,4.0,10.285714285714285,10.224137931034482,12.394285714285715,12.0,147.78,120.3,2830,35.552763819095475,3,6,10
previous_finish_band,1-3,ALL_ENTRY_USABLE,2686,rear_pace_opposition_raw_TOP20,34,19,55.88235294117647,3400,4090,120.29411764705883,7,127.05882352941177,55.88235294117647,70.58823529411765,4.205882352941177,3.4705882352941178,3.0,8.811764705882354,6.35,530,12.95843520782396,0,8,10
previous_finish_band,4-5,ALL_ENTRY_USABLE,2686,rear_pace_opposition_raw_TOP20,55,7,12.727272727272727,5500,1810,32.90909090909091,3,67.27272727272727,16.363636363636363,41.81818181818181,6.290909090909091,6.2,6.0,34.1,19.1,410,22.65193370165746,0,6,10
previous_finish_band,6-9,ALL_ENTRY_USABLE,2686,rear_pace_opposition_raw_TOP20,131,23,17.557251908396946,13100,9310,71.06870229007633,9,153.81679389312978,17.557251908396946,32.06106870229007,7.564885496183206,8.603053435114504,9.0,65.98091603053436,37.5,1390,14.93018259935553,2,10,10
previous_finish_band,10+,ALL_ENTRY_USABLE,2686,rear_pace_opposition_raw_TOP20,143,12,8.391608391608392,14300,10560,73.84615384615384,4,28.39160839160839,9.090909090909092,15.384615384615385,9.69718309859155,11.174825174825175,12.0,136.8692307692308,107.3,3110,29.450757575757574,3,7,10
signal,ALL,ALL_ENTRY_USABLE,2686,TIME_TOP10,266,98,36.8421052631579,26600,19810,74.47368421052632,39,78.60902255639098,37.59398496240601,53.00751879699248,6.173584905660378,4.7894736842105265,4.0,18.355639097744362,7.800000000000001,1060,5.350832912670368,1,10,10
odds_band,<5,ALL_ENTRY_USABLE,2686,TIME_TOP10,98,63,64.28571428571429,9800,9110,92.95918367346938,29,75.3061224489796,64.28571428571429,77.55102040816327,4.030612244897959,1.4795918367346939,1.0,3.105102040816327,3.0,270,2.96377607025247,0,10,10
odds_band,5-9.9,ALL_ENTRY_USABLE,2686,TIME_TOP10,59,19,32.20338983050848,5900,4400,74.57627118644068,5,57.45762711864407,35.59322033898305,54.23728813559322,5.88135593220339,3.6440677966101696,4.0,7.372881355932203,7.3,320,7.2727272727272725,0,10,10
odds_band,10-29.9,ALL_ENTRY_USABLE,2686,TIME_TOP10,74,15,20.27027027027027,7400,5240,70.8108108108108,5,137.02702702702703,20.27027027027027,37.83783783783784,7.383561643835616,6.72972972972973,6.5,16.813513513513513,15.55,600,11.450381679389313,0,9,10
odds_band,30-99.9,ALL_ENTRY_USABLE,2686,TIME_TOP10,25,0,0.0,2500,0,0.0,0,0.0,0.0,12.0,10.56,11.16,11.0,47.62,47.2,0,,0,0,8
odds_band,>=100,ALL_ENTRY_USABLE,2686,TIME_TOP10,10,1,10.0,1000,1060,106.0,0,0.0,10.0,20.0,9.1,13.7,13.0,170.85999999999999,164.2,1060,100.0,1,1,5
popularity_band,1-3,ALL_ENTRY_USABLE,2686,TIME_TOP10,127,71,55.90551181102362,12700,10920,85.98425196850394,33,83.14960629921259,57.48031496062992,70.07874015748031,4.590551181102362,1.7559055118110236,2.0,4.007086614173228,3.6,320,2.93040293040293,0,10,10
popularity_band,4-6,ALL_ENTRY_USABLE,2686,TIME_TOP10,67,20,29.850746268656717,6700,5030,75.07462686567165,3,47.46268656716418,29.850746268656714,53.73134328358209,6.17910447761194,4.865671641791045,5.0,10.811940298507462,10.4,400,7.952286282306163,0,10,10
popularity_band,7-9,ALL_ENTRY_USABLE,2686,TIME_TOP10,36,6,16.666666666666668,3600,2800,77.77777777777777,3,199.16666666666666,16.666666666666664,30.555555555555557,8.416666666666666,7.861111111111111,8.0,21.783333333333328,18.95,600,21.428571428571427,0,4,9
popularity_band,10+,ALL_ENTRY_USABLE,2686,TIME_TOP10,36,1,2.7777777777777777,3600,1060,29.444444444444443,0,0.0,2.7777777777777777,13.88888888888889,9.6,12.277777777777779,12.0,79.58611111111112,51.7,1060,100.0,1,1,8
previous_finish_band,1-3,ALL_ENTRY_USABLE,2686,TIME_TOP10,190,82,43.1578947368421,19000,15550,81.84210526315789,30,56.31578947368421,44.21052631578947,60.526315789473685,5.594736842105263,3.5736842105263156,3.0,9.356842105263159,5.9,1060,6.816720257234727,1,10,10
previous_finish_band,4-5,ALL_ENTRY_USABLE,2686,TIME_TOP10,38,10,26.31578947368421,3800,2260,59.473684210526315,6,118.94736842105263,26.31578947368421,42.10526315789473,6.945945945945946,5.815789473684211,5.0,18.618421052631575,12.6,350,15.486725663716815,0,6,10
previous_finish_band,6-9,ALL_ENTRY_USABLE,2686,TIME_TOP10,30,4,13.333333333333334,3000,960,32.0,1,37.333333333333336,13.333333333333334,26.666666666666668,8.3,9.266666666666667,8.5,57.17333333333334,27.85,290,30.208333333333332,0,4,8
previous_finish_band,10+,ALL_ENTRY_USABLE,2686,TIME_TOP10,8,2,25.0,800,1040,130.0,2,571.25,25.0,25.0,8.375,12.0,12.5,85.26249999999999,46.6,530,50.96153846153846,0,2,5
signal,ALL,ALL_ENTRY_USABLE,2686,FINISH_GE4_TIME_TOP10,76,16,21.05263157894737,7600,4260,56.05263157894737,9,134.3421052631579,21.052631578947366,34.21052631578947,7.64,7.828947368421052,7.5,40.85263157894737,18.549999999999997,530,12.44131455399061,0,8,10
odds_band,<5,ALL_ENTRY_USABLE,2686,FINISH_GE4_TIME_TOP10,10,5,50.0,1000,760,76.0,4,112.0,50.0,70.0,4.1,1.8,2.0,3.38,3.55,190,25.0,0,5,5
odds_band,5-9.9,ALL_ENTRY_USABLE,2686,FINISH_GE4_TIME_TOP10,9,3,33.333333333333336,900,790,87.77777777777777,1,88.88888888888889,33.33333333333333,33.33333333333333,6.222222222222222,3.5555555555555554,4.0,7.377777777777778,7.3,300,37.9746835443038,0,3,6
odds_band,10-29.9,ALL_ENTRY_USABLE,2686,FINISH_GE4_TIME_TOP10,32,8,25.0,3200,2710,84.6875,4,259.0625,25.0,43.75,7.0,7.15625,7.0,18.565625,17.15,530,19.55719557195572,0,5,8
odds_band,30-99.9,ALL_ENTRY_USABLE,2686,FINISH_GE4_TIME_TOP10,16,0,0.0,1600,0,0.0,0,0.0,0.0,6.25,10.6875,11.875,12.0,50.97500000000001,48.6,0,,0,0,6
odds_band,>=100,ALL_ENTRY_USABLE,2686,FINISH_GE4_TIME_TOP10,9,0,0.0,900,0,0.0,0,0.0,0.0,11.11111111111111,9.777777777777779,14.0,13.0,177.2111111111111,164.2,0,,0,0,5
popularity_band,1-3,ALL_ENTRY_USABLE,2686,FINISH_GE4_TIME_TOP10,15,6,40.0,1500,930,62.0,5,149.33333333333334,40.0,53.333333333333336,4.666666666666667,2.066666666666667,2.0,4.673333333333333,4.4,190,20.43010752688172,0,5,7
popularity_band,4-6,ALL_ENTRY_USABLE,2686,FINISH_GE4_TIME_TOP10,16,7,43.75,1600,1990,124.375,1,50.0,43.75,56.25,5.75,4.875,5.0,11.5125,11.2,350,17.587939698492463,0,4,8
popularity_band,7-9,ALL_ENTRY_USABLE,2686,FINISH_GE4_TIME_TOP10,19,3,15.789473684210526,1900,1340,70.52631578947368,3,377.36842105263156,15.789473684210526,31.57894736842105,8.736842105263158,7.894736842105263,8.0,23.357894736842102,20.4,530,39.55223880597015,0,2,6
popularity_band,10+,ALL_ENTRY_USABLE,2686,FINISH_GE4_TIME_TOP10,26,0,0.0,2600,0,0.0,0,0.0,0.0,11.538461538461538,9.8,12.923076923076923,13.0,92.5653846153846,68.25,0,,0,0,7
previous_finish_band,4-5,ALL_ENTRY_USABLE,2686,FINISH_GE4_TIME_TOP10,38,10,26.31578947368421,3800,2260,59.473684210526315,6,118.94736842105263,26.31578947368421,42.10526315789473,6.945945945945946,5.815789473684211,5.0,18.618421052631575,12.6,350,15.486725663716815,0,6,10
previous_finish_band,6-9,ALL_ENTRY_USABLE,2686,FINISH_GE4_TIME_TOP10,30,4,13.333333333333334,3000,960,32.0,1,37.333333333333336,13.333333333333334,26.666666666666668,8.3,9.266666666666667,8.5,57.17333333333334,27.85,290,30.208333333333332,0,4,8
previous_finish_band,10+,ALL_ENTRY_USABLE,2686,FINISH_GE4_TIME_TOP10,8,2,25.0,800,1040,130.0,2,571.25,25.0,25.0,8.375,12.0,12.5,85.26249999999999,46.6,530,50.96153846153846,0,2,5
signal,ALL,ALL_ENTRY_USABLE,2686,FINISH_GE6_TIME_TOP10,38,6,15.789473684210526,3800,2000,52.63157894736842,3,149.73684210526315,15.789473684210526,26.31578947368421,8.31578947368421,9.842105263157896,9.0,63.08684210526315,29.2,530,26.5,0,5,8
odds_band,5-9.9,ALL_ENTRY_USABLE,2686,FINISH_GE6_TIME_TOP10,3,1,33.333333333333336,300,240,80.0,0,0.0,33.33333333333333,33.33333333333333,7.333333333333333,3.3333333333333335,4.0,7.566666666666666,7.0,240,100.0,0,1,3
odds_band,10-29.9,ALL_ENTRY_USABLE,2686,FINISH_GE6_TIME_TOP10,16,5,31.25,1600,1760,110.0,3,355.625,31.25,56.25,6.25,7.125,7.5,19.1375,18.549999999999997,530,30.113636363636363,0,4,8
odds_band,30-99.9,ALL_ENTRY_USABLE,2686,FINISH_GE6_TIME_TOP10,11,0,0.0,1100,0,0.0,0,0.0,0.0,0.0,10.090909090909092,12.272727272727273,12.0,54.30909090909092,56.5,0,,0,0,6
odds_band,>=100,ALL_ENTRY_USABLE,2686,FINISH_GE6_TIME_TOP10,8,0,0.0,800,0,0.0,0,0.0,0.0,0.0,10.375,14.375,14.0,183.875,172.75,0,,0,0,5
popularity_band,1-3,ALL_ENTRY_USABLE,2686,FINISH_GE6_TIME_TOP10,2,1,50.0,200,170,85.0,1,560.0,50.0,50.0,4.0,2.0,2.0,9.1,9.1,170,100.0,0,1,1
popularity_band,4-6,ALL_ENTRY_USABLE,2686,FINISH_GE6_TIME_TOP10,6,3,50.0,600,790,131.66666666666666,0,0.0,50.0,66.66666666666666,5.333333333333333,4.833333333333333,5.0,11.15,10.65,290,36.70886075949367,0,3,6
popularity_band,7-9,ALL_ENTRY_USABLE,2686,FINISH_GE6_TIME_TOP10,12,2,16.666666666666668,1200,1040,86.66666666666667,2,380.8333333333333,16.666666666666664,41.66666666666667,7.916666666666667,8.0,8.0,23.40833333333333,23.95,530,50.96153846153846,0,2,6
popularity_band,10+,ALL_ENTRY_USABLE,2686,FINISH_GE6_TIME_TOP10,18,0,0.0,1800,0,0.0,0,0.0,0.0,0.0,10.055555555555555,13.61111111111111,13.0,112.85000000000001,81.2,0,,0,0,7
previous_finish_band,6-9,ALL_ENTRY_USABLE,2686,FINISH_GE6_TIME_TOP10,30,4,13.333333333333334,3000,960,32.0,1,37.333333333333336,13.333333333333334,26.666666666666668,8.3,9.266666666666667,8.5,57.17333333333334,27.85,290,30.208333333333332,0,4,8
previous_finish_band,10+,ALL_ENTRY_USABLE,2686,FINISH_GE6_TIME_TOP10,8,2,25.0,800,1040,130.0,2,571.25,25.0,25.0,8.375,12.0,12.5,85.26249999999999,46.6,530,50.96153846153846,0,2,5
signal,ALL,ALL_ENTRY_USABLE,2686,FRONT_HIGH_TIME_TOP10,41,15,36.58536585365854,4100,3510,85.60975609756098,3,90.73170731707317,36.58536585365854,53.65853658536586,6.804878048780488,5.073170731707317,4.0,14.397560975609757,10.4,600,17.094017094017094,0,8,9
odds_band,<5,ALL_ENTRY_USABLE,2686,FRONT_HIGH_TIME_TOP10,14,9,64.28571428571429,1400,1530,109.28571428571429,0,0.0,64.28571428571429,92.85714285714286,3.642857142857143,1.5,1.0,3.3142857142857145,3.1,220,14.379084967320262,0,5,7
odds_band,5-9.9,ALL_ENTRY_USABLE,2686,FRONT_HIGH_TIME_TOP10,6,2,33.333333333333336,600,560,93.33333333333333,1,125.0,33.33333333333333,66.66666666666666,6.666666666666667,3.3333333333333335,3.5,7.766666666666668,7.9,310,55.357142857142854,0,2,5
odds_band,10-29.9,ALL_ENTRY_USABLE,2686,FRONT_HIGH_TIME_TOP10,16,4,25.0,1600,1420,88.75,2,185.625,25.0,31.25,7.6875,7.1875,7.0,17.325,15.950000000000001,600,42.25352112676056,0,4,8
odds_band,30-99.9,ALL_ENTRY_USABLE,2686,FRONT_HIGH_TIME_TOP10,5,0,0.0,500,0,0.0,0,0.0,0.0,0.0,13.0,10.4,11.0,44.019999999999996,50.0,0,,0,0,2
popularity_band,1-3,ALL_ENTRY_USABLE,2686,FRONT_HIGH_TIME_TOP10,18,11,61.111111111111114,1800,2010,111.66666666666667,2,103.88888888888889,61.111111111111114,88.88888888888889,4.055555555555555,1.7222222222222223,2.0,4.405555555555556,3.4000000000000004,310,15.422885572139304,0,6,8
popularity_band,4-6,ALL_ENTRY_USABLE,2686,FRONT_HIGH_TIME_TOP10,9,3,33.333333333333336,900,900,100.0,1,205.55555555555554,33.33333333333333,44.44444444444444,7.111111111111111,4.777777777777778,5.0,12.133333333333333,11.4,400,44.44444444444444,0,3,6
popularity_band,7-9,ALL_ENTRY_USABLE,2686,FRONT_HIGH_TIME_TOP10,9,1,11.11111111111111,900,600,66.66666666666667,0,0.0,11.11111111111111,11.11111111111111,9.777777777777779,8.11111111111111,8.0,21.188888888888886,19.0,600,100.0,0,1,5
popularity_band,10+,ALL_ENTRY_USABLE,2686,FRONT_HIGH_TIME_TOP10,5,0,0.0,500,0,0.0,0,0.0,0.0,20.0,10.8,12.2,12.0,42.22,50.0,0,,0,0,3
previous_finish_band,1-3,ALL_ENTRY_USABLE,2686,FRONT_HIGH_TIME_TOP10,30,13,43.333333333333336,3000,3090,103.0,2,86.66666666666667,43.333333333333336,60.0,6.066666666666666,4.3,3.0,12.48333333333333,7.45,600,19.41747572815534,0,8,9
previous_finish_band,4-5,ALL_ENTRY_USABLE,2686,FRONT_HIGH_TIME_TOP10,5,1,20.0,500,250,50.0,0,0.0,20.0,60.0,7.4,7.0,5.0,21.119999999999997,15.2,250,100.0,0,1,4
previous_finish_band,6-9,ALL_ENTRY_USABLE,2686,FRONT_HIGH_TIME_TOP10,5,1,20.0,500,170,34.0,1,224.0,20.0,20.0,9.4,6.2,7.0,17.18,15.3,170,100.0,0,1,4
previous_finish_band,10+,ALL_ENTRY_USABLE,2686,FRONT_HIGH_TIME_TOP10,1,0,0.0,100,0,0.0,0,0.0,0.0,0.0,13.0,13.0,13.0,24.3,24.3,0,,0,0,1
signal,ALL,ALL_ENTRY_USABLE,2686,REAR_HIGH_TIME_TOP10,7,1,14.285714285714286,700,130,18.571428571428573,0,0.0,14.285714285714285,28.57142857142857,7.0,6.571428571428571,4.0,46.04285714285714,12.1,130,100.0,0,1,7
odds_band,<5,ALL_ENTRY_USABLE,2686,REAR_HIGH_TIME_TOP10,3,1,33.333333333333336,300,130,43.333333333333336,0,0.0,33.33333333333333,66.66666666666666,4.666666666666667,1.0,1.0,3.1999999999999997,3.0,130,100.0,0,1,3
odds_band,10-29.9,ALL_ENTRY_USABLE,2686,REAR_HIGH_TIME_TOP10,1,0,0.0,100,0,0.0,0,0.0,0.0,0.0,7.0,4.0,4.0,12.1,12.1,0,,0,0,1
odds_band,30-99.9,ALL_ENTRY_USABLE,2686,REAR_HIGH_TIME_TOP10,2,0,0.0,200,0,0.0,0,0.0,0.0,0.0,10.0,13.5,13.5,68.2,68.2,0,,0,0,2
odds_band,>=100,ALL_ENTRY_USABLE,2686,REAR_HIGH_TIME_TOP10,1,0,0.0,100,0,0.0,0,0.0,0.0,0.0,8.0,12.0,12.0,164.2,164.2,0,,0,0,1
popularity_band,1-3,ALL_ENTRY_USABLE,2686,REAR_HIGH_TIME_TOP10,3,1,33.333333333333336,300,130,43.333333333333336,0,0.0,33.33333333333333,66.66666666666666,4.666666666666667,1.0,1.0,3.1999999999999997,3.0,130,100.0,0,1,3
popularity_band,4-6,ALL_ENTRY_USABLE,2686,REAR_HIGH_TIME_TOP10,1,0,0.0,100,0,0.0,0,0.0,0.0,0.0,7.0,4.0,4.0,12.1,12.1,0,,0,0,1
popularity_band,10+,ALL_ENTRY_USABLE,2686,REAR_HIGH_TIME_TOP10,3,0,0.0,300,0,0.0,0,0.0,0.0,0.0,9.333333333333334,13.0,12.0,100.2,79.9,0,,0,0,3
previous_finish_band,1-3,ALL_ENTRY_USABLE,2686,REAR_HIGH_TIME_TOP10,2,1,50.0,200,130,65.0,0,0.0,50.0,100.0,3.5,1.0,1.0,2.5,2.5,130,100.0,0,1,2
previous_finish_band,4-5,ALL_ENTRY_USABLE,2686,REAR_HIGH_TIME_TOP10,2,0,0.0,200,0,0.0,0,0.0,0.0,0.0,7.0,2.5,2.5,8.35,8.35,0,,0,0,2
previous_finish_band,6-9,ALL_ENTRY_USABLE,2686,REAR_HIGH_TIME_TOP10,1,0,0.0,100,0,0.0,0,0.0,0.0,0.0,6.0,15.0,15.0,79.9,79.9,0,,0,0,1
previous_finish_band,10+,ALL_ENTRY_USABLE,2686,REAR_HIGH_TIME_TOP10,2,0,0.0,200,0,0.0,0,0.0,0.0,0.0,11.0,12.0,12.0,110.35,110.35,0,,0,0,2
signal,ALL,ALL_ENTRY_USABLE,2686,front_pace_opposition_raw_TOP10,192,45,23.4375,19200,16520,86.04166666666667,14,57.447916666666664,23.4375,37.5,7.7434554973821985,6.604166666666667,6.0,33.21927083333333,13.95,4820,29.17675544794189,2,10,10
odds_band,<5,ALL_ENTRY_USABLE,2686,front_pace_opposition_raw_TOP10,35,23,65.71428571428571,3500,3630,103.71428571428571,7,60.57142857142857,65.71428571428571,82.85714285714286,3.823529411764706,1.542857142857143,1.0,3.3314285714285714,3.3,240,6.6115702479338845,0,9,10
odds_band,5-9.9,ALL_ENTRY_USABLE,2686,front_pace_opposition_raw_TOP10,42,9,21.428571428571427,4200,1920,45.714285714285715,3,46.19047619047619,21.428571428571427,47.61904761904761,6.880952380952381,3.5,4.0,7.4523809523809526,7.25,450,23.4375,0,5,10
odds_band,10-29.9,ALL_ENTRY_USABLE,2686,front_pace_opposition_raw_TOP10,60,10,16.666666666666668,6000,4550,75.83333333333333,4,116.16666666666667,16.666666666666664,26.666666666666668,8.016666666666667,6.833333333333333,7.0,16.87333333333333,15.3,850,18.681318681318682,0,7,10
odds_band,30-99.9,ALL_ENTRY_USABLE,2686,front_pace_opposition_raw_TOP10,37,2,5.405405405405405,3700,1600,43.24324324324324,0,0.0,5.405405405405405,16.216216216216218,10.45945945945946,10.972972972972974,11.0,50.218918918918924,45.9,1120,70.0,1,2,8
odds_band,>=100,ALL_ENTRY_USABLE,2686,front_pace_opposition_raw_TOP10,18,1,5.555555555555555,1800,4820,267.77777777777777,0,0.0,5.555555555555555,5.555555555555555,10.666666666666666,13.944444444444445,14.0,170.99999999999997,153.2,4820,100.0,1,1,7
popularity_band,1-3,ALL_ENTRY_USABLE,2686,front_pace_opposition_raw_TOP10,58,30,51.724137931034484,5800,4910,84.65517241379311,10,77.75862068965517,51.724137931034484,75.86206896551724,4.684210526315789,1.9827586206896552,2.0,4.9655172413793105,4.3,310,6.313645621181263,0,9,10
popularity_band,4-6,ALL_ENTRY_USABLE,2686,front_pace_opposition_raw_TOP10,48,7,14.583333333333334,4800,2220,46.25,2,52.5,14.583333333333334,31.25,7.875,4.916666666666667,5.0,11.047916666666667,11.05,450,20.27027027027027,0,5,10
popularity_band,7-9,ALL_ENTRY_USABLE,2686,front_pace_opposition_raw_TOP10,35,5,14.285714285714286,3500,2960,84.57142857142857,2,114.28571428571429,14.285714285714285,20.0,8.714285714285714,8.085714285714285,8.0,24.482857142857142,19.6,850,28.716216216216218,0,5,10
popularity_band,10+,ALL_ENTRY_USABLE,2686,front_pace_opposition_raw_TOP10,51,3,5.882352941176471,5100,6430,126.07843137254902,0,0.0,5.88235294117647,11.76470588235294,10.372549019607844,12.431372549019608,12.0,92.21372549019608,67.6,4820,74.96111975116641,2,2,10
previous_finish_band,1-3,ALL_ENTRY_USABLE,2686,front_pace_opposition_raw_TOP10,72,26,36.111111111111114,7200,6240,86.66666666666667,9,95.13888888888889,36.11111111111111,52.77777777777778,6.069444444444445,4.694444444444445,4.0,13.600000000000001,7.4,850,13.621794871794872,0,10,10
previous_finish_band,4-5,ALL_ENTRY_USABLE,2686,front_pace_opposition_raw_TOP10,33,5,15.151515151515152,3300,770,23.333333333333332,1,14.242424242424242,15.151515151515152,33.33333333333333,8.272727272727273,6.090909090909091,6.0,25.009090909090908,13.3,220,28.571428571428573,0,4,8
previous_finish_band,6-9,ALL_ENTRY_USABLE,2686,front_pace_opposition_raw_TOP10,43,4,9.30232558139535,4300,610,14.186046511627907,1,26.046511627906977,9.30232558139535,18.6046511627907,9.428571428571429,7.6976744186046515,7.0,43.33255813953488,16.7,180,29.508196721311474,0,3,9
previous_finish_band,10+,ALL_ENTRY_USABLE,2686,front_pace_opposition_raw_TOP10,44,10,22.727272727272727,4400,8900,202.27272727272728,3,58.86363636363637,22.727272727272727,34.090909090909086,8.477272727272727,9.045454545454545,9.5,61.59772727272727,34.3,4820,54.157303370786515,2,6,10
signal,ALL,ALL_ENTRY_USABLE,2686,rear_pace_opposition_raw_TOP10,177,30,16.949152542372882,17700,13280,75.02824858757062,13,110.73446327683615,17.51412429378531,28.24858757062147,7.7740112994350286,8.740112994350282,9.0,86.56723163841806,47.4,3110,23.41867469879518,3,10,10
odds_band,<5,ALL_ENTRY_USABLE,2686,rear_pace_opposition_raw_TOP10,16,11,68.75,1600,1500,93.75,4,78.125,68.75,87.5,3.1875,1.75,2.0,3.4375,3.6500000000000004,160,10.666666666666666,0,6,8
odds_band,5-9.9,ALL_ENTRY_USABLE,2686,rear_pace_opposition_raw_TOP10,17,5,29.41176470588235,1700,1560,91.76470588235294,4,161.1764705882353,29.411764705882355,58.82352941176471,5.0,3.764705882352941,4.0,7.9411764705882355,8.4,530,33.97435897435897,0,4,7
odds_band,10-29.9,ALL_ENTRY_USABLE,2686,rear_pace_opposition_raw_TOP10,41,8,19.51219512195122,4100,2620,63.90243902439025,3,135.85365853658536,21.951219512195124,36.58536585365854,6.073170731707317,6.560975609756097,6.0,18.26829268292683,18.1,460,17.557251908396946,0,5,8
odds_band,30-99.9,ALL_ENTRY_USABLE,2686,rear_pace_opposition_raw_TOP10,46,4,8.695652173913043,4600,3100,67.3913043478261,2,218.2608695652174,8.695652173913043,15.217391304347828,9.130434782608695,10.521739130434783,11.0,54.939130434782605,53.400000000000006,1050,33.87096774193548,1,4,9
odds_band,>=100,ALL_ENTRY_USABLE,2686,rear_pace_opposition_raw_TOP10,57,2,3.508771929824561,5700,4500,78.94736842105263,0,0.0,3.508771929824561,7.017543859649122,10.017543859649123,12.31578947368421,13.0,208.00350877192983,181.2,3110,69.11111111111111,2,2,10
popularity_band,1-3,ALL_ENTRY_USABLE,2686,rear_pace_opposition_raw_TOP10,22,11,50.0,2200,1550,70.45454545454545,5,85.0,50.0,77.27272727272727,3.8181818181818183,2.0454545454545454,2.0,4.659090909090908,4.2,200,12.903225806451612,0,6,9
popularity_band,4-6,ALL_ENTRY_USABLE,2686,rear_pace_opposition_raw_TOP10,35,11,31.428571428571427,3500,3260,93.14285714285714,4,102.85714285714286,34.285714285714285,45.714285714285715,5.6571428571428575,5.0285714285714285,5.0,14.877142857142859,12.5,530,16.257668711656443,0,7,9
popularity_band,7-9,ALL_ENTRY_USABLE,2686,rear_pace_opposition_raw_TOP10,36,4,11.11111111111111,3600,4510,125.27777777777777,3,220.83333333333334,11.11111111111111,25.0,6.833333333333333,8.027777777777779,8.0,56.62777777777778,30.6,3110,68.95787139689578,1,4,9
popularity_band,10+,ALL_ENTRY_USABLE,2686,rear_pace_opposition_raw_TOP10,84,4,4.761904761904762,8400,3960,47.142857142857146,1,73.57142857142857,4.761904761904762,9.523809523809524,10.095238095238095,12.345238095238095,12.0,150.7214285714286,120.19999999999999,1390,35.101010101010104,2,4,10
previous_finish_band,1-3,ALL_ENTRY_USABLE,2686,rear_pace_opposition_raw_TOP10,17,10,58.8235294117647,1700,1990,117.05882352941177,5,131.1764705882353,58.82352941176471,76.47058823529412,3.7058823529411766,2.8823529411764706,3.0,7.623529411764705,5.3,530,26.633165829145728,0,7,10
previous_finish_band,4-5,ALL_ENTRY_USABLE,2686,rear_pace_opposition_raw_TOP10,23,5,21.73913043478261,2300,1380,60.0,3,160.8695652173913,26.08695652173913,43.47826086956522,5.869565217391305,6.3478260869565215,6.0,31.626086956521732,20.5,410,29.71014492753623,0,4,8
previous_finish_band,6-9,ALL_ENTRY_USABLE,2686,rear_pace_opposition_raw_TOP10,63,11,17.46031746031746,6300,5690,90.31746031746032,4,203.015873015873,17.46031746031746,28.57142857142857,7.476190476190476,8.746031746031745,10.0,75.2936507936508,41.7,1390,24.428822495606326,2,7,9
previous_finish_band,10+,ALL_ENTRY_USABLE,2686,rear_pace_opposition_raw_TOP10,74,4,5.405405405405405,7400,4220,57.027027027027025,1,11.891891891891891,5.405405405405405,12.162162162162163,9.554054054054054,10.824324324324325,11.0,131.37702702702703,96.75,3110,73.69668246445498,1,3,10
quantile_band,50-70,ALL_ENTRY_USABLE,2686,performance_signal,517,123,23.79110251450677,51700,35900,69.43907156673114,41,69.34235976789168,24.37137330754352,41.19922630560928,7.011627906976744,6.771760154738878,6.0,35.22379110251451,15.8,1440,4.011142061281337,4,10,10
quantile_band,70-80,ALL_ENTRY_USABLE,2686,performance_signal,262,80,30.53435114503817,26200,31220,119.16030534351145,25,153.2824427480916,30.916030534351147,48.091603053435115,6.469465648854962,5.973282442748092,5.0,30.39236641221374,12.2,8740,27.994875080076874,3,10,10
quantile_band,80-90,ALL_ENTRY_USABLE,2686,performance_signal,265,92,34.716981132075475,26500,27900,105.28301886792453,34,124.41509433962264,35.094339622641506,54.339622641509436,5.984732824427481,5.758490566037736,5.0,23.77811320754717,11.6,1810,6.487455197132617,4,10,10
quantile_band,bottom50,ALL_ENTRY_USABLE,2686,performance_signal,1280,183,14.296875,128000,85770,67.0078125,57,81.7421875,14.6875,27.8125,8.321064996084573,8.9265625,9.0,81.861015625,39.849999999999994,4820,5.619680540981696,18,10,10
quantile_band,top10,ALL_ENTRY_USABLE,2686,performance_signal,266,98,36.8421052631579,26600,19810,74.47368421052632,39,78.60902255639098,37.59398496240601,53.00751879699248,6.173584905660378,4.7894736842105265,4.0,18.355639097744362,7.800000000000001,1060,5.350832912670368,1,10,10
finish_quantile_cross,50-70|1-3,ALL_ENTRY_USABLE,2686,performance_signal,164,59,35.97560975609756,16400,14040,85.60975609756098,19,75.42682926829268,36.58536585365854,49.390243902439025,5.920731707317073,4.725609756097561,4.0,14.242073170731706,8.45,1440,10.256410256410257,1,10,10
finish_quantile_cross,50-70|4-5,ALL_ENTRY_USABLE,2686,performance_signal,119,29,24.369747899159663,11900,8460,71.09243697478992,11,120.0,25.210084033613445,47.05882352941176,6.504201680672269,6.067226890756302,6.0,22.033613445378155,14.8,1060,12.529550827423169,1,10,10
finish_quantile_cross,50-70|6-9,ALL_ENTRY_USABLE,2686,performance_signal,159,25,15.723270440251572,15900,8760,55.094339622641506,7,42.9559748427673,15.723270440251572,33.33333333333333,7.765822784810126,7.955974842767295,8.0,49.557232704402516,25.5,1170,13.356164383561644,1,9,10
finish_quantile_cross,50-70|10+,ALL_ENTRY_USABLE,2686,performance_signal,75,10,13.333333333333334,7500,4640,61.86666666666667,4,31.6,14.666666666666666,30.666666666666664,8.613333333333333,9.853333333333333,11.0,71.64533333333334,53.6,1240,26.724137931034484,1,6,10
finish_quantile_cross,70-80|1-3,ALL_ENTRY_USABLE,2686,performance_signal,113,42,37.16814159292036,11300,9340,82.65486725663717,16,96.63716814159292,37.16814159292036,55.75221238938053,5.831858407079646,4.477876106194691,3.0,12.98849557522124,6.8,850,9.100642398286938,0,10,10
finish_quantile_cross,70-80|4-5,ALL_ENTRY_USABLE,2686,performance_signal,60,16,26.666666666666668,6000,4740,79.0,5,53.833333333333336,28.333333333333332,48.333333333333336,6.35,5.283333333333333,4.5,19.753333333333334,10.100000000000001,1490,31.434599156118143,1,9,10
finish_quantile_cross,70-80|6-9,ALL_ENTRY_USABLE,2686,performance_signal,70,20,28.571428571428573,7000,6310,90.14285714285714,3,21.714285714285715,28.57142857142857,42.857142857142854,6.928571428571429,7.485714285714286,7.0,36.82857142857142,20.9,610,9.667194928684628,0,7,10
finish_quantile_cross,70-80|10+,ALL_ENTRY_USABLE,2686,performance_signal,19,2,10.526315789473685,1900,10830,570.0,1,1288.9473684210527,10.526315789473683,21.052631578947366,8.947368421052632,11.473684210526315,11.0,143.7842105263158,66.1,8740,80.70175438596492,2,2,7
finish_quantile_cross,80-90|1-3,ALL_ENTRY_USABLE,2686,performance_signal,148,60,40.54054054054054,14800,12770,86.28378378378379,24,89.72972972972973,41.21621621621622,61.48648648648649,5.328767123287672,4.324324324324325,3.0,13.244594594594595,7.2,820,6.421299921691465,0,10,10
finish_quantile_cross,80-90|4-5,ALL_ENTRY_USABLE,2686,performance_signal,56,17,30.357142857142858,5600,5410,96.60714285714286,4,86.96428571428571,30.357142857142854,55.35714285714286,6.375,6.517857142857143,5.5,24.25714285714286,12.95,1060,19.593345656192238,1,6,9
finish_quantile_cross,80-90|6-9,ALL_ENTRY_USABLE,2686,performance_signal,46,8,17.391304347826086,4600,3370,73.26086956521739,3,167.3913043478261,17.391304347826086,32.608695652173914,7.622222222222222,8.695652173913043,9.0,54.06521739130435,32.45,1310,38.87240356083086,1,4,10
finish_quantile_cross,80-90|10+,ALL_ENTRY_USABLE,2686,performance_signal,15,7,46.666666666666664,1500,6350,423.3333333333333,3,474.6666666666667,46.666666666666664,46.666666666666664,6.0,8.066666666666666,8.0,33.04,21.7,1810,28.503937007874015,2,4,7
finish_quantile_cross,bottom50|1-3,ALL_ENTRY_USABLE,2686,performance_signal,118,48,40.67796610169491,11800,11720,99.32203389830508,18,112.28813559322033,43.22033898305085,61.86440677966102,5.4576271186440675,4.813559322033898,4.0,15.305932203389828,9.149999999999999,1030,8.788395904436861,1,10,10
finish_quantile_cross,bottom50|4-5,ALL_ENTRY_USABLE,2686,performance_signal,174,28,16.091954022988507,17400,8000,45.97701149425287,10,59.94252873563219,16.091954022988507,36.206896551724135,7.310344827586207,6.540229885057471,6.0,30.114367816091953,15.9,1000,12.5,1,9,10
finish_quantile_cross,bottom50|6-9,ALL_ENTRY_USABLE,2686,performance_signal,438,61,13.926940639269406,43800,27790,63.44748858447488,18,98.56164383561644,14.15525114155251,27.62557077625571,7.968036529680365,8.837899543378995,9.0,71.62397260273973,41.2,1390,5.001799208348327,5,10,10
finish_quantile_cross,bottom50|10+,ALL_ENTRY_USABLE,2686,performance_signal,550,46,8.363636363636363,55000,38260,69.56363636363636,11,68.69090909090909,8.545454545454545,18.0,9.542961608775137,10.634545454545455,11.0,120.66327272727273,80.8,4820,12.598013591217983,11,10,10
finish_quantile_cross,top10|1-3,ALL_ENTRY_USABLE,2686,performance_signal,190,82,43.1578947368421,19000,15550,81.84210526315789,30,56.31578947368421,44.21052631578947,60.526315789473685,5.594736842105263,3.5736842105263156,3.0,9.356842105263159,5.9,1060,6.816720257234727,1,10,10
finish_quantile_cross,top10|4-5,ALL_ENTRY_USABLE,2686,performance_signal,38,10,26.31578947368421,3800,2260,59.473684210526315,6,118.94736842105263,26.31578947368421,42.10526315789473,6.945945945945946,5.815789473684211,5.0,18.618421052631575,12.6,350,15.486725663716815,0,6,10
finish_quantile_cross,top10|6-9,ALL_ENTRY_USABLE,2686,performance_signal,30,4,13.333333333333334,3000,960,32.0,1,37.333333333333336,13.333333333333334,26.666666666666668,8.3,9.266666666666667,8.5,57.17333333333334,27.85,290,30.208333333333332,0,4,8
finish_quantile_cross,top10|10+,ALL_ENTRY_USABLE,2686,performance_signal,8,2,25.0,800,1040,130.0,2,571.25,25.0,25.0,8.375,12.0,12.5,85.26249999999999,46.6,530,50.96153846153846,0,2,5
quantile_band,50-70,ALL_ENTRY_USABLE,2686,front_pace_opposition_raw,367,92,25.068119891008173,36700,38910,106.02179836512262,37,163.73297002724794,25.068119891008173,39.23705722070845,7.237704918032787,7.29700272479564,7.0,47.42752043596731,18.6,8740,22.462092007196095,6,10,10
quantile_band,70-80,ALL_ENTRY_USABLE,2686,front_pace_opposition_raw,182,41,22.52747252747253,18200,11890,65.32967032967034,12,81.5934065934066,23.626373626373624,42.30769230769231,7.176795580110498,6.829670329670329,6.0,41.214835164835165,16.8,1170,9.840201850294365,1,9,10
quantile_band,80-90,ALL_ENTRY_USABLE,2686,front_pace_opposition_raw,188,61,32.4468085106383,18800,16910,89.94680851063829,15,50.42553191489362,33.51063829787234,49.46808510638298,6.595744680851064,6.0,5.0,29.384042553191488,11.7,1230,7.273802483737433,3,10,10
quantile_band,bottom50,ALL_ENTRY_USABLE,2686,front_pace_opposition_raw,919,181,19.69532100108814,91900,66190,72.02393906420022,67,74.03699673558215,20.348204570184983,34.16757344940152,7.676855895196507,8.031556039173013,8.0,66.45233949945593,27.8,3110,4.698594953920532,12,10,10
quantile_band,top10,ALL_ENTRY_USABLE,2686,front_pace_opposition_raw,192,45,23.4375,19200,16520,86.04166666666667,14,57.447916666666664,23.4375,37.5,7.7434554973821985,6.604166666666667,6.0,33.21927083333333,13.95,4820,29.17675544794189,2,10,10
quantile_band,50-70,ALL_ENTRY_USABLE,2686,rear_pace_opposition_raw,367,86,23.43324250681199,36700,38390,104.60490463215258,30,139.97275204359673,23.705722070844686,40.32697547683924,7.2650273224043715,7.433242506811989,7.0,54.76076294277928,19.9,8740,22.766345402448554,6,10,10
quantile_band,70-80,ALL_ENTRY_USABLE,2686,rear_pace_opposition_raw,186,31,16.666666666666668,18600,15500,83.33333333333333,10,57.204301075268816,17.20430107526882,29.56989247311828,8.254054054054054,8.774193548387096,9.0,64.06075268817204,32.2,1810,11.67741935483871,5,10,10
quantile_band,80-90,ALL_ENTRY_USABLE,2686,rear_pace_opposition_raw,186,31,16.666666666666668,18600,12490,67.15053763440861,10,67.90322580645162,17.741935483870968,32.795698924731184,8.005405405405405,8.801075268817204,9.0,81.01344086021506,37.2,2830,22.65812650120096,2,10,10
quantile_band,bottom50,ALL_ENTRY_USABLE,2686,rear_pace_opposition_raw,932,242,25.965665236051503,93200,70760,75.92274678111588,82,74.30257510729614,26.502145922746784,41.41630901287554,7.164693218514532,6.603004291845494,6.0,38.06394849785408,14.75,4820,6.81175805539853,8,10,10
quantile_band,top10,ALL_ENTRY_USABLE,2686,rear_pace_opposition_raw,177,30,16.949152542372882,17700,13280,75.02824858757062,13,110.73446327683615,17.51412429378531,28.24858757062147,7.7740112994350286,8.740112994350282,9.0,86.56723163841806,47.4,3110,23.41867469879518,3,10,10
signal,ALL,PRIMARY_FLAT_STARTED_USABLE,2590,TIME_TOP20,519,188,36.22350674373796,51900,46640,89.86512524084779,71,94.72061657032755,36.80154142581888,53.94990366088632,6.0718446601941745,5.269749518304431,4.0,21.134296724470133,8.9,1810,3.8807890222984565,5,10,10
odds_band,<5,PRIMARY_FLAT_STARTED_USABLE,2590,TIME_TOP20,153,98,64.05228758169935,15300,14030,91.69934640522875,45,76.01307189542484,64.70588235294117,79.73856209150327,3.861842105263158,1.477124183006536,1.0,3.0973856209150323,3.0,270,1.924447612259444,0,10,10
odds_band,5-9.9,PRIMARY_FLAT_STARTED_USABLE,2590,TIME_TOP20,123,50,40.65040650406504,12300,11730,95.36585365853658,15,80.73170731707317,42.27642276422765,65.85365853658537,5.0,3.4959349593495936,3.0,7.163414634146342,7.1,800,6.820119352088661,0,10,10
odds_band,10-29.9,PRIMARY_FLAT_STARTED_USABLE,2590,TIME_TOP20,154,33,21.428571428571427,15400,13630,88.50649350649351,9,108.24675324675324,21.428571428571427,40.909090909090914,7.065789473684211,6.746753246753247,6.0,17.012337662337664,16.55,1230,9.024211298606016,1,10,10
odds_band,30-99.9,PRIMARY_FLAT_STARTED_USABLE,2590,TIME_TOP20,69,6,8.695652173913043,6900,6190,89.71014492753623,2,158.40579710144928,8.695652173913043,15.942028985507244,9.695652173913043,11.0,11.0,51.15507246376812,47.2,1810,29.24071082390953,3,5,10
odds_band,>=100,PRIMARY_FLAT_STARTED_USABLE,2590,TIME_TOP20,20,1,5.0,2000,1060,53.0,0,0.0,5.0,15.0,9.35,14.05,14.0,173.205,164.2,1060,100.0,1,1,7
popularity_band,1-3,PRIMARY_FLAT_STARTED_USABLE,2590,TIME_TOP20,221,129,58.3710407239819,22100,22230,100.58823529411765,57,90.09049773755656,59.72850678733032,76.92307692307693,4.1454545454545455,1.841628959276018,2.0,4.273755656108597,3.8,1230,5.53306342780027,1,10,10
popularity_band,4-6,PRIMARY_FLAT_STARTED_USABLE,2590,TIME_TOP20,135,37,27.40740740740741,13500,9550,70.74074074074075,7,53.25925925925926,27.40740740740741,51.85185185185185,6.014925373134329,4.962962962962963,5.0,11.162222222222223,10.6,420,4.397905759162303,0,10,10
popularity_band,7-9,PRIMARY_FLAT_STARTED_USABLE,2590,TIME_TOP20,79,15,18.9873417721519,7900,7500,94.9367088607595,6,197.21518987341773,18.9873417721519,34.177215189873415,7.884615384615385,7.936708860759493,8.0,24.158227848101266,20.5,820,10.933333333333334,0,8,9
popularity_band,10+,PRIMARY_FLAT_STARTED_USABLE,2590,TIME_TOP20,84,7,8.333333333333334,8400,7360,87.61904761904762,1,77.14285714285714,8.333333333333332,15.476190476190476,9.566265060240964,12.273809523809524,12.0,78.67619047619048,56.9,1810,24.592391304347824,4,6,10
previous_finish_band,1-3,PRIMARY_FLAT_STARTED_USABLE,2590,TIME_TOP20,335,141,42.08955223880597,33500,28210,84.2089552238806,53,70.95522388059702,42.98507462686567,61.19402985074627,5.474474474474475,3.9074626865671642,3.0,11.10507462686567,6.6,1060,3.7575327897908544,1,10,10
previous_finish_band,4-5,PRIMARY_FLAT_STARTED_USABLE,2590,TIME_TOP20,90,27,30.0,9000,7670,85.22222222222223,10,104.33333333333333,30.0,50.0,6.584269662921348,6.311111111111111,5.0,22.456666666666667,12.95,1060,13.820078226857888,1,8,10
previous_finish_band,6-9,PRIMARY_FLAT_STARTED_USABLE,2590,TIME_TOP20,74,12,16.216216216216218,7400,4330,58.513513513513516,4,119.1891891891892,16.216216216216218,29.72972972972973,7.917808219178082,9.013513513513514,9.0,56.07432432432432,29.85,1310,30.254041570438797,1,6,10
previous_finish_band,10+,PRIMARY_FLAT_STARTED_USABLE,2590,TIME_TOP20,20,8,40.0,2000,6430,321.5,4,359.0,40.0,40.0,7.0,9.55,9.0,53.895,30.2,1810,28.149300155520994,2,5,7
signal,ALL,PRIMARY_FLAT_STARTED_USABLE,2590,FINISH_GE4_TIME_TOP20,184,47,25.543478260869566,18400,18430,100.16304347826087,18,137.9891304347826,25.543478260869566,40.76086956521739,7.164835164835165,7.75,7.0,39.39402173913044,18.7,1810,9.820944112859468,4,10,10
odds_band,<5,PRIMARY_FLAT_STARTED_USABLE,2590,FINISH_GE4_TIME_TOP20,16,7,43.75,1600,1070,66.875,4,70.0,43.75,75.0,3.8666666666666667,1.875,2.0,3.525,3.7,190,17.757009345794394,0,7,7
odds_band,5-9.9,PRIMARY_FLAT_STARTED_USABLE,2590,FINISH_GE4_TIME_TOP20,34,18,52.94117647058823,3400,4680,137.64705882352942,6,125.58823529411765,52.94117647058824,70.58823529411765,4.235294117647059,3.411764705882353,3.0,6.994117647058823,6.95,800,17.094017094017094,0,7,9
odds_band,10-29.9,PRIMARY_FLAT_STARTED_USABLE,2590,FINISH_GE4_TIME_TOP20,67,17,25.37313432835821,6700,7310,109.1044776119403,7,201.7910447761194,25.37313432835821,43.28358208955223,6.818181818181818,6.865671641791045,7.0,17.749253731343284,17.0,1230,16.82626538987688,1,7,9
odds_band,30-99.9,PRIMARY_FLAT_STARTED_USABLE,2590,FINISH_GE4_TIME_TOP20,49,5,10.204081632653061,4900,5370,109.59183673469387,1,132.24489795918367,10.204081632653061,16.3265306122449,9.714285714285714,11.46938775510204,11.0,54.43265306122449,49.3,1810,33.70577281191807,3,4,10
odds_band,>=100,PRIMARY_FLAT_STARTED_USABLE,2590,FINISH_GE4_TIME_TOP20,18,0,0.0,1800,0,0.0,0,0.0,0.0,11.11111111111111,9.777777777777779,14.333333333333334,14.5,172.10555555555553,164.2,0,,0,0,7
popularity_band,1-3,PRIMARY_FLAT_STARTED_USABLE,2590,FINISH_GE4_TIME_TOP20,36,19,52.77777777777778,3600,5150,143.05555555555554,9,133.88888888888889,52.77777777777778,75.0,3.8,2.3333333333333335,2.0,5.294444444444445,5.35,1230,23.883495145631066,1,7,10
popularity_band,4-6,PRIMARY_FLAT_STARTED_USABLE,2590,FINISH_GE4_TIME_TOP20,46,15,32.608695652173914,4600,4200,91.30434782608695,3,64.34782608695652,32.608695652173914,52.17391304347826,5.869565217391305,4.934782608695652,5.0,11.752173913043478,11.85,370,8.80952380952381,0,8,9
popularity_band,7-9,PRIMARY_FLAT_STARTED_USABLE,2590,FINISH_GE4_TIME_TOP20,40,9,22.5,4000,4170,104.25,5,278.25,22.5,40.0,7.55,8.075,8.0,25.692500000000003,21.85,600,14.388489208633093,0,6,9
popularity_band,10+,PRIMARY_FLAT_STARTED_USABLE,2590,FINISH_GE4_TIME_TOP20,62,4,6.451612903225806,6200,4910,79.19354838709677,1,104.51612903225806,6.451612903225806,12.903225806451612,9.819672131147541,12.774193548387096,13.0,88.54193548387094,70.0,1810,36.86354378818737,3,4,10
previous_finish_band,4-5,PRIMARY_FLAT_STARTED_USABLE,2590,FINISH_GE4_TIME_TOP20,90,27,30.0,9000,7670,85.22222222222223,10,104.33333333333333,30.0,50.0,6.584269662921348,6.311111111111111,5.0,22.456666666666667,12.95,1060,13.820078226857888,1,8,10
previous_finish_band,6-9,PRIMARY_FLAT_STARTED_USABLE,2590,FINISH_GE4_TIME_TOP20,74,12,16.216216216216218,7400,4330,58.513513513513516,4,119.1891891891892,16.216216216216218,29.72972972972973,7.917808219178082,9.013513513513514,9.0,56.07432432432432,29.85,1310,30.254041570438797,1,6,10
previous_finish_band,10+,PRIMARY_FLAT_STARTED_USABLE,2590,FINISH_GE4_TIME_TOP20,20,8,40.0,2000,6430,321.5,4,359.0,40.0,40.0,7.0,9.55,9.0,53.895,30.2,1810,28.149300155520994,2,5,7
signal,ALL,PRIMARY_FLAT_STARTED_USABLE,2590,FINISH_GE6_TIME_TOP20,94,20,21.27659574468085,9400,10760,114.46808510638297,8,170.2127659574468,21.27659574468085,31.914893617021278,7.720430107526882,9.127659574468085,9.0,55.61063829787233,29.85,1810,16.821561338289964,3,7,10
odds_band,<5,PRIMARY_FLAT_STARTED_USABLE,2590,FINISH_GE6_TIME_TOP20,2,0,0.0,200,0,0.0,0,0.0,0.0,50.0,4.0,2.0,2.0,4.0,4.0,0,,0,0,2
odds_band,5-9.9,PRIMARY_FLAT_STARTED_USABLE,2590,FINISH_GE6_TIME_TOP20,12,7,58.333333333333336,1200,2230,185.83333333333334,3,160.0,58.333333333333336,66.66666666666666,4.166666666666667,3.0833333333333335,3.0,6.858333333333334,6.7,800,35.874439461883405,0,5,6
odds_band,10-29.9,PRIMARY_FLAT_STARTED_USABLE,2590,FINISH_GE6_TIME_TOP20,33,10,30.303030303030305,3300,4950,150.0,4,230.3030303030303,30.303030303030305,51.515151515151516,6.151515151515151,6.96969696969697,7.0,18.627272727272725,18.3,1230,24.848484848484848,1,7,9
odds_band,30-99.9,PRIMARY_FLAT_STARTED_USABLE,2590,FINISH_GE6_TIME_TOP20,32,3,9.375,3200,3580,111.875,1,202.5,9.375,12.5,9.46875,11.46875,11.5,57.53125,56.7,1810,50.55865921787709,2,3,10
odds_band,>=100,PRIMARY_FLAT_STARTED_USABLE,2590,FINISH_GE6_TIME_TOP20,15,0,0.0,1500,0,0.0,0,0.0,0.0,0.0,10.533333333333333,14.666666666666666,15.0,178.76000000000002,164.2,0,,0,0,7
popularity_band,1-3,PRIMARY_FLAT_STARTED_USABLE,2590,FINISH_GE6_TIME_TOP20,11,7,63.63636363636363,1100,3110,282.72727272727275,4,276.3636363636364,63.63636363636363,81.81818181818183,2.6,2.3636363636363638,2.0,6.918181818181819,6.9,1230,39.549839228295816,1,4,4
popularity_band,4-6,PRIMARY_FLAT_STARTED_USABLE,2590,FINISH_GE6_TIME_TOP20,16,4,25.0,1600,1070,66.875,0,0.0,25.0,43.75,6.375,4.9375,5.0,11.8375,11.25,290,27.102803738317757,0,4,8
popularity_band,7-9,PRIMARY_FLAT_STARTED_USABLE,2590,FINISH_GE6_TIME_TOP20,27,7,25.925925925925927,2700,3460,128.14814814814815,3,240.0,25.925925925925924,44.44444444444444,7.0,8.222222222222221,8.0,26.962962962962962,26.6,600,17.341040462427745,0,6,9
popularity_band,10+,PRIMARY_FLAT_STARTED_USABLE,2590,FINISH_GE6_TIME_TOP20,40,2,5.0,4000,3120,78.0,1,162.0,5.0,5.0,10.025,13.275,13.0,105.8475,81.2,1810,58.01282051282051,2,2,10
previous_finish_band,6-9,PRIMARY_FLAT_STARTED_USABLE,2590,FINISH_GE6_TIME_TOP20,74,12,16.216216216216218,7400,4330,58.513513513513516,4,119.1891891891892,16.216216216216218,29.72972972972973,7.917808219178082,9.013513513513514,9.0,56.07432432432432,29.85,1310,30.254041570438797,1,6,10
previous_finish_band,10+,PRIMARY_FLAT_STARTED_USABLE,2590,FINISH_GE6_TIME_TOP20,20,8,40.0,2000,6430,321.5,4,359.0,40.0,40.0,7.0,9.55,9.0,53.895,30.2,1810,28.149300155520994,2,5,7
signal,ALL,PRIMARY_FLAT_STARTED_USABLE,2590,FRONT_HIGH_TIME_TOP20,73,27,36.986301369863014,7300,7000,95.89041095890411,7,91.78082191780823,36.986301369863014,53.42465753424658,6.388888888888889,4.904109589041096,4.0,14.454794520547946,8.9,1230,17.571428571428573,1,10,10
odds_band,<5,PRIMARY_FLAT_STARTED_USABLE,2590,FRONT_HIGH_TIME_TOP20,23,16,69.56521739130434,2300,2540,110.43478260869566,2,23.91304347826087,69.56521739130434,86.95652173913044,3.227272727272727,1.391304347826087,1.0,3.1217391304347823,3.0,220,8.661417322834646,0,7,9
odds_band,5-9.9,PRIMARY_FLAT_STARTED_USABLE,2590,FRONT_HIGH_TIME_TOP20,15,4,26.666666666666668,1500,890,59.333333333333336,2,84.66666666666667,26.666666666666668,60.0,6.0,3.3333333333333335,3.0,7.240000000000001,7.4,310,34.831460674157306,0,3,6
odds_band,10-29.9,PRIMARY_FLAT_STARTED_USABLE,2590,FRONT_HIGH_TIME_TOP20,28,7,25.0,2800,3570,127.5,3,174.28571428571428,25.0,35.714285714285715,7.642857142857143,7.0,7.0,17.15714285714286,15.9,1230,34.45378151260504,1,6,9
odds_band,30-99.9,PRIMARY_FLAT_STARTED_USABLE,2590,FRONT_HIGH_TIME_TOP20,6,0,0.0,600,0,0.0,0,0.0,0.0,0.0,13.0,11.0,11.5,44.15,47.4,0,,0,0,3
odds_band,>=100,PRIMARY_FLAT_STARTED_USABLE,2590,FRONT_HIGH_TIME_TOP20,1,0,0.0,100,0,0.0,0,0.0,0.0,0.0,7.0,14.0,14.0,129.5,129.5,0,,0,0,1
popularity_band,1-3,PRIMARY_FLAT_STARTED_USABLE,2590,FRONT_HIGH_TIME_TOP20,34,20,58.8235294117647,3400,4410,129.7058823529412,5,86.47058823529412,58.82352941176471,85.29411764705883,3.696969696969697,1.7647058823529411,2.0,4.71470588235294,3.6,1230,27.891156462585034,1,7,9
popularity_band,4-6,PRIMARY_FLAT_STARTED_USABLE,2590,FRONT_HIGH_TIME_TOP20,17,5,29.41176470588235,1700,1390,81.76470588235294,1,108.82352941176471,29.411764705882355,35.294117647058826,7.294117647058823,4.9411764705882355,5.0,11.129411764705882,10.4,400,28.776978417266186,0,4,7
popularity_band,7-9,PRIMARY_FLAT_STARTED_USABLE,2590,FRONT_HIGH_TIME_TOP20,13,2,15.384615384615385,1300,1200,92.3076923076923,1,146.92307692307693,15.384615384615385,15.384615384615385,9.615384615384615,8.076923076923077,8.0,21.407692307692308,19.1,600,50.0,0,2,6
popularity_band,10+,PRIMARY_FLAT_STARTED_USABLE,2590,FRONT_HIGH_TIME_TOP20,9,0,0.0,900,0,0.0,0,0.0,0.0,22.22222222222222,9.88888888888889,12.11111111111111,12.0,47.48888888888889,44.8,0,,0,0,5
previous_finish_band,1-3,PRIMARY_FLAT_STARTED_USABLE,2590,FRONT_HIGH_TIME_TOP20,52,23,44.23076923076923,5200,4750,91.34615384615384,5,70.57692307692308,44.230769230769226,63.46153846153846,5.423076923076923,3.9038461538461537,3.0,10.750000000000002,6.65,600,12.631578947368421,0,9,10
previous_finish_band,4-5,PRIMARY_FLAT_STARTED_USABLE,2590,FRONT_HIGH_TIME_TOP20,10,1,10.0,1000,250,25.0,0,0.0,10.0,30.0,9.9,7.8,7.0,21.309999999999995,15.85,250,100.0,0,1,5
previous_finish_band,6-9,PRIMARY_FLAT_STARTED_USABLE,2590,FRONT_HIGH_TIME_TOP20,7,1,14.285714285714286,700,170,24.285714285714285,1,160.0,14.285714285714285,14.285714285714285,9.0,6.714285714285714,7.0,31.285714285714285,15.3,170,100.0,0,1,6
previous_finish_band,10+,PRIMARY_FLAT_STARTED_USABLE,2590,FRONT_HIGH_TIME_TOP20,4,2,50.0,400,1830,457.5,1,477.5,50.0,50.0,6.25,7.5,7.0,16.025,14.9,1230,67.21311475409836,1,2,4
signal,ALL,PRIMARY_FLAT_STARTED_USABLE,2590,REAR_HIGH_TIME_TOP20,13,2,15.384615384615385,1300,260,20.0,0,0.0,15.384615384615385,38.46153846153847,7.076923076923077,6.615384615384615,5.0,43.853846153846156,12.1,130,50.0,0,2,9
odds_band,<5,PRIMARY_FLAT_STARTED_USABLE,2590,REAR_HIGH_TIME_TOP20,3,1,33.333333333333336,300,130,43.333333333333336,0,0.0,33.33333333333333,66.66666666666666,4.666666666666667,1.0,1.0,3.1999999999999997,3.0,130,100.0,0,1,3
odds_band,5-9.9,PRIMARY_FLAT_STARTED_USABLE,2590,REAR_HIGH_TIME_TOP20,1,1,100.0,100,130,130.0,0,0.0,100.0,100.0,3.0,2.0,2.0,5.6,5.6,130,100.0,0,1,1
odds_band,10-29.9,PRIMARY_FLAT_STARTED_USABLE,2590,REAR_HIGH_TIME_TOP20,4,0,0.0,400,0,0.0,0,0.0,0.0,50.0,6.25,5.0,5.0,12.375,12.05,0,,0,0,4
odds_band,30-99.9,PRIMARY_FLAT_STARTED_USABLE,2590,REAR_HIGH_TIME_TOP20,3,0,0.0,300,0,0.0,0,0.0,0.0,0.0,9.333333333333334,11.666666666666666,12.0,56.300000000000004,56.5,0,,0,0,3
odds_band,>=100,PRIMARY_FLAT_STARTED_USABLE,2590,REAR_HIGH_TIME_TOP20,2,0,0.0,200,0,0.0,0,0.0,0.0,0.0,11.0,13.0,13.0,168.25,168.25,0,,0,0,2
popularity_band,1-3,PRIMARY_FLAT_STARTED_USABLE,2590,REAR_HIGH_TIME_TOP20,4,2,50.0,400,260,65.0,0,0.0,50.0,75.0,4.25,1.25,1.0,3.8,3.8,130,50.0,0,2,4
popularity_band,4-6,PRIMARY_FLAT_STARTED_USABLE,2590,REAR_HIGH_TIME_TOP20,4,0,0.0,400,0,0.0,0,0.0,0.0,50.0,6.25,5.0,5.0,12.375,12.05,0,,0,0,4
popularity_band,7-9,PRIMARY_FLAT_STARTED_USABLE,2590,REAR_HIGH_TIME_TOP20,1,0,0.0,100,0,0.0,0,0.0,0.0,0.0,8.0,8.0,8.0,32.5,32.5,0,,0,0,1
popularity_band,10+,PRIMARY_FLAT_STARTED_USABLE,2590,REAR_HIGH_TIME_TOP20,4,0,0.0,400,0,0.0,0,0.0,0.0,0.0,10.5,13.25,13.0,118.225,122.05,0,,0,0,4
previous_finish_band,1-3,PRIMARY_FLAT_STARTED_USABLE,2590,REAR_HIGH_TIME_TOP20,3,2,66.66666666666667,300,260,86.66666666666667,0,0.0,66.66666666666666,100.0,3.3333333333333335,1.3333333333333333,1.0,3.533333333333333,3.0,130,50.0,0,2,3
previous_finish_band,4-5,PRIMARY_FLAT_STARTED_USABLE,2590,REAR_HIGH_TIME_TOP20,5,0,0.0,500,0,0.0,0,0.0,0.0,20.0,7.2,4.6,5.0,14.36,12.0,0,,0,0,5
previous_finish_band,6-9,PRIMARY_FLAT_STARTED_USABLE,2590,REAR_HIGH_TIME_TOP20,3,0,0.0,300,0,0.0,0,0.0,0.0,33.33333333333333,8.0,11.666666666666666,14.0,89.0,79.9,0,,0,0,2
previous_finish_band,10+,PRIMARY_FLAT_STARTED_USABLE,2590,REAR_HIGH_TIME_TOP20,2,0,0.0,200,0,0.0,0,0.0,0.0,0.0,11.0,12.0,12.0,110.35,110.35,0,,0,0,2
signal,ALL,PRIMARY_FLAT_STARTED_USABLE,2590,front_pace_opposition_raw_TOP20,370,104,28.10810810810811,37000,31820,86.0,28,49.189189189189186,28.37837837837838,42.972972972972975,7.224932249322493,6.286486486486487,5.0,30.721621621621622,12.6,4820,15.147705845380264,4,10,10
odds_band,<5,PRIMARY_FLAT_STARTED_USABLE,2590,front_pace_opposition_raw_TOP20,77,48,62.33766233766234,7700,7110,92.33766233766234,15,54.285714285714285,63.63636363636363,79.22077922077922,4.092105263157895,1.5194805194805194,1.0,3.2129870129870133,3.2,240,3.3755274261603376,0,10,10
odds_band,5-9.9,PRIMARY_FLAT_STARTED_USABLE,2590,front_pace_opposition_raw_TOP20,73,26,35.61643835616438,7300,6240,85.47945205479452,7,63.56164383561644,35.61643835616438,57.534246575342465,5.917808219178082,3.5342465753424657,4.0,7.463013698630138,7.4,1030,16.506410256410255,1,7,10
odds_band,10-29.9,PRIMARY_FLAT_STARTED_USABLE,2590,front_pace_opposition_raw_TOP20,122,27,22.131147540983605,12200,12050,98.77049180327869,6,76.88524590163935,22.131147540983605,36.885245901639344,7.368852459016393,6.737704918032787,6.0,16.898360655737708,15.3,1230,10.207468879668049,1,9,10
odds_band,30-99.9,PRIMARY_FLAT_STARTED_USABLE,2590,front_pace_opposition_raw_TOP20,70,2,2.857142857142857,7000,1600,22.857142857142858,0,0.0,2.857142857142857,12.857142857142856,10.2,10.557142857142857,10.0,50.915714285714294,46.099999999999994,1120,70.0,1,2,10
odds_band,>=100,PRIMARY_FLAT_STARTED_USABLE,2590,front_pace_opposition_raw_TOP20,28,1,3.5714285714285716,2800,4820,172.14285714285714,0,0.0,3.571428571428571,7.142857142857142,11.071428571428571,13.928571428571429,14.0,176.75357142857146,153.2,4820,100.0,1,1,9
popularity_band,1-3,PRIMARY_FLAT_STARTED_USABLE,2590,front_pace_opposition_raw_TOP20,114,66,57.89473684210526,11400,11570,101.49122807017544,21,74.73684210526316,58.77192982456141,77.19298245614034,4.442477876106195,1.894736842105263,2.0,4.560526315789473,3.75,1230,10.630942091616248,1,10,10
popularity_band,4-6,PRIMARY_FLAT_STARTED_USABLE,2590,front_pace_opposition_raw_TOP20,103,26,25.24271844660194,10300,8290,80.48543689320388,5,55.14563106796116,25.24271844660194,40.77669902912621,6.825242718446602,4.864077669902913,5.0,11.754368932038833,10.8,1030,12.424607961399277,1,8,10
popularity_band,7-9,PRIMARY_FLAT_STARTED_USABLE,2590,front_pace_opposition_raw_TOP20,66,9,13.636363636363637,6600,5530,83.78787878787878,2,60.60606060606061,13.636363636363635,25.757575757575758,8.318181818181818,8.075757575757576,8.0,27.245454545454546,23.55,850,15.370705244122966,0,7,10
popularity_band,10+,PRIMARY_FLAT_STARTED_USABLE,2590,front_pace_opposition_raw_TOP20,87,3,3.4482758620689653,8700,6430,73.9080459770115,0,0.0,3.4482758620689653,13.793103448275861,10.482758620689655,12.367816091954023,12.0,90.09425287356322,63.4,4820,74.96111975116641,2,2,10
previous_finish_band,1-3,PRIMARY_FLAT_STARTED_USABLE,2590,front_pace_opposition_raw_TOP20,151,64,42.384105960264904,15100,14250,94.37086092715232,22,83.57615894039735,43.04635761589404,58.27814569536424,5.847682119205298,4.291390728476821,4.0,11.864900662251655,7.1,1030,7.228070175438597,1,10,10
previous_finish_band,4-5,PRIMARY_FLAT_STARTED_USABLE,2590,front_pace_opposition_raw_TOP20,63,12,19.047619047619047,6300,2950,46.82539682539682,1,7.4603174603174605,19.047619047619047,44.44444444444444,7.571428571428571,5.984126984126984,6.0,22.984126984126988,11.7,750,25.423728813559322,0,6,10
previous_finish_band,6-9,PRIMARY_FLAT_STARTED_USABLE,2590,front_pace_opposition_raw_TOP20,79,12,15.189873417721518,7900,3190,40.379746835443036,1,14.177215189873417,15.18987341772152,26.582278481012654,8.192307692307692,7.69620253164557,7.0,42.359493670886074,19.0,560,17.55485893416928,0,7,9
previous_finish_band,10+,PRIMARY_FLAT_STARTED_USABLE,2590,front_pace_opposition_raw_TOP20,77,16,20.77922077922078,7700,11430,148.44155844155844,4,51.81818181818182,20.77922077922078,28.57142857142857,8.662337662337663,9.0,9.0,62.09090909090909,30.5,4820,42.16972878390201,3,7,10
signal,ALL,PRIMARY_FLAT_STARTED_USABLE,2590,rear_pace_opposition_raw_TOP20,371,63,16.9811320754717,37100,26790,72.21024258760107,24,88.6522911051213,17.78975741239892,30.45822102425876,7.897297297297297,8.784366576819407,9.0,83.54501347708896,42.1,3110,11.608809257185516,5,10,10
odds_band,<5,PRIMARY_FLAT_STARTED_USABLE,2590,rear_pace_opposition_raw_TOP20,27,16,59.25925925925926,2700,2170,80.37037037037037,5,51.111111111111114,59.25925925925925,85.18518518518519,3.4444444444444446,1.7037037037037037,2.0,3.4333333333333336,3.6,160,7.373271889400922,0,8,9
odds_band,5-9.9,PRIMARY_FLAT_STARTED_USABLE,2590,rear_pace_opposition_raw_TOP20,44,19,43.18181818181818,4400,4520,102.72727272727273,8,122.72727272727273,45.45454545454545,59.09090909090909,5.0,3.5,3.5,7.5227272727272725,7.35,530,11.725663716814159,0,8,10
odds_band,10-29.9,PRIMARY_FLAT_STARTED_USABLE,2590,rear_pace_opposition_raw_TOP20,88,19,21.59090909090909,8800,7890,89.6590909090909,8,147.38636363636363,22.727272727272727,43.18181818181818,6.080459770114943,6.625,6.0,18.58068181818182,18.0,800,10.139416983523448,0,9,10
odds_band,30-99.9,PRIMARY_FLAT_STARTED_USABLE,2590,rear_pace_opposition_raw_TOP20,101,6,5.9405940594059405,10100,4880,48.31683168316832,3,130.0990099009901,6.9306930693069315,17.82178217821782,9.297029702970297,10.495049504950495,11.0,57.7188118811881,54.1,1090,22.33606557377049,2,6,10
odds_band,>=100,PRIMARY_FLAT_STARTED_USABLE,2590,rear_pace_opposition_raw_TOP20,111,3,2.7027027027027026,11100,7330,66.03603603603604,0,0.0,2.7027027027027026,7.207207207207207,10.27927927927928,12.756756756756756,13.0,208.1693693693694,179.3,3110,42.42837653478854,3,3,10
popularity_band,1-3,PRIMARY_FLAT_STARTED_USABLE,2590,rear_pace_opposition_raw_TOP20,50,26,52.0,5000,4530,90.6,10,102.8,52.0,74.0,3.94,2.2,2.0,5.1739999999999995,4.8,580,12.803532008830022,0,8,10
popularity_band,4-6,PRIMARY_FLAT_STARTED_USABLE,2590,rear_pace_opposition_raw_TOP20,70,19,27.142857142857142,7000,5780,82.57142857142857,6,77.28571428571429,31.428571428571427,48.57142857142857,5.871428571428571,5.042857142857143,5.0,15.29857142857143,13.0,800,13.84083044982699,0,10,10
popularity_band,7-9,PRIMARY_FLAT_STARTED_USABLE,2590,rear_pace_opposition_raw_TOP20,73,11,15.068493150684931,7300,8520,116.71232876712328,5,152.05479452054794,15.068493150684931,32.87671232876712,6.945205479452055,8.027397260273972,8.0,45.67260273972602,28.3,3110,36.502347417840376,2,6,10
popularity_band,10+,PRIMARY_FLAT_STARTED_USABLE,2590,rear_pace_opposition_raw_TOP20,178,7,3.932584269662921,17800,7960,44.71910112359551,3,63.146067415730336,3.932584269662921,10.112359550561797,10.209039548022599,12.415730337078651,12.0,147.92977528089887,120.19999999999999,2830,35.552763819095475,3,6,10
previous_finish_band,1-3,PRIMARY_FLAT_STARTED_USABLE,2590,rear_pace_opposition_raw_TOP20,35,19,54.285714285714285,3500,4090,116.85714285714286,7,123.42857142857143,54.285714285714285,68.57142857142857,4.457142857142857,3.6,3.0,9.045714285714286,6.4,530,12.95843520782396,0,8,10
previous_finish_band,4-5,PRIMARY_FLAT_STARTED_USABLE,2590,rear_pace_opposition_raw_TOP20,56,8,14.285714285714286,5600,2030,36.25,4,77.85714285714286,17.857142857142858,42.857142857142854,6.196428571428571,6.142857142857143,6.0,33.60892857142857,18.200000000000003,410,20.19704433497537,0,6,10
previous_finish_band,6-9,PRIMARY_FLAT_STARTED_USABLE,2590,rear_pace_opposition_raw_TOP20,134,23,17.16417910447761,13400,9310,69.4776119402985,9,150.37313432835822,17.16417910447761,31.343283582089555,7.649253731343284,8.626865671641792,9.0,65.90895522388061,38.05,1390,14.93018259935553,2,10,10
previous_finish_band,10+,PRIMARY_FLAT_STARTED_USABLE,2590,rear_pace_opposition_raw_TOP20,146,13,8.904109589041095,14600,11360,77.8082191780822,4,27.80821917808219,9.58904109589041,15.753424657534246,9.613793103448275,11.184931506849315,12.0,136.7445205479452,106.44999999999999,3110,27.37676056338028,3,8,10
signal,ALL,PRIMARY_FLAT_STARTED_USABLE,2590,TIME_TOP10,259,97,37.45173745173745,25900,19680,75.98455598455598,38,80.0,38.22393822393823,52.123552123552116,6.224806201550388,4.7992277992278,4.0,18.214285714285715,7.9,1060,5.3861788617886175,1,10,10
odds_band,<5,PRIMARY_FLAT_STARTED_USABLE,2590,TIME_TOP10,97,62,63.91752577319588,9700,8980,92.57731958762886,28,74.12371134020619,63.91752577319587,77.31958762886599,4.061855670103093,1.4845360824742269,1.0,3.1175257731958768,3.0,270,3.0066815144766146,0,10,10
odds_band,5-9.9,PRIMARY_FLAT_STARTED_USABLE,2590,TIME_TOP10,55,19,34.54545454545455,5500,4400,80.0,5,61.63636363636363,38.18181818181819,52.72727272727272,5.963636363636364,3.6545454545454548,4.0,7.394545454545454,7.3,320,7.2727272727272725,0,10,10
odds_band,10-29.9,PRIMARY_FLAT_STARTED_USABLE,2590,TIME_TOP10,73,15,20.54794520547945,7300,5240,71.78082191780823,5,138.9041095890411,20.54794520547945,36.986301369863014,7.416666666666667,6.7534246575342465,7.0,16.89315068493151,15.7,600,11.450381679389313,0,9,10
odds_band,30-99.9,PRIMARY_FLAT_STARTED_USABLE,2590,TIME_TOP10,25,0,0.0,2500,0,0.0,0,0.0,0.0,12.0,10.56,11.16,11.0,47.62,47.2,0,,0,0,8
odds_band,>=100,PRIMARY_FLAT_STARTED_USABLE,2590,TIME_TOP10,9,1,11.11111111111111,900,1060,117.77777777777777,0,0.0,11.11111111111111,11.11111111111111,9.555555555555555,14.0,13.0,176.07777777777778,164.2,1060,100.0,1,1,5
popularity_band,1-3,PRIMARY_FLAT_STARTED_USABLE,2590,TIME_TOP10,124,70,56.45161290322581,12400,10790,87.01612903225806,32,83.62903225806451,58.06451612903226,69.35483870967742,4.620967741935484,1.75,2.0,3.974193548387097,3.6,320,2.9657089898053752,0,10,10
popularity_band,4-6,PRIMARY_FLAT_STARTED_USABLE,2590,TIME_TOP10,64,20,31.25,6400,5030,78.59375,3,49.6875,31.25,53.125,6.234375,4.875,5.0,10.9265625,10.4,400,7.952286282306163,0,10,10
popularity_band,7-9,PRIMARY_FLAT_STARTED_USABLE,2590,TIME_TOP10,36,6,16.666666666666668,3600,2800,77.77777777777777,3,199.16666666666666,16.666666666666664,30.555555555555557,8.416666666666666,7.861111111111111,8.0,21.783333333333328,18.95,600,21.428571428571427,0,4,9
popularity_band,10+,PRIMARY_FLAT_STARTED_USABLE,2590,TIME_TOP10,35,1,2.857142857142857,3500,1060,30.285714285714285,0,0.0,2.857142857142857,11.428571428571429,9.735294117647058,12.314285714285715,12.0,78.32,51.0,1060,100.0,1,1,8
previous_finish_band,1-3,PRIMARY_FLAT_STARTED_USABLE,2590,TIME_TOP10,185,82,44.32432432432432,18500,15550,84.05405405405405,30,57.83783783783784,45.40540540540541,60.0,5.616216216216216,3.5675675675675675,3.0,9.397297297297298,5.5,1060,6.816720257234727,1,10,10
previous_finish_band,4-5,PRIMARY_FLAT_STARTED_USABLE,2590,TIME_TOP10,36,9,25.0,3600,2130,59.166666666666664,5,120.27777777777777,25.0,38.88888888888889,7.171428571428572,5.805555555555555,5.0,16.15833333333333,12.6,350,16.431924882629108,0,5,10
previous_finish_band,6-9,PRIMARY_FLAT_STARTED_USABLE,2590,TIME_TOP10,30,4,13.333333333333334,3000,960,32.0,1,37.333333333333336,13.333333333333334,26.666666666666668,8.3,9.266666666666667,8.5,57.17333333333334,27.85,290,30.208333333333332,0,4,8
previous_finish_band,10+,PRIMARY_FLAT_STARTED_USABLE,2590,TIME_TOP10,8,2,25.0,800,1040,130.0,2,571.25,25.0,25.0,8.375,12.0,12.5,85.26249999999999,46.6,530,50.96153846153846,0,2,5
signal,ALL,PRIMARY_FLAT_STARTED_USABLE,2590,FINISH_GE4_TIME_TOP10,74,15,20.27027027027027,7400,4130,55.810810810810814,8,135.40540540540542,20.27027027027027,32.432432432432435,7.767123287671233,7.878378378378378,7.5,40.256756756756765,18.549999999999997,530,12.832929782082324,0,7,10
odds_band,<5,PRIMARY_FLAT_STARTED_USABLE,2590,FINISH_GE4_TIME_TOP10,9,4,44.44444444444444,900,630,70.0,3,103.33333333333333,44.44444444444444,66.66666666666666,4.444444444444445,1.8888888888888888,2.0,3.5444444444444447,3.8,190,30.158730158730158,0,4,5
odds_band,5-9.9,PRIMARY_FLAT_STARTED_USABLE,2590,FINISH_GE4_TIME_TOP10,9,3,33.333333333333336,900,790,87.77777777777777,1,88.88888888888889,33.33333333333333,33.33333333333333,6.222222222222222,3.5555555555555554,4.0,7.377777777777778,7.3,300,37.9746835443038,0,3,6
odds_band,10-29.9,PRIMARY_FLAT_STARTED_USABLE,2590,FINISH_GE4_TIME_TOP10,32,8,25.0,3200,2710,84.6875,4,259.0625,25.0,43.75,7.0,7.15625,7.0,18.565625,17.15,530,19.55719557195572,0,5,8
odds_band,30-99.9,PRIMARY_FLAT_STARTED_USABLE,2590,FINISH_GE4_TIME_TOP10,16,0,0.0,1600,0,0.0,0,0.0,0.0,6.25,10.6875,11.875,12.0,50.97500000000001,48.6,0,,0,0,6
odds_band,>=100,PRIMARY_FLAT_STARTED_USABLE,2590,FINISH_GE4_TIME_TOP10,8,0,0.0,800,0,0.0,0,0.0,0.0,0.0,10.375,14.375,14.0,183.875,172.75,0,,0,0,5
popularity_band,1-3,PRIMARY_FLAT_STARTED_USABLE,2590,FINISH_GE4_TIME_TOP10,14,5,35.714285714285715,1400,800,57.142857142857146,4,146.42857142857142,35.714285714285715,50.0,4.928571428571429,2.142857142857143,2.0,4.871428571428571,4.5,190,23.75,0,4,7
popularity_band,4-6,PRIMARY_FLAT_STARTED_USABLE,2590,FINISH_GE4_TIME_TOP10,16,7,43.75,1600,1990,124.375,1,50.0,43.75,56.25,5.75,4.875,5.0,11.5125,11.2,350,17.587939698492463,0,4,8
popularity_band,7-9,PRIMARY_FLAT_STARTED_USABLE,2590,FINISH_GE4_TIME_TOP10,19,3,15.789473684210526,1900,1340,70.52631578947368,3,377.36842105263156,15.789473684210526,31.57894736842105,8.736842105263158,7.894736842105263,8.0,23.357894736842102,20.4,530,39.55223880597015,0,2,6
popularity_band,10+,PRIMARY_FLAT_STARTED_USABLE,2590,FINISH_GE4_TIME_TOP10,25,0,0.0,2500,0,0.0,0,0.0,0.0,8.0,10.0,13.0,13.0,91.31200000000001,58.6,0,,0,0,7
previous_finish_band,4-5,PRIMARY_FLAT_STARTED_USABLE,2590,FINISH_GE4_TIME_TOP10,36,9,25.0,3600,2130,59.166666666666664,5,120.27777777777777,25.0,38.88888888888889,7.171428571428572,5.805555555555555,5.0,16.15833333333333,12.6,350,16.431924882629108,0,5,10
previous_finish_band,6-9,PRIMARY_FLAT_STARTED_USABLE,2590,FINISH_GE4_TIME_TOP10,30,4,13.333333333333334,3000,960,32.0,1,37.333333333333336,13.333333333333334,26.666666666666668,8.3,9.266666666666667,8.5,57.17333333333334,27.85,290,30.208333333333332,0,4,8
previous_finish_band,10+,PRIMARY_FLAT_STARTED_USABLE,2590,FINISH_GE4_TIME_TOP10,8,2,25.0,800,1040,130.0,2,571.25,25.0,25.0,8.375,12.0,12.5,85.26249999999999,46.6,530,50.96153846153846,0,2,5
signal,ALL,PRIMARY_FLAT_STARTED_USABLE,2590,FINISH_GE6_TIME_TOP10,38,6,15.789473684210526,3800,2000,52.63157894736842,3,149.73684210526315,15.789473684210526,26.31578947368421,8.31578947368421,9.842105263157896,9.0,63.08684210526315,29.2,530,26.5,0,5,8
odds_band,5-9.9,PRIMARY_FLAT_STARTED_USABLE,2590,FINISH_GE6_TIME_TOP10,3,1,33.333333333333336,300,240,80.0,0,0.0,33.33333333333333,33.33333333333333,7.333333333333333,3.3333333333333335,4.0,7.566666666666666,7.0,240,100.0,0,1,3
odds_band,10-29.9,PRIMARY_FLAT_STARTED_USABLE,2590,FINISH_GE6_TIME_TOP10,16,5,31.25,1600,1760,110.0,3,355.625,31.25,56.25,6.25,7.125,7.5,19.1375,18.549999999999997,530,30.113636363636363,0,4,8
odds_band,30-99.9,PRIMARY_FLAT_STARTED_USABLE,2590,FINISH_GE6_TIME_TOP10,11,0,0.0,1100,0,0.0,0,0.0,0.0,0.0,10.090909090909092,12.272727272727273,12.0,54.30909090909092,56.5,0,,0,0,6
odds_band,>=100,PRIMARY_FLAT_STARTED_USABLE,2590,FINISH_GE6_TIME_TOP10,8,0,0.0,800,0,0.0,0,0.0,0.0,0.0,10.375,14.375,14.0,183.875,172.75,0,,0,0,5
popularity_band,1-3,PRIMARY_FLAT_STARTED_USABLE,2590,FINISH_GE6_TIME_TOP10,2,1,50.0,200,170,85.0,1,560.0,50.0,50.0,4.0,2.0,2.0,9.1,9.1,170,100.0,0,1,1
popularity_band,4-6,PRIMARY_FLAT_STARTED_USABLE,2590,FINISH_GE6_TIME_TOP10,6,3,50.0,600,790,131.66666666666666,0,0.0,50.0,66.66666666666666,5.333333333333333,4.833333333333333,5.0,11.15,10.65,290,36.70886075949367,0,3,6
popularity_band,7-9,PRIMARY_FLAT_STARTED_USABLE,2590,FINISH_GE6_TIME_TOP10,12,2,16.666666666666668,1200,1040,86.66666666666667,2,380.8333333333333,16.666666666666664,41.66666666666667,7.916666666666667,8.0,8.0,23.40833333333333,23.95,530,50.96153846153846,0,2,6
popularity_band,10+,PRIMARY_FLAT_STARTED_USABLE,2590,FINISH_GE6_TIME_TOP10,18,0,0.0,1800,0,0.0,0,0.0,0.0,0.0,10.055555555555555,13.61111111111111,13.0,112.85000000000001,81.2,0,,0,0,7
previous_finish_band,6-9,PRIMARY_FLAT_STARTED_USABLE,2590,FINISH_GE6_TIME_TOP10,30,4,13.333333333333334,3000,960,32.0,1,37.333333333333336,13.333333333333334,26.666666666666668,8.3,9.266666666666667,8.5,57.17333333333334,27.85,290,30.208333333333332,0,4,8
previous_finish_band,10+,PRIMARY_FLAT_STARTED_USABLE,2590,FINISH_GE6_TIME_TOP10,8,2,25.0,800,1040,130.0,2,571.25,25.0,25.0,8.375,12.0,12.5,85.26249999999999,46.6,530,50.96153846153846,0,2,5
signal,ALL,PRIMARY_FLAT_STARTED_USABLE,2590,FRONT_HIGH_TIME_TOP10,39,15,38.46153846153846,3900,3510,90.0,3,95.38461538461539,38.46153846153847,51.28205128205128,6.923076923076923,5.17948717948718,4.0,14.723076923076924,11.2,600,17.094017094017094,0,8,9
odds_band,<5,PRIMARY_FLAT_STARTED_USABLE,2590,FRONT_HIGH_TIME_TOP10,14,9,64.28571428571429,1400,1530,109.28571428571429,0,0.0,64.28571428571429,92.85714285714286,3.642857142857143,1.5,1.0,3.3142857142857145,3.1,220,14.379084967320262,0,5,7
odds_band,5-9.9,PRIMARY_FLAT_STARTED_USABLE,2590,FRONT_HIGH_TIME_TOP10,4,2,50.0,400,560,140.0,1,187.5,50.0,50.0,7.75,3.5,3.5,7.625,7.9,310,55.357142857142854,0,2,4
odds_band,10-29.9,PRIMARY_FLAT_STARTED_USABLE,2590,FRONT_HIGH_TIME_TOP10,16,4,25.0,1600,1420,88.75,2,185.625,25.0,31.25,7.6875,7.1875,7.0,17.325,15.950000000000001,600,42.25352112676056,0,4,8
odds_band,30-99.9,PRIMARY_FLAT_STARTED_USABLE,2590,FRONT_HIGH_TIME_TOP10,5,0,0.0,500,0,0.0,0,0.0,0.0,0.0,13.0,10.4,11.0,44.019999999999996,50.0,0,,0,0,2
popularity_band,1-3,PRIMARY_FLAT_STARTED_USABLE,2590,FRONT_HIGH_TIME_TOP10,17,11,64.70588235294117,1700,2010,118.23529411764706,2,110.0,64.70588235294117,88.23529411764706,4.0,1.7058823529411764,2.0,4.152941176470588,3.2,310,15.422885572139304,0,6,8
popularity_band,4-6,PRIMARY_FLAT_STARTED_USABLE,2590,FRONT_HIGH_TIME_TOP10,8,3,37.5,800,900,112.5,1,231.25,37.5,37.5,7.5,4.875,5.0,12.725,11.8,400,44.44444444444444,0,3,5
popularity_band,7-9,PRIMARY_FLAT_STARTED_USABLE,2590,FRONT_HIGH_TIME_TOP10,9,1,11.11111111111111,900,600,66.66666666666667,0,0.0,11.11111111111111,11.11111111111111,9.777777777777779,8.11111111111111,8.0,21.188888888888886,19.0,600,100.0,0,1,5
popularity_band,10+,PRIMARY_FLAT_STARTED_USABLE,2590,FRONT_HIGH_TIME_TOP10,5,0,0.0,500,0,0.0,0,0.0,0.0,20.0,10.8,12.2,12.0,42.22,50.0,0,,0,0,3
previous_finish_band,1-3,PRIMARY_FLAT_STARTED_USABLE,2590,FRONT_HIGH_TIME_TOP10,28,13,46.42857142857143,2800,3090,110.35714285714286,2,92.85714285714286,46.42857142857143,57.14285714285714,6.178571428571429,4.392857142857143,3.0,12.799999999999999,6.5,600,19.41747572815534,0,8,9
previous_finish_band,4-5,PRIMARY_FLAT_STARTED_USABLE,2590,FRONT_HIGH_TIME_TOP10,5,1,20.0,500,250,50.0,0,0.0,20.0,60.0,7.4,7.0,5.0,21.119999999999997,15.2,250,100.0,0,1,4
previous_finish_band,6-9,PRIMARY_FLAT_STARTED_USABLE,2590,FRONT_HIGH_TIME_TOP10,5,1,20.0,500,170,34.0,1,224.0,20.0,20.0,9.4,6.2,7.0,17.18,15.3,170,100.0,0,1,4
previous_finish_band,10+,PRIMARY_FLAT_STARTED_USABLE,2590,FRONT_HIGH_TIME_TOP10,1,0,0.0,100,0,0.0,0,0.0,0.0,0.0,13.0,13.0,13.0,24.3,24.3,0,,0,0,1
signal,ALL,PRIMARY_FLAT_STARTED_USABLE,2590,REAR_HIGH_TIME_TOP10,7,1,14.285714285714286,700,130,18.571428571428573,0,0.0,14.285714285714285,28.57142857142857,7.0,6.571428571428571,4.0,46.04285714285714,12.1,130,100.0,0,1,7
odds_band,<5,PRIMARY_FLAT_STARTED_USABLE,2590,REAR_HIGH_TIME_TOP10,3,1,33.333333333333336,300,130,43.333333333333336,0,0.0,33.33333333333333,66.66666666666666,4.666666666666667,1.0,1.0,3.1999999999999997,3.0,130,100.0,0,1,3
odds_band,10-29.9,PRIMARY_FLAT_STARTED_USABLE,2590,REAR_HIGH_TIME_TOP10,1,0,0.0,100,0,0.0,0,0.0,0.0,0.0,7.0,4.0,4.0,12.1,12.1,0,,0,0,1
odds_band,30-99.9,PRIMARY_FLAT_STARTED_USABLE,2590,REAR_HIGH_TIME_TOP10,2,0,0.0,200,0,0.0,0,0.0,0.0,0.0,10.0,13.5,13.5,68.2,68.2,0,,0,0,2
odds_band,>=100,PRIMARY_FLAT_STARTED_USABLE,2590,REAR_HIGH_TIME_TOP10,1,0,0.0,100,0,0.0,0,0.0,0.0,0.0,8.0,12.0,12.0,164.2,164.2,0,,0,0,1
popularity_band,1-3,PRIMARY_FLAT_STARTED_USABLE,2590,REAR_HIGH_TIME_TOP10,3,1,33.333333333333336,300,130,43.333333333333336,0,0.0,33.33333333333333,66.66666666666666,4.666666666666667,1.0,1.0,3.1999999999999997,3.0,130,100.0,0,1,3
popularity_band,4-6,PRIMARY_FLAT_STARTED_USABLE,2590,REAR_HIGH_TIME_TOP10,1,0,0.0,100,0,0.0,0,0.0,0.0,0.0,7.0,4.0,4.0,12.1,12.1,0,,0,0,1
popularity_band,10+,PRIMARY_FLAT_STARTED_USABLE,2590,REAR_HIGH_TIME_TOP10,3,0,0.0,300,0,0.0,0,0.0,0.0,0.0,9.333333333333334,13.0,12.0,100.2,79.9,0,,0,0,3
previous_finish_band,1-3,PRIMARY_FLAT_STARTED_USABLE,2590,REAR_HIGH_TIME_TOP10,2,1,50.0,200,130,65.0,0,0.0,50.0,100.0,3.5,1.0,1.0,2.5,2.5,130,100.0,0,1,2
previous_finish_band,4-5,PRIMARY_FLAT_STARTED_USABLE,2590,REAR_HIGH_TIME_TOP10,2,0,0.0,200,0,0.0,0,0.0,0.0,0.0,7.0,2.5,2.5,8.35,8.35,0,,0,0,2
previous_finish_band,6-9,PRIMARY_FLAT_STARTED_USABLE,2590,REAR_HIGH_TIME_TOP10,1,0,0.0,100,0,0.0,0,0.0,0.0,0.0,6.0,15.0,15.0,79.9,79.9,0,,0,0,1
previous_finish_band,10+,PRIMARY_FLAT_STARTED_USABLE,2590,REAR_HIGH_TIME_TOP10,2,0,0.0,200,0,0.0,0,0.0,0.0,0.0,11.0,12.0,12.0,110.35,110.35,0,,0,0,2
signal,ALL,PRIMARY_FLAT_STARTED_USABLE,2590,front_pace_opposition_raw_TOP10,185,43,23.243243243243242,18500,16140,87.24324324324324,14,59.62162162162162,23.243243243243246,37.83783783783784,7.75,6.535135135135135,6.0,32.72324324324324,13.4,4820,29.8636926889715,2,10,10
odds_band,<5,PRIMARY_FLAT_STARTED_USABLE,2590,front_pace_opposition_raw_TOP10,34,22,64.70588235294117,3400,3450,101.47058823529412,7,62.35294117647059,64.70588235294117,82.35294117647058,3.878787878787879,1.5588235294117647,1.5,3.3441176470588236,3.3,240,6.956521739130435,0,9,10
odds_band,5-9.9,PRIMARY_FLAT_STARTED_USABLE,2590,front_pace_opposition_raw_TOP10,41,8,19.51219512195122,4100,1720,41.951219512195124,3,47.31707317073171,19.51219512195122,46.34146341463415,6.975609756097561,3.4878048780487805,4.0,7.460975609756097,7.4,450,26.162790697674417,0,5,10
odds_band,10-29.9,PRIMARY_FLAT_STARTED_USABLE,2590,front_pace_opposition_raw_TOP10,59,10,16.949152542372882,5900,4550,77.11864406779661,4,118.13559322033899,16.94915254237288,27.11864406779661,8.0,6.813559322033898,7.0,16.86949152542373,15.3,850,18.681318681318682,0,7,10
odds_band,30-99.9,PRIMARY_FLAT_STARTED_USABLE,2590,front_pace_opposition_raw_TOP10,34,2,5.882352941176471,3400,1600,47.05882352941177,0,0.0,5.88235294117647,17.647058823529413,10.529411764705882,10.970588235294118,11.0,50.338235294117645,45.349999999999994,1120,70.0,1,2,8
odds_band,>=100,PRIMARY_FLAT_STARTED_USABLE,2590,front_pace_opposition_raw_TOP10,17,1,5.882352941176471,1700,4820,283.52941176470586,0,0.0,5.88235294117647,5.88235294117647,10.705882352941176,14.0,14.0,172.2,155.8,4820,100.0,1,1,7
popularity_band,1-3,PRIMARY_FLAT_STARTED_USABLE,2590,front_pace_opposition_raw_TOP10,57,29,50.87719298245614,5700,4730,82.98245614035088,10,79.12280701754386,50.877192982456144,75.43859649122807,4.732142857142857,2.0,2.0,5.001754385964912,4.3,310,6.553911205073995,0,9,10
popularity_band,4-6,PRIMARY_FLAT_STARTED_USABLE,2590,front_pace_opposition_raw_TOP10,47,6,12.76595744680851,4700,2020,42.97872340425532,2,53.61702127659574,12.76595744680851,29.78723404255319,7.9787234042553195,4.9361702127659575,5.0,11.131914893617022,11.4,450,22.277227722772277,0,4,10
popularity_band,7-9,PRIMARY_FLAT_STARTED_USABLE,2590,front_pace_opposition_raw_TOP10,34,5,14.705882352941176,3400,2960,87.05882352941177,2,117.6470588235294,14.705882352941178,20.588235294117645,8.705882352941176,8.088235294117647,8.0,24.7,20.25,850,28.716216216216218,0,5,10
popularity_band,10+,PRIMARY_FLAT_STARTED_USABLE,2590,front_pace_opposition_raw_TOP10,47,3,6.382978723404255,4700,6430,136.80851063829786,0,0.0,6.382978723404255,12.76595744680851,10.425531914893616,12.51063829787234,12.0,93.73829787234044,68.6,4820,74.96111975116641,2,2,10
previous_finish_band,1-3,PRIMARY_FLAT_STARTED_USABLE,2590,front_pace_opposition_raw_TOP10,70,25,35.714285714285715,7000,6040,86.28571428571429,9,97.85714285714286,35.714285714285715,52.85714285714286,6.1,4.6,4.0,13.371428571428575,7.4,850,14.072847682119205,0,10,10
previous_finish_band,4-5,PRIMARY_FLAT_STARTED_USABLE,2590,front_pace_opposition_raw_TOP10,32,5,15.625,3200,770,24.0625,1,14.6875,15.625,34.375,8.1875,5.96875,5.5,24.318749999999998,12.45,220,28.571428571428573,0,4,8
previous_finish_band,6-9,PRIMARY_FLAT_STARTED_USABLE,2590,front_pace_opposition_raw_TOP10,40,3,7.5,4000,430,10.75,1,28.0,7.5,17.5,9.615384615384615,7.725,7.0,42.317499999999995,16.35,170,39.53488372093023,0,3,9
previous_finish_band,10+,PRIMARY_FLAT_STARTED_USABLE,2590,front_pace_opposition_raw_TOP10,43,10,23.25581395348837,4300,8900,206.97674418604652,3,60.23255813953488,23.25581395348837,34.883720930232556,8.418604651162791,9.0,9.0,61.555813953488375,34.3,4820,54.157303370786515,2,6,10
signal,ALL,PRIMARY_FLAT_STARTED_USABLE,2590,rear_pace_opposition_raw_TOP10,185,30,16.216216216216218,18500,13280,71.78378378378379,13,105.94594594594595,16.756756756756758,27.027027027027028,7.815217391304348,8.767567567567568,9.0,86.45405405405405,47.4,3110,23.41867469879518,3,10,10
odds_band,<5,PRIMARY_FLAT_STARTED_USABLE,2590,rear_pace_opposition_raw_TOP10,17,11,64.70588235294117,1700,1500,88.23529411764706,4,73.52941176470588,64.70588235294117,82.35294117647058,3.411764705882353,1.7058823529411764,2.0,3.5058823529411764,3.7,160,10.666666666666666,0,6,8
odds_band,5-9.9,PRIMARY_FLAT_STARTED_USABLE,2590,rear_pace_opposition_raw_TOP10,18,5,27.77777777777778,1800,1560,86.66666666666667,4,152.22222222222223,27.77777777777778,55.55555555555556,5.222222222222222,3.7222222222222223,4.0,7.905555555555556,8.350000000000001,530,33.97435897435897,0,4,8
odds_band,10-29.9,PRIMARY_FLAT_STARTED_USABLE,2590,rear_pace_opposition_raw_TOP10,43,8,18.6046511627907,4300,2620,60.93023255813954,3,129.53488372093022,20.930232558139537,34.883720930232556,6.190476190476191,6.674418604651163,6.0,18.42093023255814,19.0,460,17.557251908396946,0,5,9
odds_band,30-99.9,PRIMARY_FLAT_STARTED_USABLE,2590,rear_pace_opposition_raw_TOP10,47,4,8.51063829787234,4700,3100,65.95744680851064,2,213.61702127659575,8.51063829787234,14.893617021276595,9.063829787234043,10.617021276595745,11.0,55.47021276595744,53.6,1050,33.87096774193548,1,4,9
odds_band,>=100,PRIMARY_FLAT_STARTED_USABLE,2590,rear_pace_opposition_raw_TOP10,60,2,3.3333333333333335,6000,4500,75.0,0,0.0,3.3333333333333335,6.666666666666667,10.0,12.333333333333334,12.5,206.54833333333335,180.6,3110,69.11111111111111,2,2,10
popularity_band,1-3,PRIMARY_FLAT_STARTED_USABLE,2590,rear_pace_opposition_raw_TOP10,24,11,45.833333333333336,2400,1550,64.58333333333333,5,77.91666666666667,45.83333333333333,70.83333333333334,4.166666666666667,2.0416666666666665,2.0,4.766666666666667,4.35,200,12.903225806451612,0,6,9
popularity_band,4-6,PRIMARY_FLAT_STARTED_USABLE,2590,rear_pace_opposition_raw_TOP10,35,11,31.428571428571427,3500,3260,93.14285714285714,4,102.85714285714286,34.285714285714285,45.714285714285715,5.6571428571428575,5.0285714285714285,5.0,14.877142857142859,12.5,530,16.257668711656443,0,7,9
popularity_band,7-9,PRIMARY_FLAT_STARTED_USABLE,2590,rear_pace_opposition_raw_TOP10,37,4,10.81081081081081,3700,4510,121.89189189189189,3,214.86486486486487,10.81081081081081,24.324324324324326,6.945945945945946,8.027027027027026,8.0,55.69189189189188,29.8,3110,68.95787139689578,1,4,9
popularity_band,10+,PRIMARY_FLAT_STARTED_USABLE,2590,rear_pace_opposition_raw_TOP10,89,4,4.49438202247191,8900,3960,44.49438202247191,1,69.43820224719101,4.49438202247191,8.98876404494382,10.034090909090908,12.359550561797754,12.0,149.4191011235955,120.3,1390,35.101010101010104,2,4,10
previous_finish_band,1-3,PRIMARY_FLAT_STARTED_USABLE,2590,rear_pace_opposition_raw_TOP10,17,10,58.8235294117647,1700,1990,117.05882352941177,5,131.1764705882353,58.82352941176471,76.47058823529412,3.7058823529411766,2.8823529411764706,3.0,7.623529411764705,5.3,530,26.633165829145728,0,7,10
previous_finish_band,4-5,PRIMARY_FLAT_STARTED_USABLE,2590,rear_pace_opposition_raw_TOP10,25,5,20.0,2500,1380,55.2,3,148.0,24.0,40.0,6.04,6.0,6.0,29.572,19.1,410,29.71014492753623,0,4,8
previous_finish_band,6-9,PRIMARY_FLAT_STARTED_USABLE,2590,rear_pace_opposition_raw_TOP10,67,11,16.417910447761194,6700,5690,84.92537313432835,4,190.8955223880597,16.417910447761194,26.865671641791046,7.597014925373134,8.955223880597014,10.0,77.87910447761193,51.8,1390,24.428822495606326,2,7,10
previous_finish_band,10+,PRIMARY_FLAT_STARTED_USABLE,2590,rear_pace_opposition_raw_TOP10,76,4,5.2631578947368425,7600,4220,55.526315789473685,1,11.578947368421053,5.263157894736842,11.842105263157894,9.533333333333333,10.828947368421053,11.0,130.35789473684213,96.75,3110,73.69668246445498,1,3,10
quantile_band,50-70,PRIMARY_FLAT_STARTED_USABLE,2590,performance_signal,514,125,24.31906614785992,51400,36800,71.59533073929961,41,67.64591439688716,24.708171206225682,41.63424124513619,7.015594541910332,6.717898832684825,6.0,34.246887159533074,15.4,1440,3.9130434782608696,4,10,10
quantile_band,70-80,PRIMARY_FLAT_STARTED_USABLE,2590,performance_signal,262,77,29.389312977099237,26200,30840,117.70992366412214,25,167.9770992366412,29.770992366412212,47.70992366412214,6.473282442748092,5.9961832061068705,5.0,30.64465648854962,12.3,8740,28.339818417639428,3,10,10
quantile_band,80-90,PRIMARY_FLAT_STARTED_USABLE,2590,performance_signal,260,91,35.0,26000,26960,103.6923076923077,33,109.38461538461539,35.38461538461539,55.769230769230774,5.918287937743191,5.7384615384615385,5.0,24.043076923076924,10.8,1810,6.713649851632048,4,10,10
quantile_band,bottom50,PRIMARY_FLAT_STARTED_USABLE,2590,performance_signal,1295,186,14.362934362934363,129500,86320,66.65637065637065,59,82.3011583011583,14.826254826254825,27.876447876447873,8.297987616099071,8.905791505791505,9.0,81.49722007722008,39.8,4820,5.583873957367933,18,10,10
quantile_band,top10,PRIMARY_FLAT_STARTED_USABLE,2590,performance_signal,259,97,37.45173745173745,25900,19680,75.98455598455598,38,80.0,38.22393822393823,52.123552123552116,6.224806201550388,4.7992277992278,4.0,18.214285714285715,7.9,1060,5.3861788617886175,1,10,10
finish_quantile_cross,50-70|1-3,PRIMARY_FLAT_STARTED_USABLE,2590,performance_signal,170,61,35.88235294117647,17000,14450,85.0,21,77.88235294117646,36.470588235294116,49.411764705882355,5.947058823529412,4.7176470588235295,4.0,14.174117647058825,8.899999999999999,1440,9.965397923875432,1,10,10
finish_quantile_cross,50-70|4-5,PRIMARY_FLAT_STARTED_USABLE,2590,performance_signal,118,28,23.728813559322035,11800,8800,74.57627118644068,9,104.49152542372882,24.576271186440678,46.61016949152542,6.584745762711864,6.101694915254237,6.0,21.991525423728813,14.8,1060,12.045454545454545,1,10,10
finish_quantile_cross,50-70|6-9,PRIMARY_FLAT_STARTED_USABLE,2590,performance_signal,155,26,16.774193548387096,15500,8910,57.483870967741936,7,44.064516129032256,16.7741935483871,34.193548387096776,7.766233766233766,7.916129032258064,8.0,47.96645161290323,24.6,1170,13.131313131313131,1,9,10
finish_quantile_cross,50-70|10+,PRIMARY_FLAT_STARTED_USABLE,2590,performance_signal,71,10,14.084507042253522,7100,4640,65.35211267605634,4,33.38028169014085,14.084507042253522,30.985915492957744,8.661971830985916,9.915492957746478,11.0,72.72535211267606,53.6,1240,26.724137931034484,1,6,10
finish_quantile_cross,70-80|1-3,PRIMARY_FLAT_STARTED_USABLE,2590,performance_signal,109,40,36.69724770642202,10900,8900,81.65137614678899,15,94.12844036697248,36.69724770642202,55.04587155963303,5.825688073394495,4.477064220183486,3.0,12.921100917431191,6.7,850,9.55056179775281,0,10,10
finish_quantile_cross,70-80|4-5,PRIMARY_FLAT_STARTED_USABLE,2590,performance_signal,61,15,24.59016393442623,6100,3990,65.40983606557377,5,52.950819672131146,26.229508196721312,49.18032786885246,6.311475409836065,5.147540983606557,4.0,19.45737704918033,9.9,1490,37.34335839598997,1,9,10
finish_quantile_cross,70-80|6-9,PRIMARY_FLAT_STARTED_USABLE,2590,performance_signal,70,19,27.142857142857142,7000,6160,88.0,3,21.714285714285715,27.142857142857142,42.857142857142854,6.985714285714286,7.5,7.5,37.169999999999995,20.9,610,9.902597402597403,0,7,10
finish_quantile_cross,70-80|10+,PRIMARY_FLAT_STARTED_USABLE,2590,performance_signal,22,3,13.636363636363637,2200,11790,535.9090909090909,2,1318.1818181818182,13.636363636363635,22.727272727272727,8.5,11.090909090909092,10.5,128.71363636363637,45.150000000000006,8740,74.1306191687871,2,2,7
finish_quantile_cross,80-90|1-3,PRIMARY_FLAT_STARTED_USABLE,2590,performance_signal,150,59,39.333333333333336,15000,12660,84.4,23,87.13333333333334,40.0,62.66666666666667,5.297297297297297,4.326666666666667,3.5,13.211333333333336,7.300000000000001,820,6.477093206951027,0,10,10
finish_quantile_cross,80-90|4-5,PRIMARY_FLAT_STARTED_USABLE,2590,performance_signal,54,18,33.333333333333336,5400,5540,102.5925925925926,5,93.70370370370371,33.33333333333333,57.407407407407405,6.203703703703703,6.648148148148148,5.5,26.65555555555555,13.2,1060,19.133574007220215,1,7,10
finish_quantile_cross,80-90|6-9,PRIMARY_FLAT_STARTED_USABLE,2590,performance_signal,44,8,18.181818181818183,4400,3370,76.5909090909091,3,175.0,18.181818181818183,31.818181818181817,7.651162790697675,8.840909090909092,9.0,55.325,32.45,1310,38.87240356083086,1,4,10
finish_quantile_cross,80-90|10+,PRIMARY_FLAT_STARTED_USABLE,2590,performance_signal,12,6,50.0,1200,5390,449.1666666666667,2,217.5,50.0,50.0,6.083333333333333,7.916666666666667,8.5,32.98333333333333,20.75,1810,33.580705009276436,2,4,5
finish_quantile_cross,bottom50|1-3,PRIMARY_FLAT_STARTED_USABLE,2590,performance_signal,119,49,41.1764705882353,11900,11860,99.66386554621849,18,111.34453781512605,43.69747899159664,62.18487394957983,5.428571428571429,4.781512605042017,4.0,15.204201680672266,9.1,1030,8.684654300168635,1,10,10
finish_quantile_cross,bottom50|4-5,PRIMARY_FLAT_STARTED_USABLE,2590,performance_signal,178,30,16.853932584269664,17800,8410,47.247191011235955,12,69.5505617977528,16.853932584269664,36.51685393258427,7.264044943820225,6.522471910112359,6.0,29.831460674157302,15.8,1000,11.890606420927467,1,9,10
finish_quantile_cross,bottom50|6-9,PRIMARY_FLAT_STARTED_USABLE,2590,performance_signal,444,61,13.73873873873874,44400,27790,62.590090090090094,18,97.22972972972973,13.963963963963963,27.47747747747748,7.952702702702703,8.826576576576576,9.0,71.72274774774775,41.2,1390,5.001799208348327,5,10,10
finish_quantile_cross,bottom50|10+,PRIMARY_FLAT_STARTED_USABLE,2590,performance_signal,554,46,8.303249097472925,55400,38260,69.06137184115524,11,68.19494584837545,8.664259927797833,18.050541516245488,9.52994555353902,10.620938628158845,11.0,120.17093862815884,80.1,4820,12.598013591217983,11,10,10
finish_quantile_cross,top10|1-3,PRIMARY_FLAT_STARTED_USABLE,2590,performance_signal,185,82,44.32432432432432,18500,15550,84.05405405405405,30,57.83783783783784,45.40540540540541,60.0,5.616216216216216,3.5675675675675675,3.0,9.397297297297298,5.5,1060,6.816720257234727,1,10,10
finish_quantile_cross,top10|4-5,PRIMARY_FLAT_STARTED_USABLE,2590,performance_signal,36,9,25.0,3600,2130,59.166666666666664,5,120.27777777777777,25.0,38.88888888888889,7.171428571428572,5.805555555555555,5.0,16.15833333333333,12.6,350,16.431924882629108,0,5,10
finish_quantile_cross,top10|6-9,PRIMARY_FLAT_STARTED_USABLE,2590,performance_signal,30,4,13.333333333333334,3000,960,32.0,1,37.333333333333336,13.333333333333334,26.666666666666668,8.3,9.266666666666667,8.5,57.17333333333334,27.85,290,30.208333333333332,0,4,8
finish_quantile_cross,top10|10+,PRIMARY_FLAT_STARTED_USABLE,2590,performance_signal,8,2,25.0,800,1040,130.0,2,571.25,25.0,25.0,8.375,12.0,12.5,85.26249999999999,46.6,530,50.96153846153846,0,2,5
quantile_band,50-70,PRIMARY_FLAT_STARTED_USABLE,2590,front_pace_opposition_raw,371,93,25.067385444743934,37100,39140,105.49865229110512,37,161.96765498652292,25.067385444743934,39.083557951482476,7.254054054054054,7.320754716981132,7.0,47.38544474393531,19.0,8740,22.33009708737864,6,10,10
quantile_band,70-80,PRIMARY_FLAT_STARTED_USABLE,2590,front_pace_opposition_raw,185,42,22.7027027027027,18500,13270,71.72972972972973,13,92.75675675675676,24.324324324324326,43.78378378378379,7.021739130434782,6.789189189189189,6.0,41.87837837837838,16.5,1170,8.81688018085908,2,9,10
quantile_band,80-90,PRIMARY_FLAT_STARTED_USABLE,2590,front_pace_opposition_raw,185,61,32.972972972972975,18500,15680,84.75675675675676,14,38.75675675675676,33.513513513513516,48.10810810810811,6.702702702702703,6.037837837837838,5.0,28.720000000000002,11.7,1230,7.844387755102041,2,10,10
quantile_band,bottom50,PRIMARY_FLAT_STARTED_USABLE,2590,front_pace_opposition_raw,922,181,19.63123644251627,92200,66190,71.78958785249458,67,73.79609544468546,20.281995661605208,34.164859002169194,7.6789989118607185,8.026030368763557,8.0,66.36062906724513,27.8,3110,4.698594953920532,12,10,10
quantile_band,top10,PRIMARY_FLAT_STARTED_USABLE,2590,front_pace_opposition_raw,185,43,23.243243243243242,18500,16140,87.24324324324324,14,59.62162162162162,23.243243243243246,37.83783783783784,7.75,6.535135135135135,6.0,32.72324324324324,13.4,4820,29.8636926889715,2,10,10
quantile_band,50-70,PRIMARY_FLAT_STARTED_USABLE,2590,rear_pace_opposition_raw,369,86,23.306233062330623,36900,37640,102.00542005420054,31,139.5121951219512,23.577235772357724,39.56639566395664,7.296195652173913,7.430894308943089,7.0,54.88482384823848,19.9,8740,23.219978746014878,6,10,10
quantile_band,70-80,PRIMARY_FLAT_STARTED_USABLE,2590,rear_pace_opposition_raw,184,30,16.304347826086957,18400,15330,83.31521739130434,9,54.23913043478261,16.847826086956523,30.434782608695656,8.21311475409836,8.820652173913043,9.0,65.89402173913044,32.45,1810,11.806914546640574,5,10,10
quantile_band,80-90,PRIMARY_FLAT_STARTED_USABLE,2590,rear_pace_opposition_raw,186,33,17.741935483870968,18600,13510,72.63440860215054,11,71.45161290322581,18.817204301075268,33.87096774193548,7.978494623655914,8.801075268817204,9.0,80.65161290322581,37.2,2830,20.94744633604737,2,10,10
quantile_band,bottom50,PRIMARY_FLAT_STARTED_USABLE,2590,rear_pace_opposition_raw,924,241,26.082251082251084,92400,70660,76.47186147186147,81,74.82683982683983,26.623376623376622,41.66666666666667,7.154180238870793,6.573593073593074,6.0,37.345021645021646,14.6,4820,6.8213982451174635,8,10,10
quantile_band,top10,PRIMARY_FLAT_STARTED_USABLE,2590,rear_pace_opposition_raw,185,30,16.216216216216218,18500,13280,71.78378378378379,13,105.94594594594595,16.756756756756758,27.027027027027028,7.815217391304348,8.767567567567568,9.0,86.45405405405405,47.4,3110,23.41867469879518,3,10,10
