section,signal,stratum,n,place_hits,place_hit_rate_pct,stake_yen,place_payout_yen,place_roi_pct,win_hits,win_roi_pct,top3_rate_pct,top5_rate_pct,finish_mean,popularity_mean,popularity_median,win_odds_mean,win_odds_median,max_place_payout_yen,largest_payout_share_pct,high_payout_hits,hit_days,total_days,odds_baseline_hit_rate_pct,odds_baseline_roi_pct,odds_hit_lift_pp,odds_roi_lift_pp
quantile,performance_signal,bottom50,1295,186,14.362934362934363,129500,86320,66.65637065637065,59,82.3011583011583,14.826254826254825,27.876447876447873,8.297987616099071,8.905791505791505,9.0,81.49722007722008,39.8,4820,5.583873957367933,18,10,10,,,,
finish_time,bottom50,1-3,119,49,41.1764705882353,11900,11860,99.66386554621849,18,111.34453781512605,43.69747899159664,62.18487394957983,5.428571428571429,4.781512605042017,4.0,15.204201680672266,9.1,1030,8.684654300168635,1,10,10,,,,
finish_time,bottom50,4-5,178,30,16.853932584269664,17800,8410,47.247191011235955,12,69.5505617977528,16.853932584269664,36.51685393258427,7.264044943820225,6.522471910112359,6.0,29.831460674157302,15.8,1000,11.890606420927467,1,9,10,,,,
finish_time,bottom50,6-9,444,61,13.73873873873874,44400,27790,62.590090090090094,18,97.22972972972973,13.963963963963963,27.47747747747748,7.952702702702703,8.826576576576576,9.0,71.72274774774775,41.2,1390,5.001799208348327,5,10,10,,,,
finish_time,bottom50,10+,554,46,8.303249097472925,55400,38260,69.06137184115524,11,68.19494584837545,8.664259927797833,18.050541516245488,9.52994555353902,10.620938628158845,11.0,120.17093862815884,80.1,4820,12.598013591217983,11,10,10,,,,
quantile,performance_signal,50-70,514,125,24.31906614785992,51400,36800,71.59533073929961,41,67.64591439688716,24.708171206225682,41.63424124513619,7.015594541910332,6.717898832684825,6.0,34.246887159533074,15.4,1440,3.9130434782608696,4,10,10,,,,
finish_time,50-70,1-3,170,61,35.88235294117647,17000,14450,85.0,21,77.88235294117646,36.470588235294116,49.411764705882355,5.947058823529412,4.7176470588235295,4.0,14.174117647058825,8.899999999999999,1440,9.965397923875432,1,10,10,,,,
finish_time,50-70,4-5,118,28,23.728813559322035,11800,8800,74.57627118644068,9,104.49152542372882,24.576271186440678,46.61016949152542,6.584745762711864,6.101694915254237,6.0,21.991525423728813,14.8,1060,12.045454545454545,1,10,10,,,,
finish_time,50-70,6-9,155,26,16.774193548387096,15500,8910,57.483870967741936,7,44.064516129032256,16.7741935483871,34.193548387096776,7.766233766233766,7.916129032258064,8.0,47.96645161290323,24.6,1170,13.131313131313131,1,9,10,,,,
finish_time,50-70,10+,71,10,14.084507042253522,7100,4640,65.35211267605634,4,33.38028169014085,14.084507042253522,30.985915492957744,8.661971830985916,9.915492957746478,11.0,72.72535211267606,53.6,1240,26.724137931034484,1,6,10,,,,
quantile,performance_signal,70-80,262,77,29.389312977099237,26200,30840,117.70992366412214,25,167.9770992366412,29.770992366412212,47.70992366412214,6.473282442748092,5.9961832061068705,5.0,30.64465648854962,12.3,8740,28.339818417639428,3,10,10,,,,
finish_time,70-80,1-3,109,40,36.69724770642202,10900,8900,81.65137614678899,15,94.12844036697248,36.69724770642202,55.04587155963303,5.825688073394495,4.477064220183486,3.0,12.921100917431191,6.7,850,9.55056179775281,0,10,10,,,,
finish_time,70-80,4-5,61,15,24.59016393442623,6100,3990,65.40983606557377,5,52.950819672131146,26.229508196721312,49.18032786885246,6.311475409836065,5.147540983606557,4.0,19.45737704918033,9.9,1490,37.34335839598997,1,9,10,,,,
finish_time,70-80,6-9,70,19,27.142857142857142,7000,6160,88.0,3,21.714285714285715,27.142857142857142,42.857142857142854,6.985714285714286,7.5,7.5,37.169999999999995,20.9,610,9.902597402597403,0,7,10,,,,
finish_time,70-80,10+,22,3,13.636363636363637,2200,11790,535.9090909090909,2,1318.1818181818182,13.636363636363635,22.727272727272727,8.5,11.090909090909092,10.5,128.71363636363637,45.150000000000006,8740,74.1306191687871,2,2,7,,,,
quantile,performance_signal,80-90,260,91,35.0,26000,26960,103.6923076923077,33,109.38461538461539,35.38461538461539,55.769230769230774,5.918287937743191,5.7384615384615385,5.0,24.043076923076924,10.8,1810,6.713649851632048,4,10,10,,,,
finish_time,80-90,1-3,150,59,39.333333333333336,15000,12660,84.4,23,87.13333333333334,40.0,62.66666666666667,5.297297297297297,4.326666666666667,3.5,13.211333333333336,7.300000000000001,820,6.477093206951027,0,10,10,,,,
finish_time,80-90,4-5,54,18,33.333333333333336,5400,5540,102.5925925925926,5,93.70370370370371,33.33333333333333,57.407407407407405,6.203703703703703,6.648148148148148,5.5,26.65555555555555,13.2,1060,19.133574007220215,1,7,10,,,,
finish_time,80-90,6-9,44,8,18.181818181818183,4400,3370,76.5909090909091,3,175.0,18.181818181818183,31.818181818181817,7.651162790697675,8.840909090909092,9.0,55.325,32.45,1310,38.87240356083086,1,4,10,,,,
finish_time,80-90,10+,12,6,50.0,1200,5390,449.1666666666667,2,217.5,50.0,50.0,6.083333333333333,7.916666666666667,8.5,32.98333333333333,20.75,1810,33.580705009276436,2,4,5,,,,
quantile,performance_signal,top10,259,97,37.45173745173745,25900,19680,75.98455598455598,38,80.0,38.22393822393823,52.123552123552116,6.224806201550388,4.7992277992278,4.0,18.214285714285715,7.9,1060,5.3861788617886175,1,10,10,,,,
finish_time,top10,1-3,185,82,44.32432432432432,18500,15550,84.05405405405405,30,57.83783783783784,45.40540540540541,60.0,5.616216216216216,3.5675675675675675,3.0,9.397297297297298,5.5,1060,6.816720257234727,1,10,10,,,,
finish_time,top10,4-5,36,9,25.0,3600,2130,59.166666666666664,5,120.27777777777777,25.0,38.88888888888889,7.171428571428572,5.805555555555555,5.0,16.15833333333333,12.6,350,16.431924882629108,0,5,10,,,,
finish_time,top10,6-9,30,4,13.333333333333334,3000,960,32.0,1,37.333333333333336,13.333333333333334,26.666666666666668,8.3,9.266666666666667,8.5,57.17333333333334,27.85,290,30.208333333333332,0,4,8,,,,
finish_time,top10,10+,8,2,25.0,800,1040,130.0,2,571.25,25.0,25.0,8.375,12.0,12.5,85.26249999999999,46.6,530,50.96153846153846,0,2,5,,,,
quantile,front_pace_opposition_raw,bottom50,922,181,19.63123644251627,92200,66190,71.78958785249458,67,73.79609544468546,20.281995661605208,34.164859002169194,7.6789989118607185,8.026030368763557,8.0,66.36062906724513,27.8,3110,4.698594953920532,12,10,10,,,,
quantile,front_pace_opposition_raw,50-70,371,93,25.067385444743934,37100,39140,105.49865229110512,37,161.96765498652292,25.067385444743934,39.083557951482476,7.254054054054054,7.320754716981132,7.0,47.38544474393531,19.0,8740,22.33009708737864,6,10,10,,,,
quantile,front_pace_opposition_raw,70-80,185,42,22.7027027027027,18500,13270,71.72972972972973,13,92.75675675675676,24.324324324324326,43.78378378378379,7.021739130434782,6.789189189189189,6.0,41.87837837837838,16.5,1170,8.81688018085908,2,9,10,,,,
quantile,front_pace_opposition_raw,80-90,185,61,32.972972972972975,18500,15680,84.75675675675676,14,38.75675675675676,33.513513513513516,48.10810810810811,6.702702702702703,6.037837837837838,5.0,28.720000000000002,11.7,1230,7.844387755102041,2,10,10,,,,
quantile,front_pace_opposition_raw,top10,185,43,23.243243243243242,18500,16140,87.24324324324324,14,59.62162162162162,23.243243243243246,37.83783783783784,7.75,6.535135135135135,6.0,32.72324324324324,13.4,4820,29.8636926889715,2,10,10,,,,
quantile,rear_pace_opposition_raw,bottom50,924,241,26.082251082251084,92400,70660,76.47186147186147,81,74.82683982683983,26.623376623376622,41.66666666666667,7.154180238870793,6.573593073593074,6.0,37.345021645021646,14.6,4820,6.8213982451174635,8,10,10,,,,
quantile,rear_pace_opposition_raw,50-70,369,86,23.306233062330623,36900,37640,102.00542005420054,31,139.5121951219512,23.577235772357724,39.56639566395664,7.296195652173913,7.430894308943089,7.0,54.88482384823848,19.9,8740,23.219978746014878,6,10,10,,,,
quantile,rear_pace_opposition_raw,70-80,184,30,16.304347826086957,18400,15330,83.31521739130434,9,54.23913043478261,16.847826086956523,30.434782608695656,8.21311475409836,8.820652173913043,9.0,65.89402173913044,32.45,1810,11.806914546640574,5,10,10,,,,
quantile,rear_pace_opposition_raw,80-90,186,33,17.741935483870968,18600,13510,72.63440860215054,11,71.45161290322581,18.817204301075268,33.87096774193548,7.978494623655914,8.801075268817204,9.0,80.65161290322581,37.2,2830,20.94744633604737,2,10,10,,,,
quantile,rear_pace_opposition_raw,top10,185,30,16.216216216216218,18500,13280,71.78378378378379,13,105.94594594594595,16.756756756756758,27.027027027027028,7.815217391304348,8.767567567567568,9.0,86.45405405405405,47.4,3110,23.41867469879518,3,10,10,,,,
pace_position,BACK_LOADED,0-.2,53,6,11.320754716981131,5300,2370,44.716981132075475,2,21.132075471698112,13.20754716981132,15.09433962264151,8.830188679245284,9.88679245283019,11.0,106.64716981132077,56.5,1050,44.30379746835443,1,4,9,,,,
pace_position,BACK_LOADED,>.2-.4,65,14,21.53846153846154,6500,3670,56.46153846153846,5,55.38461538461539,21.53846153846154,32.30769230769231,7.476923076923077,7.984615384615385,8.0,71.96923076923076,23.2,580,15.803814713896458,0,7,10,,,,
pace_position,BACK_LOADED,>.4-.6,84,14,16.666666666666668,8400,6700,79.76190476190476,4,58.57142857142857,16.666666666666664,33.33333333333333,8.511904761904763,9.166666666666666,9.0,64.70714285714287,36.5,1090,16.26865671641791,2,7,10,,,,
pace_position,BACK_LOADED,>.6-.8,83,22,26.50602409638554,8300,6790,81.80722891566265,10,115.66265060240964,26.506024096385545,49.39759036144578,6.5,6.602409638554217,5.0,41.39277108433735,11.5,700,10.309278350515465,0,8,10,,,,
pace_position,BACK_LOADED,>.8-1,126,42,33.333333333333336,12600,10880,86.34920634920636,19,99.76190476190476,34.12698412698413,45.23809523809524,6.8,5.619047619047619,5.0,26.571428571428573,10.4,1440,13.235294117647058,1,10,10,,,,
pace_position,BALANCED,0-.2,124,17,13.709677419354838,12400,10100,81.45161290322581,8,103.30645161290323,13.709677419354838,22.58064516129032,8.821138211382113,9.774193548387096,10.0,106.84677419354838,64.35,2830,28.019801980198018,3,9,10,,,,
pace_position,BALANCED,>.2-.4,124,21,16.93548387096774,12400,9210,74.2741935483871,7,61.854838709677416,16.93548387096774,29.838709677419356,8.308943089430894,8.774193548387096,9.0,71.08387096774193,34.650000000000006,1810,19.65255157437568,2,10,10,,,,
pace_position,BALANCED,>.4-.6,131,32,24.427480916030536,13100,20190,154.12213740458014,11,230.99236641221373,25.190839694656486,41.221374045801525,7.0534351145038165,7.595419847328245,7.0,54.217557251908396,18.6,8740,43.28875681030213,4,10,10,,,,
pace_position,BALANCED,>.6-.8,130,39,30.0,13000,10030,77.15384615384616,10,62.92307692307692,30.76923076923077,46.92307692307692,6.684615384615385,6.3,6.0,31.176923076923078,12.9,1060,10.568295114656031,1,9,10,,,,
pace_position,BALANCED,>.8-1,194,58,29.896907216494846,19400,13530,69.74226804123711,23,84.43298969072166,29.896907216494846,45.36082474226804,6.93298969072165,5.871134020618556,5.0,23.499484536082477,11.4,1030,7.612712490761271,1,10,10,,,,
pace_position,FRONT_LOADED,0-.2,43,2,4.651162790697675,4300,3060,71.16279069767442,0,0.0,4.651162790697675,20.930232558139537,8.674418604651162,10.093023255813954,11.0,110.63023255813954,88.6,2860,93.4640522875817,1,2,10,,,,
pace_position,FRONT_LOADED,>.2-.4,74,13,17.56756756756757,7400,5590,75.54054054054055,5,131.75675675675674,17.56756756756757,33.78378378378378,7.864864864864865,8.95945945945946,8.0,65.5027027027027,32.599999999999994,1310,23.43470483005367,2,8,10,,,,
pace_position,FRONT_LOADED,>.4-.6,65,12,18.46153846153846,6500,4110,63.23076923076923,3,98.61538461538461,18.461538461538463,41.53846153846154,7.390625,7.492307692307692,7.0,54.70307692307692,21.3,960,23.357664233576642,0,6,10,,,,
pace_position,FRONT_LOADED,>.6-.8,53,12,22.641509433962263,5300,8350,157.54716981132074,2,33.20754716981132,22.641509433962266,41.509433962264154,7.7924528301886795,6.3584905660377355,5.0,27.726415094339625,12.9,4820,57.724550898203596,2,5,10,,,,
pace_position,FRONT_LOADED,>.8-1,98,24,24.489795918367346,9800,6430,65.61224489795919,6,29.081632653061224,24.489795918367346,37.755102040816325,7.63265306122449,6.795918367346939,6.0,38.347959183673474,14.85,1120,17.418351477449455,1,9,10,,,,
pace_position,VERY_BACK_LOADED,0-.2,47,7,14.893617021276595,4700,3420,72.76595744680851,3,122.55319148936171,14.893617021276595,29.78723404255319,7.9361702127659575,9.212765957446809,9.0,95.08723404255318,52.0,1390,40.64327485380117,1,7,10,,,,
pace_position,VERY_BACK_LOADED,>.2-.4,39,11,28.205128205128204,3900,5920,151.7948717948718,4,235.12820512820514,28.205128205128204,48.717948717948715,5.769230769230769,7.256410256410256,7.0,42.74871794871795,27.6,3110,52.53378378378378,1,8,10,,,,
pace_position,VERY_BACK_LOADED,>.4-.6,49,8,16.3265306122449,4900,1900,38.775510204081634,3,71.63265306122449,22.448979591836736,36.734693877551024,7.428571428571429,7.0,7.0,51.36734693877551,23.3,690,36.31578947368421,0,7,10,,,,
pace_position,VERY_BACK_LOADED,>.6-.8,45,8,17.77777777777778,4500,1840,40.888888888888886,2,10.0,17.77777777777778,37.77777777777778,6.866666666666666,6.2,6.0,29.30000000000001,14.9,480,26.08695652173913,0,6,9,,,,
pace_position,VERY_BACK_LOADED,>.8-1,59,22,37.28813559322034,5900,5110,86.61016949152543,10,137.96610169491527,38.983050847457626,50.847457627118644,5.796610169491525,4.830508474576271,4.0,19.227118644067794,7.4,960,18.786692759295498,0,8,10,,,,
pace_position,VERY_FRONT_LOADED,0-.2,30,4,13.333333333333334,3000,1110,37.0,0,0.0,13.333333333333334,20.0,8.466666666666667,9.0,9.0,89.90666666666668,46.7,490,44.14414414414414,0,3,8,,,,
pace_position,VERY_FRONT_LOADED,>.2-.4,21,3,14.285714285714286,2100,1530,72.85714285714286,0,0.0,14.285714285714285,19.047619047619047,8.238095238095237,9.380952380952381,10.0,66.03809523809522,38.8,650,42.48366013071895,0,3,8,,,,
pace_position,VERY_FRONT_LOADED,>.4-.6,29,8,27.586206896551722,2900,3450,118.96551724137932,1,22.06896551724138,34.48275862068966,55.172413793103445,6.172413793103448,6.448275862068965,6.0,47.99310344827586,17.9,1170,33.91304347826087,1,5,10,,,,
pace_position,VERY_FRONT_LOADED,>.6-.8,36,10,27.77777777777778,3600,2220,61.666666666666664,2,65.83333333333333,27.77777777777778,38.88888888888889,7.444444444444445,6.75,6.0,36.408333333333324,13.600000000000001,450,20.27027027027027,0,5,9,,,,
pace_position,VERY_FRONT_LOADED,>.8-1,46,11,23.91304347826087,4600,2910,63.26086956521739,5,121.08695652173913,23.91304347826087,41.30434782608695,7.2444444444444445,5.8478260869565215,5.0,27.643478260869564,11.8,850,29.209621993127147,0,6,9,,,,
signal,ALL_USABLE,ALL,2590,576,22.23938223938224,259000,200600,77.45173745173746,196,90.54826254826254,22.702702702702705,37.83783783783784,7.414020139426801,7.448648648648649,7.0,54.88007722007722,20.5,8740,4.356929212362911,30,10,10,,,,
odds_band,ALL_USABLE,<5,360,215,59.72222222222222,36000,30850,85.69444444444444,95,74.33333333333333,60.83333333333333,78.61111111111111,3.9108635097493036,1.5444444444444445,1.0,3.2341666666666673,3.3,270,0.8752025931928687,0,10,10,59.72222222222222,85.69444444444444,0.0,0.0
odds_band,ALL_USABLE,5-9.9,436,149,34.174311926605505,43600,34130,78.27981651376147,49,75.0,35.55045871559633,56.88073394495413,5.645977011494253,3.5573394495412844,4.0,7.306192660550459,7.1,1030,3.017872839144448,1,10,10,34.174311926605505,78.27981651376147,0.0,0.0
odds_band,ALL_USABLE,10-29.9,736,159,21.60326086956522,73600,66280,90.05434782608695,38,90.0,21.73913043478261,40.48913043478261,6.945355191256831,6.760869565217392,7.0,18.14171195652174,17.25,1440,2.172601086300543,4,10,10,21.603260869565215,90.05434782608695,3.552713678800501e-15,0.0
odds_band,ALL_USABLE,30-99.9,621,43,6.9243156199677935,62100,37270,60.01610305958132,12,95.71658615136876,7.085346215780998,18.84057971014493,9.0402576489533,10.458937198067632,10.0,55.363285024154585,51.1,1810,4.856452911188623,15,10,10,6.924315619967794,60.01610305958132,-8.881784197001252e-16,0.0
odds_band,ALL_USABLE,>=100,437,10,2.288329519450801,43700,32070,73.38672768878719,2,112.99771167048056,2.2883295194508007,7.780320366132723,10.540229885057471,13.075514874141877,13.0,206.07940503432494,179.3,8740,27.25288431555971,10,7,10,2.2883295194508007,73.38672768878719,4.440892098500626e-16,0.0
popularity_band,ALL_USABLE,1-3,587,305,51.959114139693355,58700,51020,86.91652470187394,125,79.14821124361158,53.4923339011925,71.89097103918229,4.445392491467577,1.9982964224872233,2.0,4.63100511073254,4.2,1230,2.4108192865542923,1,10,10,,,,
popularity_band,ALL_USABLE,4-6,587,147,25.04258943781942,58700,43030,73.30494037478705,37,62.981260647359456,25.55366269165247,47.018739352640544,6.351535836177474,4.998296422487223,5.0,13.89403747870528,11.6,1030,2.3936788287241457,2,10,10,,,,
popularity_band,ALL_USABLE,7-9,553,86,15.551537070524413,55300,50140,90.66907775768536,23,115.04520795660036,15.551537070524413,31.645569620253166,7.441016333938294,7.967450271247739,8.0,38.193309222423146,26.7,3110,6.202632628639808,6,10,10,,,,
popularity_band,ALL_USABLE,10+,863,38,4.40324449594438,86300,56410,65.36500579374275,11,101.35573580533024,4.40324449594438,12.398609501738122,10.146682188591384,12.490150637311704,12.0,127.6295480880649,92.5,8740,15.493706789576317,21,10,10,,,,
target_date,ALL_USABLE,2026-09-05,378,88,23.280423280423282,37800,25500,67.46031746031746,30,89.1005291005291,23.809523809523807,39.682539682539684,7.12962962962963,7.134920634920635,7.0,62.32354497354498,19.4,2090,8.196078431372548,4,1,1,,,,
target_date,ALL_USABLE,2026-09-06,443,95,21.44469525959368,44300,46110,104.08577878103837,32,131.4446952595937,21.670428893905193,36.11738148984199,7.622171945701357,7.686230248306997,7.0,61.99841986455982,19.9,8740,18.95467360659293,6,1,1,,,,
target_date,ALL_USABLE,2026-09-12,263,55,20.91254752851711,26300,17660,67.14828897338403,19,73.42205323193916,21.673003802281368,36.12167300380228,7.675572519083969,7.749049429657795,7.0,47.185931558935366,19.8,1310,7.417893544733862,3,1,1,,,,
target_date,ALL_USABLE,2026-09-13,285,62,21.75438596491228,28500,17200,60.35087719298246,21,56.31578947368421,22.105263157894736,36.84210526315789,7.53356890459364,7.568421052631579,7.0,54.89263157894737,22.1,1060,6.162790697674419,1,1,1,,,,
target_date,ALL_USABLE,2026-09-19,212,53,25.0,21200,22140,104.43396226415095,18,209.0566037735849,25.471698113207548,42.45283018867924,6.7440758293838865,6.783018867924528,6.0,45.07783018867924,18.15,4170,18.834688346883468,7,1,1,,,,
target_date,ALL_USABLE,2026-09-20,261,56,21.455938697318008,26100,16020,61.37931034482759,19,85.59386973180077,21.839080459770116,36.39846743295019,7.576923076923077,7.597701149425287,7.0,54.01762452107279,23.6,820,5.118601747815231,0,1,1,,,,
target_date,ALL_USABLE,2026-09-21,134,30,22.388059701492537,13400,9090,67.83582089552239,10,39.32835820895522,22.388059701492537,37.3134328358209,7.473684210526316,7.529850746268656,7.0,45.81268656716418,19.9,1070,11.77117711771177,2,1,1,,,,
target_date,ALL_USABLE,2026-09-22,124,27,21.774193548387096,12400,9540,76.93548387096774,9,72.01612903225806,21.774193548387096,36.29032258064516,7.588709677419355,7.588709677419355,7.0,47.00967741935484,23.8,2830,29.664570230607968,1,1,1,,,,
target_date,ALL_USABLE,2026-09-26,247,55,22.267206477732792,24700,18060,73.11740890688259,19,49.35222672064777,23.076923076923077,38.46153846153847,7.437246963562753,7.437246963562753,7.0,61.59311740890688,21.3,3110,17.220376522702104,2,1,1,,,,
target_date,ALL_USABLE,2026-09-27,243,55,22.633744855967077,24300,19280,79.34156378600824,19,58.43621399176955,23.456790123456788,39.09465020576132,7.318181818181818,7.3539094650205765,7.0,50.30781893004116,20.8,1810,9.387966804979254,4,1,1,,,,
source_finish_band,ALL_USABLE,1-3,733,291,39.69986357435198,73300,63420,86.52114597544339,107,82.56480218281037,40.65484311050477,57.70804911323329,5.629274965800273,4.321964529331514,4.0,12.752387448840382,7.1,1440,2.270577105014191,3,10,10,,,,
source_finish_band,ALL_USABLE,4-5,447,100,22.371364653243848,44700,28870,64.58612975391499,36,83.51230425055928,22.818791946308725,43.624161073825505,6.818385650224215,6.181208053691275,6.0,24.861297539149888,14.7,1490,5.161066851402841,4,10,10,,,,
source_finish_band,ALL_USABLE,6-9,743,118,15.88156123822342,74300,47190,63.51278600269179,32,81.21130551816958,16.01615074024226,30.551816958277257,7.819163292847503,8.53028263795424,8.0,61.953028263795424,33.7,1390,2.9455393091756727,7,10,10,,,,
source_finish_band,ALL_USABLE,10+,667,67,10.044977511244378,66700,61120,91.63418290854572,21,114.43778110944528,10.344827586206897,20.239880059970012,9.326807228915662,10.529235382308846,11.0,113.41499250374811,71.9,8740,14.299738219895287,16,10,10,,,,
previous_surface_code,ALL_USABLE,1,1419,325,22.903453136011276,141900,126000,88.79492600422833,110,103.24876673713884,23.53770260747005,38.6892177589852,7.35102618542109,7.306553911205074,7.0,52.9493305144468,19.9,8740,6.936507936507937,20,10,10,,,,
previous_surface_code,ALL_USABLE,2,1171,251,21.43467122117848,117100,74600,63.70623398804441,86,75.15798462852263,21.690862510674638,36.806148590947906,7.4901625320787,7.620836891545688,7.0,57.2197267292912,21.4,2860,3.8337801608579087,10,10,10,,,,
source_distance_band,ALL_USABLE,<=1400,960,196,20.416666666666668,96000,70910,73.86458333333333,65,124.30208333333333,20.625,34.6875,7.7570385818561,7.769791666666666,8.0,57.90895833333333,21.95,8740,12.32548300662812,8,10,10,,,,
source_distance_band,ALL_USABLE,1401-1800,1141,274,24.01402278702892,114100,84330,73.908851884312,97,64.96056091148115,24.715162138475023,40.753724802804555,7.125880281690141,7.268185801928134,7.0,54.86248904469764,20.1,3110,3.687892802087039,13,10,10,,,,
source_distance_band,ALL_USABLE,1801-2200,392,80,20.408163265306122,39200,35000,89.28571428571429,24,88.69897959183673,20.918367346938776,35.204081632653065,7.651282051282052,7.410714285714286,7.0,52.74234693877551,18.85,4820,13.771428571428572,6,10,10,,,,
source_distance_band,ALL_USABLE,>=2201,97,26,26.804123711340207,9700,10360,106.80412371134021,10,64.94845360824742,26.804123711340207,45.36082474226804,6.443298969072165,6.546391752577319,7.0,33.74948453608247,14.4,2090,20.173745173745175,3,9,10,,,,
previous_declared_class_group,ALL_USABLE,CLASS_1,802,178,22.194513715710723,80200,52880,65.93516209476309,66,69.01496259351622,22.31920199501247,37.406483790523694,7.62375,7.58354114713217,7.0,55.062094763092276,19.9,1810,3.4228441754916794,4,10,10,,,,
previous_declared_class_group,ALL_USABLE,CLASS_2,364,70,19.23076923076923,36400,28010,76.95054945054945,22,133.92857142857142,19.505494505494507,33.24175824175824,7.741758241758242,7.975274725274725,8.0,57.98186813186813,25.65,4170,14.887540164227062,5,10,10,,,,
previous_declared_class_group,ALL_USABLE,CLASS_3,177,37,20.903954802259886,17700,15790,89.2090395480226,13,82.31638418079096,21.468926553672315,40.67796610169492,7.242937853107344,7.576271186440678,7.0,33.97062146892655,18.1,1640,10.3863204559848,4,10,10,,,,
previous_declared_class_group,ALL_USABLE,G1,38,10,26.31578947368421,3800,2680,70.52631578947368,1,3.6842105263157894,26.31578947368421,39.473684210526315,6.394736842105263,4.552631578947368,4.0,12.960526315789474,8.7,670,25.0,0,5,9,,,,
previous_declared_class_group,ALL_USABLE,G2,10,1,10.0,1000,810,81.0,1,245.0,10.0,20.0,10.4,8.4,7.5,22.0,21.65,810,100.0,0,1,4,,,,
previous_declared_class_group,ALL_USABLE,G3,75,17,22.666666666666668,7500,6840,91.2,6,58.8,22.666666666666664,33.33333333333333,8.054054054054054,7.973333333333334,7.0,36.55066666666667,18.2,1050,15.350877192982455,2,7,10,,,,
previous_declared_class_group,ALL_USABLE,MAIDEN,733,163,22.237380627557982,73300,66160,90.25920873124147,51,105.83901773533424,22.646657571623464,37.244201909959074,7.480821917808219,7.592087312414734,7.0,62.696452933151434,22.9,8740,13.210399032648125,11,10,10,,,,
previous_declared_class_group,ALL_USABLE,NEWCOMER,310,86,27.741935483870968,31000,22270,71.83870967741936,32,73.29032258064517,29.677419354838708,47.74193548387097,6.132686084142395,6.070967741935484,5.5,58.15935483870967,17.1,3110,13.964975303098338,3,10,10,,,,
previous_declared_class_group,ALL_USABLE,OPEN,81,14,17.28395061728395,8100,5160,63.7037037037037,4,105.55555555555556,17.28395061728395,29.629629629629626,8.0625,8.197530864197532,8.0,42.24320987654321,23.5,1240,24.031007751937985,1,5,9,,,,
signal,TIME_COMPLETE,ALL,2590,576,22.23938223938224,259000,200600,77.45173745173746,196,90.54826254826254,22.702702702702705,37.83783783783784,7.414020139426801,7.448648648648649,7.0,54.88007722007722,20.5,8740,4.356929212362911,30,10,10,,,,
odds_band,TIME_COMPLETE,<5,360,215,59.72222222222222,36000,30850,85.69444444444444,95,74.33333333333333,60.83333333333333,78.61111111111111,3.9108635097493036,1.5444444444444445,1.0,3.2341666666666673,3.3,270,0.8752025931928687,0,10,10,59.72222222222222,85.69444444444444,0.0,0.0
odds_band,TIME_COMPLETE,5-9.9,436,149,34.174311926605505,43600,34130,78.27981651376147,49,75.0,35.55045871559633,56.88073394495413,5.645977011494253,3.5573394495412844,4.0,7.306192660550459,7.1,1030,3.017872839144448,1,10,10,34.174311926605505,78.27981651376147,0.0,0.0
odds_band,TIME_COMPLETE,10-29.9,736,159,21.60326086956522,73600,66280,90.05434782608695,38,90.0,21.73913043478261,40.48913043478261,6.945355191256831,6.760869565217392,7.0,18.14171195652174,17.25,1440,2.172601086300543,4,10,10,21.603260869565215,90.05434782608695,3.552713678800501e-15,0.0
odds_band,TIME_COMPLETE,30-99.9,621,43,6.9243156199677935,62100,37270,60.01610305958132,12,95.71658615136876,7.085346215780998,18.84057971014493,9.0402576489533,10.458937198067632,10.0,55.363285024154585,51.1,1810,4.856452911188623,15,10,10,6.924315619967794,60.01610305958132,-8.881784197001252e-16,0.0
odds_band,TIME_COMPLETE,>=100,437,10,2.288329519450801,43700,32070,73.38672768878719,2,112.99771167048056,2.2883295194508007,7.780320366132723,10.540229885057471,13.075514874141877,13.0,206.07940503432494,179.3,8740,27.25288431555971,10,7,10,2.2883295194508007,73.38672768878719,4.440892098500626e-16,0.0
popularity_band,TIME_COMPLETE,1-3,587,305,51.959114139693355,58700,51020,86.91652470187394,125,79.14821124361158,53.4923339011925,71.89097103918229,4.445392491467577,1.9982964224872233,2.0,4.63100511073254,4.2,1230,2.4108192865542923,1,10,10,,,,
popularity_band,TIME_COMPLETE,4-6,587,147,25.04258943781942,58700,43030,73.30494037478705,37,62.981260647359456,25.55366269165247,47.018739352640544,6.351535836177474,4.998296422487223,5.0,13.89403747870528,11.6,1030,2.3936788287241457,2,10,10,,,,
popularity_band,TIME_COMPLETE,7-9,553,86,15.551537070524413,55300,50140,90.66907775768536,23,115.04520795660036,15.551537070524413,31.645569620253166,7.441016333938294,7.967450271247739,8.0,38.193309222423146,26.7,3110,6.202632628639808,6,10,10,,,,
popularity_band,TIME_COMPLETE,10+,863,38,4.40324449594438,86300,56410,65.36500579374275,11,101.35573580533024,4.40324449594438,12.398609501738122,10.146682188591384,12.490150637311704,12.0,127.6295480880649,92.5,8740,15.493706789576317,21,10,10,,,,
target_date,TIME_COMPLETE,2026-09-05,378,88,23.280423280423282,37800,25500,67.46031746031746,30,89.1005291005291,23.809523809523807,39.682539682539684,7.12962962962963,7.134920634920635,7.0,62.32354497354498,19.4,2090,8.196078431372548,4,1,1,,,,
target_date,TIME_COMPLETE,2026-09-06,443,95,21.44469525959368,44300,46110,104.08577878103837,32,131.4446952595937,21.670428893905193,36.11738148984199,7.622171945701357,7.686230248306997,7.0,61.99841986455982,19.9,8740,18.95467360659293,6,1,1,,,,
target_date,TIME_COMPLETE,2026-09-12,263,55,20.91254752851711,26300,17660,67.14828897338403,19,73.42205323193916,21.673003802281368,36.12167300380228,7.675572519083969,7.749049429657795,7.0,47.185931558935366,19.8,1310,7.417893544733862,3,1,1,,,,
target_date,TIME_COMPLETE,2026-09-13,285,62,21.75438596491228,28500,17200,60.35087719298246,21,56.31578947368421,22.105263157894736,36.84210526315789,7.53356890459364,7.568421052631579,7.0,54.89263157894737,22.1,1060,6.162790697674419,1,1,1,,,,
target_date,TIME_COMPLETE,2026-09-19,212,53,25.0,21200,22140,104.43396226415095,18,209.0566037735849,25.471698113207548,42.45283018867924,6.7440758293838865,6.783018867924528,6.0,45.07783018867924,18.15,4170,18.834688346883468,7,1,1,,,,
target_date,TIME_COMPLETE,2026-09-20,261,56,21.455938697318008,26100,16020,61.37931034482759,19,85.59386973180077,21.839080459770116,36.39846743295019,7.576923076923077,7.597701149425287,7.0,54.01762452107279,23.6,820,5.118601747815231,0,1,1,,,,
target_date,TIME_COMPLETE,2026-09-21,134,30,22.388059701492537,13400,9090,67.83582089552239,10,39.32835820895522,22.388059701492537,37.3134328358209,7.473684210526316,7.529850746268656,7.0,45.81268656716418,19.9,1070,11.77117711771177,2,1,1,,,,
target_date,TIME_COMPLETE,2026-09-22,124,27,21.774193548387096,12400,9540,76.93548387096774,9,72.01612903225806,21.774193548387096,36.29032258064516,7.588709677419355,7.588709677419355,7.0,47.00967741935484,23.8,2830,29.664570230607968,1,1,1,,,,
target_date,TIME_COMPLETE,2026-09-26,247,55,22.267206477732792,24700,18060,73.11740890688259,19,49.35222672064777,23.076923076923077,38.46153846153847,7.437246963562753,7.437246963562753,7.0,61.59311740890688,21.3,3110,17.220376522702104,2,1,1,,,,
target_date,TIME_COMPLETE,2026-09-27,243,55,22.633744855967077,24300,19280,79.34156378600824,19,58.43621399176955,23.456790123456788,39.09465020576132,7.318181818181818,7.3539094650205765,7.0,50.30781893004116,20.8,1810,9.387966804979254,4,1,1,,,,
source_finish_band,TIME_COMPLETE,1-3,733,291,39.69986357435198,73300,63420,86.52114597544339,107,82.56480218281037,40.65484311050477,57.70804911323329,5.629274965800273,4.321964529331514,4.0,12.752387448840382,7.1,1440,2.270577105014191,3,10,10,,,,
source_finish_band,TIME_COMPLETE,4-5,447,100,22.371364653243848,44700,28870,64.58612975391499,36,83.51230425055928,22.818791946308725,43.624161073825505,6.818385650224215,6.181208053691275,6.0,24.861297539149888,14.7,1490,5.161066851402841,4,10,10,,,,
source_finish_band,TIME_COMPLETE,6-9,743,118,15.88156123822342,74300,47190,63.51278600269179,32,81.21130551816958,16.01615074024226,30.551816958277257,7.819163292847503,8.53028263795424,8.0,61.953028263795424,33.7,1390,2.9455393091756727,7,10,10,,,,
source_finish_band,TIME_COMPLETE,10+,667,67,10.044977511244378,66700,61120,91.63418290854572,21,114.43778110944528,10.344827586206897,20.239880059970012,9.326807228915662,10.529235382308846,11.0,113.41499250374811,71.9,8740,14.299738219895287,16,10,10,,,,
previous_surface_code,TIME_COMPLETE,1,1419,325,22.903453136011276,141900,126000,88.79492600422833,110,103.24876673713884,23.53770260747005,38.6892177589852,7.35102618542109,7.306553911205074,7.0,52.9493305144468,19.9,8740,6.936507936507937,20,10,10,,,,
previous_surface_code,TIME_COMPLETE,2,1171,251,21.43467122117848,117100,74600,63.70623398804441,86,75.15798462852263,21.690862510674638,36.806148590947906,7.4901625320787,7.620836891545688,7.0,57.2197267292912,21.4,2860,3.8337801608579087,10,10,10,,,,
source_distance_band,TIME_COMPLETE,<=1400,960,196,20.416666666666668,96000,70910,73.86458333333333,65,124.30208333333333,20.625,34.6875,7.7570385818561,7.769791666666666,8.0,57.90895833333333,21.95,8740,12.32548300662812,8,10,10,,,,
source_distance_band,TIME_COMPLETE,1401-1800,1141,274,24.01402278702892,114100,84330,73.908851884312,97,64.96056091148115,24.715162138475023,40.753724802804555,7.125880281690141,7.268185801928134,7.0,54.86248904469764,20.1,3110,3.687892802087039,13,10,10,,,,
source_distance_band,TIME_COMPLETE,1801-2200,392,80,20.408163265306122,39200,35000,89.28571428571429,24,88.69897959183673,20.918367346938776,35.204081632653065,7.651282051282052,7.410714285714286,7.0,52.74234693877551,18.85,4820,13.771428571428572,6,10,10,,,,
source_distance_band,TIME_COMPLETE,>=2201,97,26,26.804123711340207,9700,10360,106.80412371134021,10,64.94845360824742,26.804123711340207,45.36082474226804,6.443298969072165,6.546391752577319,7.0,33.74948453608247,14.4,2090,20.173745173745175,3,9,10,,,,
previous_declared_class_group,TIME_COMPLETE,CLASS_1,802,178,22.194513715710723,80200,52880,65.93516209476309,66,69.01496259351622,22.31920199501247,37.406483790523694,7.62375,7.58354114713217,7.0,55.062094763092276,19.9,1810,3.4228441754916794,4,10,10,,,,
previous_declared_class_group,TIME_COMPLETE,CLASS_2,364,70,19.23076923076923,36400,28010,76.95054945054945,22,133.92857142857142,19.505494505494507,33.24175824175824,7.741758241758242,7.975274725274725,8.0,57.98186813186813,25.65,4170,14.887540164227062,5,10,10,,,,
previous_declared_class_group,TIME_COMPLETE,CLASS_3,177,37,20.903954802259886,17700,15790,89.2090395480226,13,82.31638418079096,21.468926553672315,40.67796610169492,7.242937853107344,7.576271186440678,7.0,33.97062146892655,18.1,1640,10.3863204559848,4,10,10,,,,
previous_declared_class_group,TIME_COMPLETE,G1,38,10,26.31578947368421,3800,2680,70.52631578947368,1,3.6842105263157894,26.31578947368421,39.473684210526315,6.394736842105263,4.552631578947368,4.0,12.960526315789474,8.7,670,25.0,0,5,9,,,,
previous_declared_class_group,TIME_COMPLETE,G2,10,1,10.0,1000,810,81.0,1,245.0,10.0,20.0,10.4,8.4,7.5,22.0,21.65,810,100.0,0,1,4,,,,
previous_declared_class_group,TIME_COMPLETE,G3,75,17,22.666666666666668,7500,6840,91.2,6,58.8,22.666666666666664,33.33333333333333,8.054054054054054,7.973333333333334,7.0,36.55066666666667,18.2,1050,15.350877192982455,2,7,10,,,,
previous_declared_class_group,TIME_COMPLETE,MAIDEN,733,163,22.237380627557982,73300,66160,90.25920873124147,51,105.83901773533424,22.646657571623464,37.244201909959074,7.480821917808219,7.592087312414734,7.0,62.696452933151434,22.9,8740,13.210399032648125,11,10,10,,,,
previous_declared_class_group,TIME_COMPLETE,NEWCOMER,310,86,27.741935483870968,31000,22270,71.83870967741936,32,73.29032258064517,29.677419354838708,47.74193548387097,6.132686084142395,6.070967741935484,5.5,58.15935483870967,17.1,3110,13.964975303098338,3,10,10,,,,
previous_declared_class_group,TIME_COMPLETE,OPEN,81,14,17.28395061728395,8100,5160,63.7037037037037,4,105.55555555555556,17.28395061728395,29.629629629629626,8.0625,8.197530864197532,8.0,42.24320987654321,23.5,1240,24.031007751937985,1,5,9,,,,
signal,PACE_COMPLETE,ALL,1848,420,22.727272727272727,184800,150420,81.3961038961039,145,88.46861471861472,23.26839826839827,37.878787878787875,7.437024972855592,7.412337662337662,7.0,52.96482683982684,19.9,8740,5.81039755351682,24,10,10,,,,
odds_band,PACE_COMPLETE,<5,266,161,60.526315789473685,26600,23270,87.4812030075188,69,74.3984962406015,61.65413533834586,79.32330827067669,3.860377358490566,1.556390977443609,1.0,3.2530075187969922,3.3,270,1.1602922217447358,0,10,10,59.72222222222222,85.69444444444444,0.8040935672514635,1.7867585630743577
odds_band,PACE_COMPLETE,5-9.9,322,108,33.54037267080745,32200,25080,77.88819875776397,37,78.72670807453416,35.09316770186335,55.590062111801245,5.682242990654205,3.5745341614906834,4.0,7.351863354037268,7.2,1030,4.106858054226476,1,10,10,34.174311926605505,78.27981651376147,-0.6339392557980545,-0.39161775599750115
odds_band,PACE_COMPLETE,10-29.9,513,109,21.24756335282651,51300,46360,90.37037037037037,29,101.46198830409357,21.44249512670565,38.40155945419103,6.992156862745098,6.7251461988304095,7.0,18.065886939571147,17.1,1440,3.106125970664366,4,10,10,21.603260869565215,90.05434782608695,-0.3556975167387044,0.31602254428341325
odds_band,PACE_COMPLETE,30-99.9,448,34,7.589285714285714,44800,28810,64.30803571428571,9,93.32589285714286,7.8125,20.089285714285715,9.15625,10.513392857142858,10.0,55.40870535714286,50.75,1810,6.282540784449844,11,10,10,6.924315619967794,60.01610305958132,0.66497009431792,4.2919326547043894
odds_band,PACE_COMPLETE,>=100,299,8,2.6755852842809364,29900,26900,89.96655518394648,1,81.90635451505017,2.6755852842809364,7.6923076923076925,10.684563758389261,13.2876254180602,14.0,202.5267558528428,176.7,8740,32.4907063197026,8,5,10,2.2883295194508007,73.38672768878719,0.3872557648301358,16.579827495159293
popularity_band,PACE_COMPLETE,1-3,433,225,51.96304849884527,43300,38210,88.24480369515011,91,80.04618937644342,53.5796766743649,71.82448036951502,4.402777777777778,2.0092378752886835,2.0,4.6614318706697455,4.3,1230,3.2190526040303586,1,10,10,,,,
popularity_band,PACE_COMPLETE,4-6,419,106,25.29832935560859,41900,31350,74.82100238663485,29,71.07398568019093,26.014319809069214,46.06205250596659,6.42822966507177,4.968973747016706,5.0,13.072076372315038,11.6,1030,3.2854864433811803,2,10,10,,,,
popularity_band,PACE_COMPLETE,7-9,381,57,14.960629921259843,38100,33530,88.00524934383202,16,107.95275590551181,14.960629921259844,29.92125984251969,7.493403693931398,7.958005249343832,8.0,36.569028871391076,27.3,3110,9.275275872353117,3,9,10,,,,
popularity_band,PACE_COMPLETE,10+,615,32,5.203252032520325,61500,47330,76.95934959349593,9,94.17886178861788,5.203252032520325,13.333333333333334,10.228384991843393,12.543089430894309,12.0,124.30991869918701,90.2,8740,18.466089161208536,18,10,10,,,,
target_date,PACE_COMPLETE,2026-09-05,329,75,22.796352583586625,32900,21580,65.59270516717325,26,74.8936170212766,23.404255319148938,39.209726443769,7.243161094224924,7.188449848024316,7.0,61.06170212765957,19.8,2090,9.684893419833179,3,1,1,,,,
target_date,PACE_COMPLETE,2026-09-06,368,78,21.195652173913043,36800,40590,110.29891304347827,29,139.07608695652175,21.467391304347828,35.59782608695652,7.653950953678474,7.605978260869565,7.0,58.91440217391305,19.6,8740,21.53239714215324,6,1,1,,,,
target_date,PACE_COMPLETE,2026-09-12,183,40,21.85792349726776,18300,13460,73.55191256830601,16,99.94535519125684,22.404371584699454,34.97267759562842,7.7103825136612025,7.8743169398907105,8.0,48.33770491803279,20.3,1310,9.732540861812778,3,1,1,,,,
target_date,PACE_COMPLETE,2026-09-13,208,48,23.076923076923077,20800,12410,59.66346153846154,17,61.58653846153846,23.557692307692307,37.980769230769226,7.393203883495145,7.485576923076923,7.0,54.47836538461539,20.950000000000003,960,7.735697018533441,0,1,1,,,,
target_date,PACE_COMPLETE,2026-09-19,138,37,26.81159420289855,13800,11520,83.47826086956522,11,71.73913043478261,27.536231884057973,43.47826086956522,6.7299270072992705,6.550724637681159,6.0,40.697826086956525,14.850000000000001,1640,14.23611111111111,4,1,1,,,,
target_date,PACE_COMPLETE,2026-09-20,170,38,22.352941176470587,17000,11040,64.94117647058823,14,114.82352941176471,22.941176470588236,37.05882352941177,7.617647058823529,7.458823529411765,7.0,51.422941176470594,24.1,820,7.427536231884058,0,1,1,,,,
target_date,PACE_COMPLETE,2026-09-21,89,21,23.59550561797753,8900,6900,77.52808988764045,8,44.943820224719104,23.595505617977526,39.325842696629216,7.409090909090909,7.157303370786517,6.0,42.667415730337076,17.1,1070,15.507246376811594,2,1,1,,,,
target_date,PACE_COMPLETE,2026-09-22,79,16,20.253164556962027,7900,6940,87.84810126582279,5,98.60759493670886,20.253164556962027,37.9746835443038,7.379746835443038,7.0886075949367084,7.0,31.03164556962026,19.0,2830,40.778097982708935,1,1,1,,,,
target_date,PACE_COMPLETE,2026-09-26,132,28,21.21212121212121,13200,11240,85.15151515151516,7,53.10606060606061,21.96969696969697,37.878787878787875,7.7727272727272725,7.878787878787879,7.5,64.22121212121213,24.5,3110,27.669039145907472,2,1,1,,,,
target_date,PACE_COMPLETE,2026-09-27,152,39,25.657894736842106,15200,14740,96.97368421052632,12,54.93421052631579,26.973684210526315,38.81578947368421,7.251655629139073,7.4144736842105265,7.0,45.050000000000004,21.4,1810,12.279511533242877,3,1,1,,,,
source_finish_band,PACE_COMPLETE,1-3,511,206,40.31311154598826,51100,45870,89.76516634050881,77,90.03913894324853,41.291585127201564,58.121330724070454,5.601178781925344,4.311154598825832,3.0,12.750293542074363,7.1,1440,3.1393067364290386,3,10,10,,,,
source_finish_band,PACE_COMPLETE,4-5,285,67,23.50877192982456,28500,16630,58.35087719298246,25,75.71929824561404,24.210526315789473,45.26315789473684,6.663157894736842,5.831578947368421,5.0,24.476491228070174,13.3,750,4.509921828021648,0,10,10,,,,
source_finish_band,PACE_COMPLETE,6-9,534,90,16.853932584269664,53400,34890,65.33707865168539,26,87.64044943820225,17.04119850187266,30.711610486891384,7.900562851782364,8.370786516853933,8.0,57.20093632958801,31.4,1390,3.9839495557466322,6,10,10,,,,
source_finish_band,PACE_COMPLETE,10+,518,57,11.003861003861005,51800,53030,102.37451737451738,17,94.7876447876448,11.389961389961389,21.235521235521233,9.2,10.353281853281853,11.0,103.9430501930502,63.2,8740,16.481237035640202,15,10,10,,,,
previous_surface_code,PACE_COMPLETE,1,1065,257,24.131455399061032,106500,100150,94.03755868544602,88,101.64319248826291,24.88262910798122,40.18779342723005,7.243166823751178,7.132394366197183,7.0,49.12112676056338,18.1,8740,8.72690963554668,18,10,10,,,,
previous_surface_code,PACE_COMPLETE,2,783,163,20.81736909323116,78300,50270,64.20178799489145,57,70.54916985951469,21.0727969348659,34.73818646232439,7.700384122919334,7.793103448275862,8.0,58.192848020434226,23.1,2860,5.689277899343545,6,10,10,,,,
source_distance_band,PACE_COMPLETE,<=1400,618,129,20.87378640776699,61800,47860,77.44336569579288,44,115.06472491909385,21.197411003236247,33.81877022653722,7.842787682333873,7.776699029126213,7.0,57.00032362459547,21.95,8740,18.261596322607605,6,10,10,,,,
source_distance_band,PACE_COMPLETE,1401-1800,839,203,24.195470798569726,83900,63680,75.89988081048868,70,64.61263408820024,25.029797377830754,40.047675804529206,7.233253588516747,7.2943980929678185,7.0,53.340524433849815,20.1,3110,4.883793969849246,10,10,10,,,,
source_distance_band,PACE_COMPLETE,1801-2200,296,62,20.945945945945947,29600,28520,96.35135135135135,21,107.66891891891892,21.283783783783782,37.5,7.517006802721088,7.266891891891892,7.0,49.59763513513514,17.5,4820,16.900420757363253,5,9,10,,,,
source_distance_band,PACE_COMPLETE,>=2201,95,26,27.36842105263158,9500,10360,109.05263157894737,10,66.3157894736842,27.368421052631582,46.31578947368421,6.347368421052631,6.536842105263158,7.0,33.88631578947367,14.4,2090,20.173745173745175,3,9,10,,,,
previous_declared_class_group,PACE_COMPLETE,CLASS_1,573,127,22.164048865619545,57300,39260,68.51657940663176,49,83.22862129144852,22.164048865619545,37.347294938917976,7.61646234676007,7.659685863874346,7.0,55.37102966841187,21.1,1810,4.610290371879776,4,10,10,,,,
previous_declared_class_group,PACE_COMPLETE,CLASS_2,271,51,18.819188191881917,27100,18540,68.41328413284133,16,57.15867158671587,19.18819188191882,32.47232472324723,7.7749077490774905,7.760147601476015,8.0,57.11955719557196,26.4,2830,15.264293419633226,4,10,10,,,,
previous_declared_class_group,PACE_COMPLETE,CLASS_3,142,33,23.239436619718308,14200,14940,105.21126760563381,12,100.21126760563381,23.943661971830984,40.845070422535215,7.197183098591549,7.338028169014085,7.0,33.407042253521126,17.1,1640,10.977242302543507,4,10,10,,,,
previous_declared_class_group,PACE_COMPLETE,G1,38,10,26.31578947368421,3800,2680,70.52631578947368,1,3.6842105263157894,26.31578947368421,39.473684210526315,6.394736842105263,4.552631578947368,4.0,12.960526315789474,8.7,670,25.0,0,5,9,,,,
previous_declared_class_group,PACE_COMPLETE,G2,6,0,0.0,600,0,0.0,0,0.0,0.0,0.0,12.666666666666666,8.5,7.5,19.9,21.65,0,,0,0,4,,,,
previous_declared_class_group,PACE_COMPLETE,G3,65,15,23.076923076923077,6500,6300,96.92307692307692,6,67.84615384615384,23.076923076923077,32.30769230769231,7.969230769230769,8.015384615384615,7.0,36.52153846153846,17.5,1050,16.666666666666668,2,7,10,,,,
previous_declared_class_group,PACE_COMPLETE,MAIDEN,489,109,22.29038854805726,48900,48110,98.38445807770961,36,124.31492842535788,22.699386503067483,36.60531697341513,7.685185185185185,7.752556237218814,7.0,62.77995910020449,23.3,8740,18.166701309499064,7,10,10,,,,
previous_declared_class_group,PACE_COMPLETE,NEWCOMER,195,62,31.794871794871796,19500,15610,80.05128205128206,22,65.74358974358974,34.87179487179487,52.820512820512825,5.707692307692308,5.476923076923077,5.0,47.18153846153846,13.4,3110,19.923126201153107,2,10,10,,,,
previous_declared_class_group,PACE_COMPLETE,OPEN,69,13,18.840579710144926,6900,4980,72.17391304347827,3,114.78260869565217,18.84057971014493,31.88405797101449,7.882352941176471,8.115942028985508,8.0,44.09565217391305,22.0,1240,24.899598393574298,1,5,9,,,,
signal,TIME_PACE_COMMON,ALL,1848,420,22.727272727272727,184800,150420,81.3961038961039,145,88.46861471861472,23.26839826839827,37.878787878787875,7.437024972855592,7.412337662337662,7.0,52.96482683982684,19.9,8740,5.81039755351682,24,10,10,,,,
odds_band,TIME_PACE_COMMON,<5,266,161,60.526315789473685,26600,23270,87.4812030075188,69,74.3984962406015,61.65413533834586,79.32330827067669,3.860377358490566,1.556390977443609,1.0,3.2530075187969922,3.3,270,1.1602922217447358,0,10,10,59.72222222222222,85.69444444444444,0.8040935672514635,1.7867585630743577
odds_band,TIME_PACE_COMMON,5-9.9,322,108,33.54037267080745,32200,25080,77.88819875776397,37,78.72670807453416,35.09316770186335,55.590062111801245,5.682242990654205,3.5745341614906834,4.0,7.351863354037268,7.2,1030,4.106858054226476,1,10,10,34.174311926605505,78.27981651376147,-0.6339392557980545,-0.39161775599750115
odds_band,TIME_PACE_COMMON,10-29.9,513,109,21.24756335282651,51300,46360,90.37037037037037,29,101.46198830409357,21.44249512670565,38.40155945419103,6.992156862745098,6.7251461988304095,7.0,18.065886939571147,17.1,1440,3.106125970664366,4,10,10,21.603260869565215,90.05434782608695,-0.3556975167387044,0.31602254428341325
odds_band,TIME_PACE_COMMON,30-99.9,448,34,7.589285714285714,44800,28810,64.30803571428571,9,93.32589285714286,7.8125,20.089285714285715,9.15625,10.513392857142858,10.0,55.40870535714286,50.75,1810,6.282540784449844,11,10,10,6.924315619967794,60.01610305958132,0.66497009431792,4.2919326547043894
odds_band,TIME_PACE_COMMON,>=100,299,8,2.6755852842809364,29900,26900,89.96655518394648,1,81.90635451505017,2.6755852842809364,7.6923076923076925,10.684563758389261,13.2876254180602,14.0,202.5267558528428,176.7,8740,32.4907063197026,8,5,10,2.2883295194508007,73.38672768878719,0.3872557648301358,16.579827495159293
popularity_band,TIME_PACE_COMMON,1-3,433,225,51.96304849884527,43300,38210,88.24480369515011,91,80.04618937644342,53.5796766743649,71.82448036951502,4.402777777777778,2.0092378752886835,2.0,4.6614318706697455,4.3,1230,3.2190526040303586,1,10,10,,,,
popularity_band,TIME_PACE_COMMON,4-6,419,106,25.29832935560859,41900,31350,74.82100238663485,29,71.07398568019093,26.014319809069214,46.06205250596659,6.42822966507177,4.968973747016706,5.0,13.072076372315038,11.6,1030,3.2854864433811803,2,10,10,,,,
popularity_band,TIME_PACE_COMMON,7-9,381,57,14.960629921259843,38100,33530,88.00524934383202,16,107.95275590551181,14.960629921259844,29.92125984251969,7.493403693931398,7.958005249343832,8.0,36.569028871391076,27.3,3110,9.275275872353117,3,9,10,,,,
popularity_band,TIME_PACE_COMMON,10+,615,32,5.203252032520325,61500,47330,76.95934959349593,9,94.17886178861788,5.203252032520325,13.333333333333334,10.228384991843393,12.543089430894309,12.0,124.30991869918701,90.2,8740,18.466089161208536,18,10,10,,,,
target_date,TIME_PACE_COMMON,2026-09-05,329,75,22.796352583586625,32900,21580,65.59270516717325,26,74.8936170212766,23.404255319148938,39.209726443769,7.243161094224924,7.188449848024316,7.0,61.06170212765957,19.8,2090,9.684893419833179,3,1,1,,,,
target_date,TIME_PACE_COMMON,2026-09-06,368,78,21.195652173913043,36800,40590,110.29891304347827,29,139.07608695652175,21.467391304347828,35.59782608695652,7.653950953678474,7.605978260869565,7.0,58.91440217391305,19.6,8740,21.53239714215324,6,1,1,,,,
target_date,TIME_PACE_COMMON,2026-09-12,183,40,21.85792349726776,18300,13460,73.55191256830601,16,99.94535519125684,22.404371584699454,34.97267759562842,7.7103825136612025,7.8743169398907105,8.0,48.33770491803279,20.3,1310,9.732540861812778,3,1,1,,,,
target_date,TIME_PACE_COMMON,2026-09-13,208,48,23.076923076923077,20800,12410,59.66346153846154,17,61.58653846153846,23.557692307692307,37.980769230769226,7.393203883495145,7.485576923076923,7.0,54.47836538461539,20.950000000000003,960,7.735697018533441,0,1,1,,,,
target_date,TIME_PACE_COMMON,2026-09-19,138,37,26.81159420289855,13800,11520,83.47826086956522,11,71.73913043478261,27.536231884057973,43.47826086956522,6.7299270072992705,6.550724637681159,6.0,40.697826086956525,14.850000000000001,1640,14.23611111111111,4,1,1,,,,
target_date,TIME_PACE_COMMON,2026-09-20,170,38,22.352941176470587,17000,11040,64.94117647058823,14,114.82352941176471,22.941176470588236,37.05882352941177,7.617647058823529,7.458823529411765,7.0,51.422941176470594,24.1,820,7.427536231884058,0,1,1,,,,
target_date,TIME_PACE_COMMON,2026-09-21,89,21,23.59550561797753,8900,6900,77.52808988764045,8,44.943820224719104,23.595505617977526,39.325842696629216,7.409090909090909,7.157303370786517,6.0,42.667415730337076,17.1,1070,15.507246376811594,2,1,1,,,,
target_date,TIME_PACE_COMMON,2026-09-22,79,16,20.253164556962027,7900,6940,87.84810126582279,5,98.60759493670886,20.253164556962027,37.9746835443038,7.379746835443038,7.0886075949367084,7.0,31.03164556962026,19.0,2830,40.778097982708935,1,1,1,,,,
target_date,TIME_PACE_COMMON,2026-09-26,132,28,21.21212121212121,13200,11240,85.15151515151516,7,53.10606060606061,21.96969696969697,37.878787878787875,7.7727272727272725,7.878787878787879,7.5,64.22121212121213,24.5,3110,27.669039145907472,2,1,1,,,,
target_date,TIME_PACE_COMMON,2026-09-27,152,39,25.657894736842106,15200,14740,96.97368421052632,12,54.93421052631579,26.973684210526315,38.81578947368421,7.251655629139073,7.4144736842105265,7.0,45.050000000000004,21.4,1810,12.279511533242877,3,1,1,,,,
source_finish_band,TIME_PACE_COMMON,1-3,511,206,40.31311154598826,51100,45870,89.76516634050881,77,90.03913894324853,41.291585127201564,58.121330724070454,5.601178781925344,4.311154598825832,3.0,12.750293542074363,7.1,1440,3.1393067364290386,3,10,10,,,,
source_finish_band,TIME_PACE_COMMON,4-5,285,67,23.50877192982456,28500,16630,58.35087719298246,25,75.71929824561404,24.210526315789473,45.26315789473684,6.663157894736842,5.831578947368421,5.0,24.476491228070174,13.3,750,4.509921828021648,0,10,10,,,,
source_finish_band,TIME_PACE_COMMON,6-9,534,90,16.853932584269664,53400,34890,65.33707865168539,26,87.64044943820225,17.04119850187266,30.711610486891384,7.900562851782364,8.370786516853933,8.0,57.20093632958801,31.4,1390,3.9839495557466322,6,10,10,,,,
source_finish_band,TIME_PACE_COMMON,10+,518,57,11.003861003861005,51800,53030,102.37451737451738,17,94.7876447876448,11.389961389961389,21.235521235521233,9.2,10.353281853281853,11.0,103.9430501930502,63.2,8740,16.481237035640202,15,10,10,,,,
previous_surface_code,TIME_PACE_COMMON,1,1065,257,24.131455399061032,106500,100150,94.03755868544602,88,101.64319248826291,24.88262910798122,40.18779342723005,7.243166823751178,7.132394366197183,7.0,49.12112676056338,18.1,8740,8.72690963554668,18,10,10,,,,
previous_surface_code,TIME_PACE_COMMON,2,783,163,20.81736909323116,78300,50270,64.20178799489145,57,70.54916985951469,21.0727969348659,34.73818646232439,7.700384122919334,7.793103448275862,8.0,58.192848020434226,23.1,2860,5.689277899343545,6,10,10,,,,
source_distance_band,TIME_PACE_COMMON,<=1400,618,129,20.87378640776699,61800,47860,77.44336569579288,44,115.06472491909385,21.197411003236247,33.81877022653722,7.842787682333873,7.776699029126213,7.0,57.00032362459547,21.95,8740,18.261596322607605,6,10,10,,,,
source_distance_band,TIME_PACE_COMMON,1401-1800,839,203,24.195470798569726,83900,63680,75.89988081048868,70,64.61263408820024,25.029797377830754,40.047675804529206,7.233253588516747,7.2943980929678185,7.0,53.340524433849815,20.1,3110,4.883793969849246,10,10,10,,,,
source_distance_band,TIME_PACE_COMMON,1801-2200,296,62,20.945945945945947,29600,28520,96.35135135135135,21,107.66891891891892,21.283783783783782,37.5,7.517006802721088,7.266891891891892,7.0,49.59763513513514,17.5,4820,16.900420757363253,5,9,10,,,,
source_distance_band,TIME_PACE_COMMON,>=2201,95,26,27.36842105263158,9500,10360,109.05263157894737,10,66.3157894736842,27.368421052631582,46.31578947368421,6.347368421052631,6.536842105263158,7.0,33.88631578947367,14.4,2090,20.173745173745175,3,9,10,,,,
previous_declared_class_group,TIME_PACE_COMMON,CLASS_1,573,127,22.164048865619545,57300,39260,68.51657940663176,49,83.22862129144852,22.164048865619545,37.347294938917976,7.61646234676007,7.659685863874346,7.0,55.37102966841187,21.1,1810,4.610290371879776,4,10,10,,,,
previous_declared_class_group,TIME_PACE_COMMON,CLASS_2,271,51,18.819188191881917,27100,18540,68.41328413284133,16,57.15867158671587,19.18819188191882,32.47232472324723,7.7749077490774905,7.760147601476015,8.0,57.11955719557196,26.4,2830,15.264293419633226,4,10,10,,,,
previous_declared_class_group,TIME_PACE_COMMON,CLASS_3,142,33,23.239436619718308,14200,14940,105.21126760563381,12,100.21126760563381,23.943661971830984,40.845070422535215,7.197183098591549,7.338028169014085,7.0,33.407042253521126,17.1,1640,10.977242302543507,4,10,10,,,,
previous_declared_class_group,TIME_PACE_COMMON,G1,38,10,26.31578947368421,3800,2680,70.52631578947368,1,3.6842105263157894,26.31578947368421,39.473684210526315,6.394736842105263,4.552631578947368,4.0,12.960526315789474,8.7,670,25.0,0,5,9,,,,
previous_declared_class_group,TIME_PACE_COMMON,G2,6,0,0.0,600,0,0.0,0,0.0,0.0,0.0,12.666666666666666,8.5,7.5,19.9,21.65,0,,0,0,4,,,,
previous_declared_class_group,TIME_PACE_COMMON,G3,65,15,23.076923076923077,6500,6300,96.92307692307692,6,67.84615384615384,23.076923076923077,32.30769230769231,7.969230769230769,8.015384615384615,7.0,36.52153846153846,17.5,1050,16.666666666666668,2,7,10,,,,
previous_declared_class_group,TIME_PACE_COMMON,MAIDEN,489,109,22.29038854805726,48900,48110,98.38445807770961,36,124.31492842535788,22.699386503067483,36.60531697341513,7.685185185185185,7.752556237218814,7.0,62.77995910020449,23.3,8740,18.166701309499064,7,10,10,,,,
previous_declared_class_group,TIME_PACE_COMMON,NEWCOMER,195,62,31.794871794871796,19500,15610,80.05128205128206,22,65.74358974358974,34.87179487179487,52.820512820512825,5.707692307692308,5.476923076923077,5.0,47.18153846153846,13.4,3110,19.923126201153107,2,10,10,,,,
previous_declared_class_group,TIME_PACE_COMMON,OPEN,69,13,18.840579710144926,6900,4980,72.17391304347827,3,114.78260869565217,18.84057971014493,31.88405797101449,7.882352941176471,8.115942028985508,8.0,44.09565217391305,22.0,1240,24.899598393574298,1,5,9,,,,
signal,PERF_TOP20,ALL,519,188,36.22350674373796,51900,46640,89.86512524084779,71,94.72061657032755,36.80154142581888,53.94990366088632,6.0718446601941745,5.269749518304431,4.0,21.134296724470133,8.9,1810,3.8807890222984565,5,10,10,,,,
odds_band,PERF_TOP20,<5,153,98,64.05228758169935,15300,14030,91.69934640522875,45,76.01307189542484,64.70588235294117,79.73856209150327,3.861842105263158,1.477124183006536,1.0,3.0973856209150323,3.0,270,1.924447612259444,0,10,10,59.72222222222222,85.69444444444444,4.330065359477125,6.004901960784309
odds_band,PERF_TOP20,5-9.9,123,50,40.65040650406504,12300,11730,95.36585365853658,15,80.73170731707317,42.27642276422765,65.85365853658537,5.0,3.4959349593495936,3.0,7.163414634146342,7.1,800,6.820119352088661,0,10,10,34.174311926605505,78.27981651376147,6.476094577459534,17.086037144775105
odds_band,PERF_TOP20,10-29.9,154,33,21.428571428571427,15400,13630,88.50649350649351,9,108.24675324675324,21.428571428571427,40.909090909090914,7.065789473684211,6.746753246753247,6.0,17.012337662337664,16.55,1230,9.024211298606016,1,10,10,21.603260869565215,90.05434782608695,-0.17468944099378803,-1.5478543195934407
odds_band,PERF_TOP20,30-99.9,69,6,8.695652173913043,6900,6190,89.71014492753623,2,158.40579710144928,8.695652173913043,15.942028985507244,9.695652173913043,11.0,11.0,51.15507246376812,47.2,1810,29.24071082390953,3,5,10,6.924315619967794,60.01610305958132,1.7713365539452486,29.694041867954915
odds_band,PERF_TOP20,>=100,20,1,5.0,2000,1060,53.0,0,0.0,5.0,15.0,9.35,14.05,14.0,173.205,164.2,1060,100.0,1,1,7,2.2883295194508007,73.38672768878719,2.7116704805491993,-20.38672768878719
popularity_band,PERF_TOP20,1-3,221,129,58.3710407239819,22100,22230,100.58823529411765,57,90.09049773755656,59.72850678733032,76.92307692307693,4.1454545454545455,1.841628959276018,2.0,4.273755656108597,3.8,1230,5.53306342780027,1,10,10,,,,
popularity_band,PERF_TOP20,4-6,135,37,27.40740740740741,13500,9550,70.74074074074075,7,53.25925925925926,27.40740740740741,51.85185185185185,6.014925373134329,4.962962962962963,5.0,11.162222222222223,10.6,420,4.397905759162303,0,10,10,,,,
popularity_band,PERF_TOP20,7-9,79,15,18.9873417721519,7900,7500,94.9367088607595,6,197.21518987341773,18.9873417721519,34.177215189873415,7.884615384615385,7.936708860759493,8.0,24.158227848101266,20.5,820,10.933333333333334,0,8,9,,,,
popularity_band,PERF_TOP20,10+,84,7,8.333333333333334,8400,7360,87.61904761904762,1,77.14285714285714,8.333333333333332,15.476190476190476,9.566265060240964,12.273809523809524,12.0,78.67619047619048,56.9,1810,24.592391304347824,4,6,10,,,,
target_date,PERF_TOP20,2026-09-05,76,34,44.73684210526316,7600,8460,111.3157894736842,13,158.1578947368421,46.05263157894737,69.73684210526315,5.118421052631579,3.8421052631578947,3.0,11.34342105263158,6.95,1230,14.539007092198581,1,1,1,,,,
target_date,PERF_TOP20,2026-09-06,88,35,39.77272727272727,8800,8090,91.93181818181819,9,44.54545454545455,39.77272727272727,53.40909090909091,5.885057471264368,5.181818181818182,5.0,21.3875,9.0,730,9.023485784919654,0,1,1,,,,
target_date,PERF_TOP20,2026-09-12,60,17,28.333333333333332,6000,5300,88.33333333333333,8,184.33333333333334,30.0,45.0,6.813559322033898,6.7,6.0,31.806666666666672,14.75,1310,24.71698113207547,1,1,1,,,,
target_date,PERF_TOP20,2026-09-13,61,20,32.78688524590164,6100,4770,78.19672131147541,8,65.08196721311475,32.78688524590164,44.26229508196721,6.95,6.147540983606557,5.0,26.439344262295084,12.1,1060,22.22222222222222,1,1,1,,,,
target_date,PERF_TOP20,2026-09-19,27,8,29.62962962962963,2700,1470,54.44444444444444,4,67.03703703703704,29.629629629629626,51.85185185185185,5.555555555555555,4.592592592592593,4.0,12.11111111111111,7.4,290,19.727891156462587,0,1,1,,,,
target_date,PERF_TOP20,2026-09-20,44,16,36.36363636363637,4400,3820,86.81818181818181,8,155.6818181818182,36.36363636363637,50.0,6.25,5.090909090909091,3.5,22.263636363636365,7.35,820,21.465968586387433,0,1,1,,,,
target_date,PERF_TOP20,2026-09-21,42,13,30.952380952380953,4200,3930,93.57142857142857,4,48.333333333333336,30.952380952380953,54.761904761904766,6.428571428571429,6.023809523809524,5.5,26.44285714285714,12.7,1060,26.97201017811705,1,1,1,,,,
target_date,PERF_TOP20,2026-09-22,16,8,50.0,1600,1480,92.5,4,152.5,50.0,81.25,4.3125,3.0,2.0,11.59375,4.25,400,27.027027027027028,0,1,1,,,,
target_date,PERF_TOP20,2026-09-26,56,22,39.285714285714285,5600,3960,70.71428571428571,8,46.607142857142854,39.285714285714285,57.14285714285714,5.821428571428571,4.803571428571429,4.0,17.842857142857145,8.649999999999999,600,15.151515151515152,0,1,1,,,,
target_date,PERF_TOP20,2026-09-27,49,15,30.612244897959183,4900,5360,109.38775510204081,5,50.0,32.6530612244898,44.89795918367347,6.604166666666667,5.959183673469388,5.0,22.47755102040816,12.0,1810,33.76865671641791,1,1,1,,,,
source_finish_band,PERF_TOP20,1-3,335,141,42.08955223880597,33500,28210,84.2089552238806,53,70.95522388059702,42.98507462686567,61.19402985074627,5.474474474474475,3.9074626865671642,3.0,11.10507462686567,6.6,1060,3.7575327897908544,1,10,10,,,,
source_finish_band,PERF_TOP20,4-5,90,27,30.0,9000,7670,85.22222222222223,10,104.33333333333333,30.0,50.0,6.584269662921348,6.311111111111111,5.0,22.456666666666667,12.95,1060,13.820078226857888,1,8,10,,,,
source_finish_band,PERF_TOP20,6-9,74,12,16.216216216216218,7400,4330,58.513513513513516,4,119.1891891891892,16.216216216216218,29.72972972972973,7.917808219178082,9.013513513513514,9.0,56.07432432432432,29.85,1310,30.254041570438797,1,6,10,,,,
source_finish_band,PERF_TOP20,10+,20,8,40.0,2000,6430,321.5,4,359.0,40.0,40.0,7.0,9.55,9.0,53.895,30.2,1810,28.149300155520994,2,5,7,,,,
previous_surface_code,PERF_TOP20,1,351,118,33.61823361823362,35100,32980,93.96011396011396,45,111.96581196581197,34.472934472934476,50.997150997150996,6.370689655172414,5.789173789173789,5.0,25.27920227920228,10.8,1810,5.4881746513038205,4,10,10,,,,
previous_surface_code,PERF_TOP20,2,168,70,41.666666666666664,16800,13660,81.30952380952381,26,58.69047619047619,41.66666666666667,60.11904761904761,5.449101796407185,4.184523809523809,3.0,12.474404761904761,6.6,1060,7.759882869692533,1,10,10,,,,
source_distance_band,PERF_TOP20,<=1400,172,67,38.95348837209303,17200,16780,97.55813953488372,20,71.33720930232558,38.95348837209303,52.90697674418605,6.058139534883721,5.482558139534884,5.0,20.995348837209303,8.6,1810,10.786650774731823,1,10,10,,,,
source_distance_band,PERF_TOP20,1401-1800,233,90,38.62660944206009,23300,21160,90.81545064377683,35,98.36909871244636,39.48497854077253,58.36909871244635,5.586956521739131,4.914163090128755,4.0,18.255364806866954,8.1,1310,6.190926275992439,3,9,10,,,,
source_distance_band,PERF_TOP20,1801-2200,97,25,25.77319587628866,9700,6630,68.35051546391753,13,124.84536082474227,26.804123711340207,44.329896907216494,7.354166666666667,5.577319587628866,5.0,28.087628865979383,10.9,820,12.368024132730016,0,9,10,,,,
source_distance_band,PERF_TOP20,>=2201,17,6,35.294117647058826,1700,2070,121.76470588235294,3,109.41176470588235,35.294117647058826,58.82352941176471,5.529411764705882,6.235294117647059,5.0,22.323529411764707,9.9,1060,51.207729468599034,1,4,7,,,,
previous_declared_class_group,PERF_TOP20,CLASS_1,179,63,35.19553072625698,17900,14890,83.18435754189944,25,84.41340782122904,35.19553072625698,56.424581005586596,5.865168539325842,4.949720670391062,4.0,19.914525139664804,8.6,1810,12.155809267965077,2,10,10,,,,
previous_declared_class_group,PERF_TOP20,CLASS_2,59,19,32.20338983050848,5900,4140,70.16949152542372,6,60.50847457627118,32.20338983050847,47.45762711864407,6.220338983050848,5.338983050847458,4.0,21.679661016949154,9.2,590,14.251207729468598,0,10,10,,,,
previous_declared_class_group,PERF_TOP20,CLASS_3,29,10,34.48275862068966,2900,4950,170.68965517241378,5,293.7931034482759,37.93103448275862,55.172413793103445,5.758620689655173,5.689655172413793,5.0,23.610344827586207,12.1,1230,24.848484848484848,1,7,9,,,,
previous_declared_class_group,PERF_TOP20,G1,5,1,20.0,500,260,52.0,0,0.0,20.0,20.0,8.8,7.2,7.0,21.16,24.1,260,100.0,0,1,3,,,,
previous_declared_class_group,PERF_TOP20,G2,2,0,0.0,200,0,0.0,0,0.0,0.0,0.0,12.5,10.0,10.0,23.8,23.8,0,,0,0,2,,,,
previous_declared_class_group,PERF_TOP20,G3,20,7,35.0,2000,2370,118.5,3,113.0,35.0,40.0,6.947368421052632,7.6,6.5,30.455000000000002,17.65,800,33.755274261603375,0,4,5,,,,
previous_declared_class_group,PERF_TOP20,MAIDEN,167,58,34.73053892215569,16700,14900,89.22155688622755,18,86.7065868263473,35.32934131736527,47.90419161676647,6.642424242424243,5.634730538922156,5.0,22.868263473053894,9.7,1310,8.791946308724832,2,9,10,,,,
previous_declared_class_group,PERF_TOP20,NEWCOMER,46,27,58.69565217391305,4600,4180,90.8695652173913,14,113.47826086956522,60.86956521739131,89.13043478260869,3.4782608695652173,2.6956521739130435,2.0,7.832608695652173,3.8,450,10.76555023923445,0,9,10,,,,
previous_declared_class_group,PERF_TOP20,OPEN,12,3,25.0,1200,950,79.16666666666667,0,0.0,25.0,41.66666666666667,7.666666666666667,8.0,7.5,41.53333333333333,21.049999999999997,490,51.578947368421055,0,3,6,,,,
signal,PERF_TOP10,ALL,259,97,37.45173745173745,25900,19680,75.98455598455598,38,80.0,38.22393822393823,52.123552123552116,6.224806201550388,4.7992277992278,4.0,18.214285714285715,7.9,1060,5.3861788617886175,1,10,10,,,,
odds_band,PERF_TOP10,<5,97,62,63.91752577319588,9700,8980,92.57731958762886,28,74.12371134020619,63.91752577319587,77.31958762886599,4.061855670103093,1.4845360824742269,1.0,3.1175257731958768,3.0,270,3.0066815144766146,0,10,10,59.72222222222222,85.69444444444444,4.195303550973655,6.882875143184421
odds_band,PERF_TOP10,5-9.9,55,19,34.54545454545455,5500,4400,80.0,5,61.63636363636363,38.18181818181819,52.72727272727272,5.963636363636364,3.6545454545454548,4.0,7.394545454545454,7.3,320,7.2727272727272725,0,10,10,34.174311926605505,78.27981651376147,0.3711426188490421,1.7201834862385255
odds_band,PERF_TOP10,10-29.9,73,15,20.54794520547945,7300,5240,71.78082191780823,5,138.9041095890411,20.54794520547945,36.986301369863014,7.416666666666667,6.7534246575342465,7.0,16.89315068493151,15.7,600,11.450381679389313,0,9,10,21.603260869565215,90.05434782608695,-1.0553156640857644,-18.273525908278728
odds_band,PERF_TOP10,30-99.9,25,0,0.0,2500,0,0.0,0,0.0,0.0,12.0,10.56,11.16,11.0,47.62,47.2,0,,0,0,8,6.924315619967794,60.01610305958132,-6.924315619967794,-60.01610305958132
odds_band,PERF_TOP10,>=100,9,1,11.11111111111111,900,1060,117.77777777777777,0,0.0,11.11111111111111,11.11111111111111,9.555555555555555,14.0,13.0,176.07777777777778,164.2,1060,100.0,1,1,5,2.2883295194508007,73.38672768878719,8.82278159166031,44.39105008899058
popularity_band,PERF_TOP10,1-3,124,70,56.45161290322581,12400,10790,87.01612903225806,32,83.62903225806451,58.06451612903226,69.35483870967742,4.620967741935484,1.75,2.0,3.974193548387097,3.6,320,2.9657089898053752,0,10,10,,,,
popularity_band,PERF_TOP10,4-6,64,20,31.25,6400,5030,78.59375,3,49.6875,31.25,53.125,6.234375,4.875,5.0,10.9265625,10.4,400,7.952286282306163,0,10,10,,,,
popularity_band,PERF_TOP10,7-9,36,6,16.666666666666668,3600,2800,77.77777777777777,3,199.16666666666666,16.666666666666664,30.555555555555557,8.416666666666666,7.861111111111111,8.0,21.783333333333328,18.95,600,21.428571428571427,0,4,9,,,,
popularity_band,PERF_TOP10,10+,35,1,2.857142857142857,3500,1060,30.285714285714285,0,0.0,2.857142857142857,11.428571428571429,9.735294117647058,12.314285714285715,12.0,78.32,51.0,1060,100.0,1,1,8,,,,
target_date,PERF_TOP10,2026-09-05,36,15,41.666666666666664,3600,3130,86.94444444444444,7,220.27777777777777,41.66666666666667,61.111111111111114,5.777777777777778,3.8333333333333335,2.0,11.03611111111111,7.05,510,16.293929712460063,0,1,1,,,,
target_date,PERF_TOP10,2026-09-06,40,13,32.5,4000,2150,53.75,3,18.25,32.5,47.5,6.625,5.075,4.5,23.009999999999998,8.9,260,12.093023255813954,0,1,1,,,,
target_date,PERF_TOP10,2026-09-12,34,9,26.470588235294116,3400,1830,53.8235294117647,3,24.705882352941178,29.411764705882355,44.11764705882353,6.424242424242424,5.705882352941177,5.0,24.37941176470588,9.15,350,19.12568306010929,0,1,1,,,,
target_date,PERF_TOP10,2026-09-13,33,9,27.272727272727273,3300,2030,61.515151515151516,5,97.57575757575758,27.27272727272727,39.39393939393939,7.393939393939394,6.757575757575758,6.0,26.730303030303027,16.2,530,26.108374384236452,0,1,1,,,,
target_date,PERF_TOP10,2026-09-19,12,6,50.0,1200,1110,92.5,3,96.66666666666667,50.0,58.333333333333336,4.416666666666667,3.4166666666666665,3.0,6.8999999999999995,4.75,290,26.126126126126128,0,1,1,,,,
target_date,PERF_TOP10,2026-09-20,28,10,35.714285714285715,2800,1660,59.285714285714285,5,50.0,35.714285714285715,50.0,6.25,4.0,3.0,16.3,6.3,300,18.072289156626507,0,1,1,,,,
target_date,PERF_TOP10,2026-09-21,20,7,35.0,2000,2810,140.5,2,56.5,35.0,55.00000000000001,7.2,6.1,5.0,25.225,12.100000000000001,1060,37.72241992882562,1,1,1,,,,
target_date,PERF_TOP10,2026-09-22,7,6,85.71428571428571,700,1210,172.85714285714286,2,284.2857142857143,85.71428571428571,100.0,2.142857142857143,2.2857142857142856,1.0,6.171428571428572,4.2,400,33.05785123966942,0,1,1,,,,
target_date,PERF_TOP10,2026-09-26,26,15,57.69230769230769,2600,2610,100.38461538461539,6,76.15384615384616,57.692307692307686,65.38461538461539,5.230769230769231,2.8461538461538463,2.0,7.084615384615384,4.6,600,22.988505747126435,0,1,1,,,,
target_date,PERF_TOP10,2026-09-27,23,7,30.434782608695652,2300,1140,49.56521739130435,2,14.782608695652174,34.78260869565217,43.47826086956522,6.695652173913044,5.217391304347826,4.0,18.160869565217393,10.0,250,21.92982456140351,0,1,1,,,,
source_finish_band,PERF_TOP10,1-3,185,82,44.32432432432432,18500,15550,84.05405405405405,30,57.83783783783784,45.40540540540541,60.0,5.616216216216216,3.5675675675675675,3.0,9.397297297297298,5.5,1060,6.816720257234727,1,10,10,,,,
source_finish_band,PERF_TOP10,4-5,36,9,25.0,3600,2130,59.166666666666664,5,120.27777777777777,25.0,38.88888888888889,7.171428571428572,5.805555555555555,5.0,16.15833333333333,12.6,350,16.431924882629108,0,5,10,,,,
source_finish_band,PERF_TOP10,6-9,30,4,13.333333333333334,3000,960,32.0,1,37.333333333333336,13.333333333333334,26.666666666666668,8.3,9.266666666666667,8.5,57.17333333333334,27.85,290,30.208333333333332,0,4,8,,,,
source_finish_band,PERF_TOP10,10+,8,2,25.0,800,1040,130.0,2,571.25,25.0,25.0,8.375,12.0,12.5,85.26249999999999,46.6,530,50.96153846153846,0,2,5,,,,
previous_surface_code,PERF_TOP10,1,183,62,33.87978142076503,18300,13890,75.90163934426229,26,87.1584699453552,34.97267759562842,50.27322404371585,6.478021978021978,5.46448087431694,5.0,22.365573770491803,10.4,1060,7.631389488840893,1,10,10,,,,
previous_surface_code,PERF_TOP10,2,76,35,46.05263157894737,7600,5790,76.1842105263158,12,62.76315789473684,46.05263157894737,56.57894736842105,5.618421052631579,3.1973684210526314,2.0,8.218421052631578,4.699999999999999,400,6.90846286701209,0,9,10,,,,
source_distance_band,PERF_TOP10,<=1400,82,34,41.46341463414634,8200,6930,84.51219512195122,10,68.41463414634147,41.46341463414634,54.87804878048781,5.890243902439025,4.414634146341464,4.0,13.679268292682927,7.1,510,7.359307359307359,0,8,9,,,,
source_distance_band,PERF_TOP10,1401-1800,115,46,40.0,11500,7970,69.30434782608695,19,77.65217391304348,40.869565217391305,51.30434782608696,5.964912280701754,4.6695652173913045,3.0,16.593913043478263,7.0,530,6.6499372647427855,0,9,10,,,,
source_distance_band,PERF_TOP10,1801-2200,52,12,23.076923076923077,5200,2900,55.76923076923077,6,83.07692307692308,25.0,48.07692307692308,7.653846153846154,5.538461538461538,5.0,28.486538461538466,10.7,600,20.689655172413794,0,7,10,,,,
source_distance_band,PERF_TOP10,>=2201,10,5,50.0,1000,1880,188.0,3,186.0,50.0,60.0,4.5,5.6,4.0,20.619999999999997,7.85,1060,56.38297872340426,1,3,6,,,,
previous_declared_class_group,PERF_TOP10,CLASS_1,88,34,38.63636363636363,8800,7640,86.81818181818181,18,146.9318181818182,38.63636363636363,53.40909090909091,6.181818181818182,4.818181818181818,3.5,16.35909090909091,7.550000000000001,1060,13.87434554973822,1,10,10,,,,
previous_declared_class_group,PERF_TOP10,CLASS_2,26,11,42.30769230769231,2600,1960,75.38461538461539,4,62.69230769230769,42.30769230769231,61.53846153846154,4.769230769230769,4.576923076923077,3.0,23.830769230769228,7.1,320,16.3265306122449,0,8,10,,,,
previous_declared_class_group,PERF_TOP10,CLASS_3,13,3,23.076923076923077,1300,640,49.23076923076923,1,61.53846153846154,23.076923076923077,46.15384615384615,6.461538461538462,4.846153846153846,4.0,15.430769230769233,8.0,300,46.875,0,3,8,,,,
previous_declared_class_group,PERF_TOP10,G1,4,1,25.0,400,260,65.0,0,0.0,25.0,25.0,8.5,8.25,7.5,24.775000000000002,25.8,260,100.0,0,1,3,,,,
previous_declared_class_group,PERF_TOP10,G2,1,0,0.0,100,0,0.0,0,0.0,0.0,0.0,13.0,13.0,13.0,24.3,24.3,0,,0,0,1,,,,
previous_declared_class_group,PERF_TOP10,G3,9,2,22.22222222222222,900,330,36.666666666666664,1,31.11111111111111,22.22222222222222,22.22222222222222,8.0,7.0,6.0,19.366666666666664,18.2,200,60.60606060606061,0,2,4,,,,
previous_declared_class_group,PERF_TOP10,MAIDEN,87,28,32.18390804597701,8700,6260,71.95402298850574,5,22.06896551724138,33.33333333333333,44.827586206896555,7.011494252873563,4.942528735632184,4.0,21.702298850574717,8.3,600,9.584664536741213,0,7,9,,,,
previous_declared_class_group,PERF_TOP10,NEWCOMER,25,17,68.0,2500,2320,92.8,9,126.4,72.0,88.0,3.32,2.24,2.0,5.032,3.3,270,11.637931034482758,0,8,9,,,,
previous_declared_class_group,PERF_TOP10,OPEN,6,1,16.666666666666668,600,270,45.0,0,0.0,16.666666666666664,33.33333333333333,8.333333333333334,7.0,6.5,24.349999999999998,14.399999999999999,270,100.0,0,1,3,,,,
signal,FRONT_HIGH,ALL,243,62,25.51440329218107,24300,21180,87.1604938271605,16,52.22222222222222,25.514403292181072,39.91769547325103,7.4958677685950414,6.469135802469136,6.0,33.24979423868312,13.3,4820,22.75731822474032,3,10,10,,,,
odds_band,FRONT_HIGH,<5,45,30,66.66666666666667,4500,4550,101.11111111111111,7,44.888888888888886,66.66666666666666,86.66666666666667,3.3863636363636362,1.4444444444444444,1.0,3.1488888888888886,3.2,240,5.274725274725275,0,9,10,59.72222222222222,85.69444444444444,6.94444444444445,15.416666666666671
odds_band,FRONT_HIGH,5-9.9,50,13,26.0,5000,2720,54.4,4,53.8,26.0,52.0,6.5,3.5,4.0,7.476,7.4,450,16.544117647058822,0,6,9,34.174311926605505,78.27981651376147,-8.174311926605505,-23.879816513761476
odds_band,FRONT_HIGH,10-29.9,81,16,19.753086419753085,8100,7490,92.46913580246914,5,98.51851851851852,19.753086419753085,32.098765432098766,7.728395061728395,6.765432098765432,6.0,17.04320987654321,15.4,1230,16.421895861148197,1,8,10,21.603260869565215,90.05434782608695,-1.8501744498121298,2.4147879763821862
odds_band,FRONT_HIGH,30-99.9,45,2,4.444444444444445,4500,1600,35.55555555555556,0,0.0,4.444444444444445,11.11111111111111,10.466666666666667,10.688888888888888,10.0,51.20000000000001,46.3,1120,70.0,1,2,10,6.924315619967794,60.01610305958132,-2.47987117552335,-24.46054750402576
odds_band,FRONT_HIGH,>=100,22,1,4.545454545454546,2200,4820,219.0909090909091,0,0.0,4.545454545454546,4.545454545454546,11.045454545454545,13.772727272727273,14.0,176.35000000000002,153.2,4820,100.0,1,1,9,2.2883295194508007,73.38672768878719,2.257125026003745,145.7041814021219
popularity_band,FRONT_HIGH,1-3,72,38,52.77777777777778,7200,7060,98.05555555555556,10,61.25,52.77777777777778,77.77777777777779,4.464788732394366,1.8888888888888888,2.0,4.790277777777778,3.6500000000000004,1230,17.422096317280452,1,9,10,,,,
popularity_band,FRONT_HIGH,4-6,66,16,24.242424242424242,6600,4620,70.0,4,64.84848484848484,24.242424242424242,40.909090909090914,7.0,4.909090909090909,5.0,11.686363636363637,10.75,450,9.74025974025974,0,6,10,,,,
popularity_band,FRONT_HIGH,7-9,46,6,13.043478260869565,4600,3560,77.3913043478261,2,86.95652173913044,13.043478260869565,17.391304347826086,8.934782608695652,8.08695652173913,8.0,26.480434782608704,23.8,850,23.876404494382022,0,6,10,,,,
popularity_band,FRONT_HIGH,10+,59,2,3.389830508474576,5900,5940,100.67796610169492,0,0.0,3.389830508474576,10.16949152542373,10.576271186440678,12.542372881355933,12.0,97.37966101694914,68.6,4820,81.14478114478115,2,2,10,,,,
target_date,FRONT_HIGH,2026-09-05,53,14,26.41509433962264,5300,3790,71.50943396226415,2,30.943396226415093,26.41509433962264,41.509433962264154,6.962264150943396,5.226415094339623,4.0,28.341509433962266,9.5,1230,32.45382585751979,1,1,1,,,,
target_date,FRONT_HIGH,2026-09-06,61,13,21.311475409836067,6100,7920,129.8360655737705,5,70.49180327868852,21.311475409836063,40.98360655737705,7.6,6.39344262295082,6.0,33.48360655737705,12.2,4820,60.85858585858586,1,1,1,,,,
target_date,FRONT_HIGH,2026-09-12,18,2,11.11111111111111,1800,750,41.666666666666664,1,106.11111111111111,11.11111111111111,22.22222222222222,9.5,7.333333333333333,7.0,31.57222222222222,17.200000000000003,600,80.0,0,1,1,,,,
target_date,FRONT_HIGH,2026-09-13,32,10,31.25,3200,2320,72.5,4,53.4375,31.25,43.75,7.34375,7.21875,5.5,35.81875,13.5,450,19.396551724137932,0,1,1,,,,
target_date,FRONT_HIGH,2026-09-19,10,3,30.0,1000,440,44.0,0,0.0,30.0,50.0,6.3,6.0,5.5,39.34,14.95,200,45.45454545454545,0,1,1,,,,
target_date,FRONT_HIGH,2026-09-20,19,8,42.10526315789474,1900,2130,112.10526315789474,0,0.0,42.10526315789473,47.368421052631575,7.0,6.105263157894737,6.0,30.084210526315786,12.1,580,27.230046948356808,0,1,1,,,,
target_date,FRONT_HIGH,2026-09-21,7,1,14.285714285714286,700,140,20.0,1,40.0,14.285714285714285,28.57142857142857,8.714285714285714,9.428571428571429,8.0,91.21428571428571,31.3,140,100.0,0,1,1,,,,
target_date,FRONT_HIGH,2026-09-22,7,1,14.285714285714286,700,400,57.142857142857146,1,264.2857142857143,14.285714285714285,42.857142857142854,7.714285714285714,7.142857142857143,7.0,23.5,19.6,400,100.0,0,1,1,,,,
target_date,FRONT_HIGH,2026-09-26,15,5,33.333333333333336,1500,1230,82.0,0,0.0,33.33333333333333,46.666666666666664,6.866666666666666,6.133333333333334,6.0,29.206666666666667,14.2,600,48.78048780487805,0,1,1,,,,
target_date,FRONT_HIGH,2026-09-27,21,5,23.80952380952381,2100,2060,98.0952380952381,2,47.61904761904762,23.809523809523807,28.57142857142857,8.047619047619047,7.523809523809524,8.0,29.261904761904763,26.4,1120,54.36893203883495,1,1,1,,,,
source_finish_band,FRONT_HIGH,1-3,92,39,42.391304347826086,9200,8940,97.17391304347827,11,92.5,42.391304347826086,60.86956521739131,5.565217391304348,4.391304347826087,4.0,12.434782608695654,7.4,850,9.507829977628635,0,10,10,,,,
source_finish_band,FRONT_HIGH,4-5,41,6,14.634146341463415,4100,1020,24.878048780487806,1,11.463414634146341,14.634146341463413,34.146341463414636,8.170731707317072,5.780487804878049,5.0,22.885365853658534,11.6,250,24.50980392156863,0,4,9,,,,
source_finish_band,FRONT_HIGH,6-9,56,8,14.285714285714286,5600,1880,33.57142857142857,1,20.0,14.285714285714285,23.214285714285715,8.563636363636364,7.732142857142857,7.0,43.025,18.75,420,22.340425531914892,0,5,9,,,,
source_finish_band,FRONT_HIGH,10+,54,9,16.666666666666668,5400,9340,172.96296296296296,3,47.96296296296296,16.666666666666664,25.925925925925924,9.185185185185185,9.222222222222221,10.0,66.44444444444444,34.65,4820,51.605995717344754,3,6,10,,,,
previous_surface_code,FRONT_HIGH,1,129,33,25.58139534883721,12900,14910,115.5813953488372,8,43.72093023255814,25.581395348837212,40.310077519379846,7.609375,6.604651162790698,6.0,31.12480620155039,12.7,4820,32.32729711602951,3,8,10,,,,
previous_surface_code,FRONT_HIGH,2,114,29,25.43859649122807,11400,6270,55.0,8,61.8421052631579,25.438596491228072,39.473684210526315,7.368421052631579,6.315789473684211,5.0,35.65438596491228,13.95,850,13.556618819776714,0,10,10,,,,
source_distance_band,FRONT_HIGH,<=1400,66,16,24.242424242424242,6600,2730,41.36363636363637,4,26.666666666666668,24.242424242424242,40.909090909090914,7.303030303030303,6.363636363636363,5.0,41.4969696969697,12.649999999999999,350,12.820512820512821,0,7,10,,,,
source_distance_band,FRONT_HIGH,1401-1800,116,30,25.862068965517242,11600,9120,78.62068965517241,9,82.5,25.862068965517242,38.793103448275865,7.620689655172414,6.370689655172414,5.0,32.529310344827586,13.600000000000001,1230,13.486842105263158,2,9,10,,,,
source_distance_band,FRONT_HIGH,1801-2200,49,14,28.571428571428573,4900,8990,183.46938775510205,3,27.755102040816325,28.57142857142857,42.857142857142854,7.416666666666667,6.326530612244898,6.0,25.238775510204086,12.3,4820,53.61512791991101,1,8,9,,,,
source_distance_band,FRONT_HIGH,>=2201,12,2,16.666666666666668,1200,340,28.333333333333332,0,0.0,16.666666666666664,33.33333333333333,7.666666666666667,8.583333333333334,9.5,27.566666666666663,22.9,180,52.94117647058823,0,2,7,,,,
previous_declared_class_group,FRONT_HIGH,CLASS_1,69,21,30.434782608695652,6900,4600,66.66666666666667,7,65.3623188405797,30.434782608695656,46.3768115942029,7.463768115942029,6.028985507246377,5.0,32.68840579710145,12.2,580,12.608695652173912,0,8,10,,,,
previous_declared_class_group,FRONT_HIGH,CLASS_2,26,4,15.384615384615385,2600,1620,62.30769230769231,0,0.0,15.384615384615385,30.76923076923077,7.153846153846154,6.884615384615385,6.0,33.526923076923076,16.3,1120,69.1358024691358,1,4,9,,,,
previous_declared_class_group,FRONT_HIGH,CLASS_3,13,3,23.076923076923077,1300,2170,166.92307692307693,1,146.92307692307693,23.076923076923077,46.15384615384615,7.0,6.769230769230769,6.0,22.73846153846154,12.1,1230,56.68202764976959,1,3,9,,,,
previous_declared_class_group,FRONT_HIGH,G1,4,1,25.0,400,390,97.5,0,0.0,25.0,25.0,7.25,5.75,4.5,12.95,8.85,390,100.0,0,1,3,,,,
previous_declared_class_group,FRONT_HIGH,G2,2,0,0.0,200,0,0.0,0,0.0,0.0,0.0,12.5,10.0,10.0,23.8,23.8,0,,0,0,2,,,,
previous_declared_class_group,FRONT_HIGH,G3,11,1,9.090909090909092,1100,200,18.181818181818183,0,0.0,9.090909090909092,18.181818181818183,9.909090909090908,7.454545454545454,6.0,25.663636363636364,16.1,200,100.0,0,1,6,,,,
previous_declared_class_group,FRONT_HIGH,MAIDEN,105,28,26.666666666666668,10500,11660,111.04761904761905,7,49.04761904761905,26.666666666666668,41.904761904761905,7.375,6.523809523809524,6.0,35.46952380952381,12.7,4820,41.337907375643226,1,7,9,,,,
previous_declared_class_group,FRONT_HIGH,NEWCOMER,9,4,44.44444444444444,900,540,60.0,1,124.44444444444444,44.44444444444444,44.44444444444444,5.222222222222222,5.333333333333333,3.0,45.42222222222222,11.2,170,31.48148148148148,0,3,6,,,,
previous_declared_class_group,FRONT_HIGH,OPEN,4,0,0.0,400,0,0.0,0,0.0,0.0,0.0,11.25,7.75,8.0,35.525,31.75,0,,0,0,4,,,,
signal,FRONT_VERY_HIGH,ALL,86,23,26.74418604651163,8600,5900,68.6046511627907,7,92.32558139534883,26.744186046511626,40.69767441860465,7.2823529411764705,6.290697674418604,6.0,31.17093023255814,13.600000000000001,850,14.40677966101695,0,8,10,,,,
odds_band,FRONT_VERY_HIGH,<5,15,11,73.33333333333333,1500,1650,110.0,2,30.0,73.33333333333333,86.66666666666667,2.9285714285714284,1.4666666666666666,1.0,3.006666666666667,3.0,200,12.121212121212121,0,4,4,59.72222222222222,85.69444444444444,13.611111111111107,24.305555555555557
odds_band,FRONT_VERY_HIGH,5-9.9,18,5,27.77777777777778,1800,1140,63.333333333333336,1,28.88888888888889,27.77777777777778,55.55555555555556,6.5,3.3333333333333335,3.0,7.449999999999999,7.2,450,39.473684210526315,0,2,6,34.174311926605505,78.27981651376147,-6.396534148827726,-14.946483180428139
odds_band,FRONT_VERY_HIGH,10-29.9,35,7,20.0,3500,3110,88.85714285714286,4,199.14285714285714,20.0,34.285714285714285,7.2,6.742857142857143,6.0,16.805714285714284,15.3,850,27.331189710610932,0,5,10,21.603260869565215,90.05434782608695,-1.603260869565215,-1.1972049689440922
odds_band,FRONT_VERY_HIGH,30-99.9,10,0,0.0,1000,0,0.0,0,0.0,0.0,0.0,10.7,10.9,10.5,57.55999999999999,55.349999999999994,0,,0,0,4,6.924315619967794,60.01610305958132,-6.924315619967794,-60.01610305958132
odds_band,FRONT_VERY_HIGH,>=100,8,0,0.0,800,0,0.0,0,0.0,0.0,0.0,12.75,14.25,14.5,167.2125,139.0,0,,0,0,5,2.2883295194508007,73.38672768878719,-2.2883295194508007,-73.38672768878719
popularity_band,FRONT_VERY_HIGH,1-3,29,16,55.172413793103445,2900,2510,86.55172413793103,4,72.06896551724138,55.172413793103445,75.86206896551724,4.214285714285714,2.0689655172413794,2.0,5.224137931034482,4.0,220,8.764940239043824,0,5,6,,,,
popularity_band,FRONT_VERY_HIGH,4-6,23,5,21.73913043478261,2300,1940,84.34782608695652,1,80.43478260869566,21.73913043478261,43.47826086956522,7.217391304347826,5.217391304347826,5.0,12.826086956521742,12.7,450,23.195876288659793,0,4,7,,,,
popularity_band,FRONT_VERY_HIGH,7-9,14,2,14.285714285714286,1400,1450,103.57142857142857,2,285.7142857142857,14.285714285714285,14.285714285714285,8.571428571428571,7.857142857142857,8.0,25.064285714285713,19.35,850,58.62068965517241,0,2,8,,,,
popularity_band,FRONT_VERY_HIGH,10+,20,0,0.0,2000,0,0.0,0,0.0,0.0,5.0,10.75,12.55,12.0,94.16499999999999,67.3,0,,0,0,9,,,,
target_date,FRONT_VERY_HIGH,2026-09-05,27,8,29.62962962962963,2700,1570,58.148148148148145,2,60.74074074074074,29.629629629629626,48.148148148148145,6.333333333333333,4.481481481481482,3.0,14.444444444444445,8.7,450,28.662420382165607,0,1,1,,,,
target_date,FRONT_VERY_HIGH,2026-09-06,21,6,28.571428571428573,2100,2020,96.19047619047619,3,120.95238095238095,28.57142857142857,42.857142857142854,7.0,6.619047619047619,6.0,30.31428571428571,14.5,850,42.07920792079208,0,1,1,,,,
target_date,FRONT_VERY_HIGH,2026-09-12,4,1,25.0,400,600,150.0,1,477.5,25.0,25.0,9.0,12.0,11.5,80.275,50.5,600,100.0,0,1,1,,,,
target_date,FRONT_VERY_HIGH,2026-09-13,6,1,16.666666666666668,600,350,58.333333333333336,0,0.0,16.666666666666664,16.666666666666664,9.166666666666666,7.0,5.5,31.55,14.55,350,100.0,0,1,1,,,,
target_date,FRONT_VERY_HIGH,2026-09-19,6,2,33.333333333333336,600,330,55.0,0,0.0,33.33333333333333,66.66666666666666,4.833333333333333,5.166666666666667,5.0,12.066666666666665,14.95,200,60.60606060606061,0,1,1,,,,
target_date,FRONT_VERY_HIGH,2026-09-20,4,1,25.0,400,220,55.0,0,0.0,25.0,25.0,9.5,9.25,9.5,80.07499999999999,70.5,220,100.0,0,1,1,,,,
target_date,FRONT_VERY_HIGH,2026-09-21,3,0,0.0,300,0,0.0,0,0.0,0.0,0.0,12.0,12.666666666666666,14.0,153.29999999999998,129.5,0,,0,0,1,,,,
target_date,FRONT_VERY_HIGH,2026-09-22,3,1,33.333333333333336,300,400,133.33333333333334,1,616.6666666666666,33.33333333333333,66.66666666666666,5.333333333333333,5.0,6.0,15.6,18.5,400,100.0,0,1,1,,,,
target_date,FRONT_VERY_HIGH,2026-09-26,8,3,37.5,800,410,51.25,0,0.0,37.5,50.0,7.5,5.25,4.0,22.0625,6.1,170,41.46341463414634,0,1,1,,,,
target_date,FRONT_VERY_HIGH,2026-09-27,4,0,0.0,400,0,0.0,0,0.0,0.0,0.0,9.5,7.0,6.0,16.950000000000003,14.950000000000001,0,,0,0,1,,,,
source_finish_band,FRONT_VERY_HIGH,1-3,34,14,41.1764705882353,3400,3230,95.0,5,144.41176470588235,41.17647058823529,61.76470588235294,5.294117647058823,4.352941176470588,3.0,11.026470588235297,7.2,850,26.31578947368421,0,5,6,,,,
source_finish_band,FRONT_VERY_HIGH,4-5,16,3,18.75,1600,500,31.25,0,0.0,18.75,37.5,8.0,5.5,5.0,19.212500000000002,10.2,220,44.0,0,2,8,,,,
source_finish_band,FRONT_VERY_HIGH,6-9,20,4,20.0,2000,1120,56.0,1,56.0,20.0,20.0,8.210526315789474,7.35,6.5,43.555,16.6,420,37.5,0,3,8,,,,
source_finish_band,FRONT_VERY_HIGH,10+,16,2,12.5,1600,1050,65.625,1,119.375,12.5,25.0,9.6875,9.875,9.5,70.45625000000001,33.4,600,57.142857142857146,0,2,9,,,,
previous_surface_code,FRONT_VERY_HIGH,1,48,11,22.916666666666668,4800,2930,61.041666666666664,5,83.33333333333333,22.916666666666664,35.41666666666667,7.617021276595745,7.0,6.0,36.916666666666664,15.25,600,20.477815699658702,0,4,9,,,,
previous_surface_code,FRONT_VERY_HIGH,2,38,12,31.57894736842105,3800,2970,78.15789473684211,2,103.6842105263158,31.57894736842105,47.368421052631575,6.868421052631579,5.394736842105263,5.0,23.913157894736845,10.75,850,28.61952861952862,0,7,9,,,,
source_distance_band,FRONT_VERY_HIGH,<=1400,29,6,20.689655172413794,2900,1140,39.310344827586206,1,9.310344827586206,20.689655172413794,41.37931034482759,7.068965517241379,6.241379310344827,5.0,32.00344827586206,12.2,350,30.70175438596491,0,5,9,,,,
source_distance_band,FRONT_VERY_HIGH,1401-1800,39,13,33.333333333333336,3900,3490,89.48717948717949,6,196.66666666666666,33.33333333333333,43.58974358974359,7.384615384615385,6.0256410256410255,6.0,33.27948717948718,13.9,850,24.355300859598852,0,6,10,,,,
source_distance_band,FRONT_VERY_HIGH,1801-2200,12,3,25.0,1200,1090,90.83333333333333,0,0.0,25.0,33.33333333333333,7.909090909090909,6.166666666666667,6.0,23.391666666666666,12.05,450,41.28440366972477,0,3,4,,,,
source_distance_band,FRONT_VERY_HIGH,>=2201,6,1,16.666666666666668,600,180,30.0,0,0.0,16.666666666666664,33.33333333333333,6.5,8.5,9.5,29.0,20.1,180,100.0,0,1,4,,,,
previous_declared_class_group,FRONT_VERY_HIGH,CLASS_1,30,10,33.333333333333336,3000,2210,73.66666666666667,4,94.0,33.33333333333333,46.666666666666664,7.233333333333333,6.233333333333333,6.0,37.45333333333333,13.2,400,18.099547511312217,0,6,9,,,,
previous_declared_class_group,FRONT_VERY_HIGH,CLASS_2,6,0,0.0,600,0,0.0,0,0.0,0.0,16.666666666666664,8.166666666666666,7.833333333333333,6.5,30.8,18.05,0,,0,0,6,,,,
previous_declared_class_group,FRONT_VERY_HIGH,CLASS_3,4,1,25.0,400,600,150.0,1,477.5,25.0,50.0,7.75,7.0,7.0,21.175,17.15,600,100.0,0,1,3,,,,
previous_declared_class_group,FRONT_VERY_HIGH,G1,1,0,0.0,100,0,0.0,0,0.0,0.0,0.0,8.0,12.0,12.0,28.3,28.3,0,,0,0,1,,,,
previous_declared_class_group,FRONT_VERY_HIGH,G3,2,0,0.0,200,0,0.0,0,0.0,0.0,0.0,13.0,8.5,8.5,29.8,29.8,0,,0,0,2,,,,
previous_declared_class_group,FRONT_VERY_HIGH,MAIDEN,34,8,23.529411764705884,3400,2550,75.0,1,61.470588235294116,23.52941176470588,41.17647058823529,7.151515151515151,6.088235294117647,5.5,28.22941176470588,12.05,850,33.333333333333336,0,3,7,,,,
previous_declared_class_group,FRONT_VERY_HIGH,NEWCOMER,7,4,57.142857142857146,700,540,77.14285714285714,1,160.0,57.14285714285714,57.14285714285714,4.285714285714286,4.285714285714286,2.0,23.04285714285714,5.2,170,31.48148148148148,0,3,4,,,,
previous_declared_class_group,FRONT_VERY_HIGH,OPEN,2,0,0.0,200,0,0.0,0,0.0,0.0,0.0,11.0,6.5,6.5,39.3,39.3,0,,0,0,2,,,,
signal,FRONT_EXTREME,ALL,52,15,28.846153846153847,5200,3810,73.26923076923077,6,117.11538461538461,28.846153846153843,44.230769230769226,6.901960784313726,5.634615384615385,4.5,25.421153846153842,11.3,850,22.30971128608924,0,6,9,,,,
odds_band,FRONT_EXTREME,<5,11,7,63.63636363636363,1100,1050,95.45454545454545,2,40.90909090909091,63.63636363636363,81.81818181818183,3.3,1.4545454545454546,1.0,2.9272727272727277,3.0,200,19.047619047619047,0,4,4,59.72222222222222,85.69444444444444,3.9141414141414117,9.76010101010101
odds_band,FRONT_EXTREME,5-9.9,14,5,35.714285714285715,1400,1140,81.42857142857143,1,37.142857142857146,35.714285714285715,57.14285714285714,6.571428571428571,3.4285714285714284,3.0,7.185714285714285,6.9,450,39.473684210526315,0,2,5,34.174311926605505,78.27981651376147,1.5399737876802106,3.148754914809956
odds_band,FRONT_EXTREME,10-29.9,19,3,15.789473684210526,1900,1620,85.26315789473684,3,269.4736842105263,15.789473684210526,31.57894736842105,7.157894736842105,6.526315789473684,6.0,17.042105263157897,15.2,850,52.46913580246913,0,3,9,21.603260869565215,90.05434782608695,-5.813787185354689,-4.791189931350118
odds_band,FRONT_EXTREME,30-99.9,3,0,0.0,300,0,0.0,0,0.0,0.0,0.0,12.0,12.0,13.0,63.76666666666667,65.5,0,,0,0,2,6.924315619967794,60.01610305958132,-6.924315619967794,-60.01610305958132
odds_band,FRONT_EXTREME,>=100,5,0,0.0,500,0,0.0,0,0.0,0.0,0.0,11.0,13.8,14.0,134.8,129.5,0,,0,0,4,2.2883295194508007,73.38672768878719,-2.2883295194508007,-73.38672768878719
popularity_band,FRONT_EXTREME,1-3,22,12,54.54545454545455,2200,1910,86.81818181818181,4,95.0,54.54545454545454,77.27272727272727,4.238095238095238,2.1363636363636362,2.0,5.213636363636363,4.4,220,11.518324607329843,0,5,5,,,,
popularity_band,FRONT_EXTREME,4-6,13,1,7.6923076923076925,1300,450,34.61538461538461,0,0.0,7.6923076923076925,30.76923076923077,8.615384615384615,5.0,5.0,12.053846153846155,12.2,450,100.0,0,1,6,,,,
popularity_band,FRONT_EXTREME,7-9,8,2,25.0,800,1450,181.25,2,500.0,25.0,25.0,7.125,7.625,7.5,25.1125,20.0,850,58.62068965517241,0,2,7,,,,
popularity_band,FRONT_EXTREME,10+,9,0,0.0,900,0,0.0,0,0.0,0.0,0.0,10.444444444444445,13.333333333333334,13.0,94.39999999999999,120.5,0,,0,0,8,,,,
target_date,FRONT_EXTREME,2026-09-05,17,7,41.1764705882353,1700,1390,81.76470588235294,2,96.47058823529412,41.17647058823529,64.70588235294117,5.294117647058823,3.4705882352941178,3.0,8.870588235294118,6.2,450,32.37410071942446,0,1,1,,,,
target_date,FRONT_EXTREME,2026-09-06,10,3,30.0,1000,1110,111.0,3,254.0,30.0,50.0,5.777777777777778,4.5,3.5,21.28,8.15,850,76.57657657657657,0,1,1,,,,
target_date,FRONT_EXTREME,2026-09-12,2,1,50.0,200,600,300.0,1,955.0,50.0,50.0,6.5,11.0,11.0,34.55,34.55,600,100.0,0,1,1,,,,
target_date,FRONT_EXTREME,2026-09-13,3,0,0.0,300,0,0.0,0,0.0,0.0,0.0,10.0,9.0,6.0,49.86666666666667,15.2,0,,0,0,1,,,,
target_date,FRONT_EXTREME,2026-09-19,4,1,25.0,400,200,50.0,0,0.0,25.0,50.0,5.75,4.75,5.0,12.675,14.95,200,100.0,0,1,1,,,,
target_date,FRONT_EXTREME,2026-09-20,4,1,25.0,400,220,55.0,0,0.0,25.0,25.0,9.5,9.25,9.5,80.07499999999999,70.5,220,100.0,0,1,1,,,,
target_date,FRONT_EXTREME,2026-09-21,2,0,0.0,200,0,0.0,0,0.0,0.0,0.0,9.0,10.5,10.5,71.95,71.95,0,,0,0,1,,,,
target_date,FRONT_EXTREME,2026-09-26,7,2,28.571428571428573,700,290,41.42857142857143,0,0.0,28.57142857142857,42.857142857142854,8.285714285714286,5.857142857142857,5.0,24.78571428571428,7.0,170,58.62068965517241,0,1,1,,,,
target_date,FRONT_EXTREME,2026-09-27,3,0,0.0,300,0,0.0,0,0.0,0.0,0.0,10.0,7.333333333333333,6.0,17.066666666666666,13.3,0,,0,0,1,,,,
source_finish_band,FRONT_EXTREME,1-3,21,9,42.857142857142854,2100,2090,99.52380952380952,4,145.71428571428572,42.857142857142854,66.66666666666666,5.142857142857143,3.7142857142857144,3.0,8.97142857142857,5.5,850,40.66985645933014,0,4,5,,,,
source_finish_band,FRONT_EXTREME,4-5,12,3,25.0,1200,500,41.666666666666664,0,0.0,25.0,41.66666666666667,7.25,4.833333333333333,4.0,16.958333333333332,9.0,220,44.0,0,2,8,,,,
source_finish_band,FRONT_EXTREME,6-9,10,1,10.0,1000,170,17.0,1,112.0,10.0,10.0,9.333333333333334,6.4,6.0,39.95,14.3,170,100.0,0,1,7,,,,
source_finish_band,FRONT_EXTREME,10+,9,2,22.22222222222222,900,1050,116.66666666666667,1,212.22222222222223,22.22222222222222,33.33333333333333,8.11111111111111,10.333333333333334,12.0,58.94444444444444,28.3,600,57.142857142857146,0,2,7,,,,
previous_surface_code,FRONT_EXTREME,1,28,8,28.571428571428573,2800,2010,71.78571428571429,5,142.85714285714286,28.57142857142857,46.42857142857143,6.851851851851852,6.464285714285714,5.0,34.739285714285714,14.8,600,29.850746268656717,0,4,9,,,,
previous_surface_code,FRONT_EXTREME,2,24,7,29.166666666666668,2400,1800,75.0,1,87.08333333333333,29.166666666666668,41.66666666666667,6.958333333333333,4.666666666666667,3.5,14.549999999999999,8.8,850,47.22222222222222,0,4,7,,,,
source_distance_band,FRONT_EXTREME,<=1400,18,3,16.666666666666668,1800,500,27.77777777777778,1,15.0,16.666666666666664,44.44444444444444,6.722222222222222,5.833333333333333,4.0,28.788888888888884,8.5,200,40.0,0,3,7,,,,
source_distance_band,FRONT_EXTREME,1401-1800,25,10,40.0,2500,2640,105.6,5,232.8,40.0,48.0,6.8,5.0,5.0,22.067999999999998,11.4,850,32.196969696969695,0,4,8,,,,
source_distance_band,FRONT_EXTREME,1801-2200,7,2,28.571428571428573,700,670,95.71428571428571,0,0.0,28.57142857142857,42.857142857142854,7.333333333333333,6.428571428571429,4.0,30.87142857142857,9.4,450,67.16417910447761,0,2,4,,,,
source_distance_band,FRONT_EXTREME,>=2201,2,0,0.0,200,0,0.0,0,0.0,0.0,0.0,8.5,9.0,9.0,17.95,17.95,0,,0,0,2,,,,
previous_declared_class_group,FRONT_EXTREME,CLASS_1,18,7,38.888888888888886,1800,1140,63.333333333333336,3,53.888888888888886,38.88888888888889,55.55555555555556,6.555555555555555,5.111111111111111,4.0,30.761111111111106,9.0,220,19.29824561403509,0,4,6,,,,
previous_declared_class_group,FRONT_EXTREME,CLASS_2,4,0,0.0,400,0,0.0,0,0.0,0.0,25.0,8.0,8.5,6.5,31.3,18.05,0,,0,0,4,,,,
previous_declared_class_group,FRONT_EXTREME,CLASS_3,2,1,50.0,200,600,300.0,1,955.0,50.0,50.0,7.0,7.0,7.0,17.15,17.15,600,100.0,0,1,2,,,,
previous_declared_class_group,FRONT_EXTREME,G1,1,0,0.0,100,0,0.0,0,0.0,0.0,0.0,8.0,12.0,12.0,28.3,28.3,0,,0,0,1,,,,
previous_declared_class_group,FRONT_EXTREME,G3,2,0,0.0,200,0,0.0,0,0.0,0.0,0.0,13.0,8.5,8.5,29.8,29.8,0,,0,0,2,,,,
previous_declared_class_group,FRONT_EXTREME,MAIDEN,19,5,26.31578947368421,1900,1780,93.6842105263158,1,110.0,26.31578947368421,47.368421052631575,6.5,4.684210526315789,3.0,15.789473684210526,7.0,850,47.752808988764045,0,3,6,,,,
previous_declared_class_group,FRONT_EXTREME,NEWCOMER,5,2,40.0,500,290,58.0,1,224.0,40.0,40.0,5.2,5.4,3.0,31.059999999999995,11.2,170,58.62068965517241,0,2,4,,,,
previous_declared_class_group,FRONT_EXTREME,OPEN,1,0,0.0,100,0,0.0,0,0.0,0.0,0.0,11.0,8.0,8.0,65.5,65.5,0,,0,0,1,,,,
signal,REAR_HIGH,ALL,204,38,18.627450980392158,20400,15380,75.3921568627451,14,96.32352941176471,19.11764705882353,30.392156862745097,7.607843137254902,8.622549019607844,9.0,80.71862745098038,38.75,3110,20.221066319895968,3,10,10,,,,
odds_band,REAR_HIGH,<5,18,12,66.66666666666667,1800,1660,92.22222222222223,4,69.44444444444444,66.66666666666666,83.33333333333334,3.3333333333333335,1.7222222222222223,2.0,3.5055555555555555,3.6500000000000004,160,9.63855421686747,0,7,8,59.72222222222222,85.69444444444444,6.94444444444445,6.527777777777786
odds_band,REAR_HIGH,5-9.9,23,10,43.47826086956522,2300,2560,111.30434782608695,5,154.34782608695653,43.47826086956522,65.21739130434783,4.304347826086956,3.5652173913043477,4.0,7.760869565217392,8.3,530,20.703125,0,6,8,34.174311926605505,78.27981651376147,9.303948942959714,33.02453131232548
odds_band,REAR_HIGH,10-29.9,49,10,20.408163265306122,4900,3560,72.65306122448979,3,98.16326530612245,22.448979591836736,40.816326530612244,5.918367346938775,6.63265306122449,6.0,18.63877551020408,18.3,580,16.292134831460675,0,8,10,21.603260869565215,90.05434782608695,-1.195097604259093,-17.401286601597164
odds_band,REAR_HIGH,30-99.9,54,4,7.407407407407407,5400,3100,57.407407407407405,2,185.92592592592592,7.4074074074074066,16.666666666666664,8.851851851851851,10.38888888888889,11.0,53.918518518518525,52.45,1050,33.87096774193548,1,4,10,6.924315619967794,60.01610305958132,0.483091787439613,-2.608695652173914
odds_band,REAR_HIGH,>=100,60,2,3.3333333333333335,6000,4500,75.0,0,0.0,3.3333333333333335,5.0,10.416666666666666,12.666666666666666,13.0,206.66833333333332,180.6,3110,69.11111111111111,2,2,10,2.2883295194508007,73.38672768878719,1.0450038138825328,1.6132723112128105
popularity_band,REAR_HIGH,1-3,29,17,58.62068965517241,2900,3030,104.48275862068965,6,108.96551724137932,58.620689655172406,79.3103448275862,3.5172413793103448,2.1379310344827585,2.0,5.13103448275862,4.6,580,19.141914191419144,0,8,10,,,,
popularity_band,REAR_HIGH,4-6,40,13,32.5,4000,3770,94.25,5,110.25,35.0,55.00000000000001,5.025,5.025,5.0,15.482499999999998,13.75,530,14.058355437665783,0,8,10,,,,
popularity_band,REAR_HIGH,7-9,42,4,9.523809523809524,4200,4620,110.0,2,140.47619047619048,9.523809523809524,19.047619047619047,7.404761904761905,8.023809523809524,8.0,50.31666666666666,28.8,3110,67.31601731601732,1,3,10,,,,
popularity_band,REAR_HIGH,10+,93,4,4.301075268817204,9300,3960,42.58064516129032,1,66.45161290322581,4.301075268817205,9.67741935483871,10.086021505376344,12.46236559139785,12.0,146.0774193548387,120.1,1390,35.101010101010104,2,4,10,,,,
target_date,REAR_HIGH,2026-09-05,28,7,25.0,2800,3160,112.85714285714286,2,54.285714285714285,25.0,32.142857142857146,7.071428571428571,8.178571428571429,8.5,87.125,47.45,1390,43.9873417721519,1,1,1,,,,
target_date,REAR_HIGH,2026-09-06,34,3,8.823529411764707,3400,1620,47.64705882352941,2,67.05882352941177,11.76470588235294,26.47058823529412,8.352941176470589,9.911764705882353,10.5,107.68529411764706,49.849999999999994,1050,64.81481481481481,1,1,1,,,,
target_date,REAR_HIGH,2026-09-12,19,4,21.05263157894737,1900,780,41.05263157894737,1,32.63157894736842,21.052631578947366,31.57894736842105,7.052631578947368,6.631578947368421,6.0,49.22105263157895,21.9,250,32.05128205128205,0,1,1,,,,
target_date,REAR_HIGH,2026-09-13,21,3,14.285714285714286,2100,700,33.333333333333336,0,0.0,14.285714285714285,28.57142857142857,8.428571428571429,9.142857142857142,11.0,94.07142857142857,52.9,320,45.714285714285715,0,1,1,,,,
target_date,REAR_HIGH,2026-09-19,20,4,20.0,2000,1350,67.5,2,330.0,20.0,25.0,7.25,8.3,8.0,39.459999999999994,31.95,880,65.18518518518519,0,1,1,,,,
target_date,REAR_HIGH,2026-09-20,16,1,6.25,1600,270,16.875,1,92.5,6.25,12.5,10.0,10.625,10.5,115.775,116.44999999999999,270,100.0,0,1,1,,,,
target_date,REAR_HIGH,2026-09-21,7,3,42.857142857142854,700,520,74.28571428571429,1,60.0,42.857142857142854,57.14285714285714,6.571428571428571,6.285714285714286,5.0,33.357142857142854,14.4,250,48.07692307692308,0,1,1,,,,
target_date,REAR_HIGH,2026-09-22,15,2,13.333333333333334,1500,720,48.0,2,292.6666666666667,13.333333333333334,33.33333333333333,6.933333333333334,8.4,9.0,37.40666666666667,35.3,530,73.61111111111111,0,1,1,,,,
target_date,REAR_HIGH,2026-09-26,27,7,25.925925925925927,2700,4650,172.22222222222223,2,38.888888888888886,25.925925925925924,37.03703703703704,7.037037037037037,8.25925925925926,7.0,97.1962962962963,27.8,3110,66.88172043010752,1,1,1,,,,
target_date,REAR_HIGH,2026-09-27,17,4,23.529411764705884,1700,1610,94.70588235294117,1,75.88235294117646,23.52941176470588,35.294117647058826,6.705882352941177,8.588235294117647,8.0,82.03529411764706,46.4,640,39.75155279503105,0,1,1,,,,
source_finish_band,REAR_HIGH,1-3,22,14,63.63636363636363,2200,3010,136.8181818181818,5,101.36363636363636,63.63636363636363,77.27272727272727,3.5,3.3636363636363638,3.0,8.404545454545454,5.95,530,17.60797342192691,0,7,9,,,,
source_finish_band,REAR_HIGH,4-5,26,4,15.384615384615385,2600,970,37.30769230769231,2,63.46153846153846,19.230769230769234,34.61538461538461,6.230769230769231,6.230769230769231,6.0,29.153846153846153,28.35,360,37.11340206185567,0,4,8,,,,
source_finish_band,REAR_HIGH,6-9,79,15,18.9873417721519,7900,6920,87.59493670886076,5,178.22784810126583,18.9873417721519,32.91139240506329,7.493670886075949,8.582278481012658,9.0,69.2392405063291,37.5,1390,20.08670520231214,2,9,10,,,,
source_finish_band,REAR_HIGH,10+,77,5,6.4935064935064934,7700,4480,58.18181818181818,2,21.948051948051948,6.493506493506493,12.987012987012985,9.363636363636363,10.974025974025974,12.0,130.5688311688312,101.8,3110,69.41964285714286,1,3,10,,,,
previous_surface_code,REAR_HIGH,1,121,29,23.96694214876033,12100,10570,87.35537190082644,11,97.1900826446281,24.793388429752067,40.49586776859504,6.586776859504132,7.322314049586777,7.0,64.28429752066116,20.9,3110,29.42289498580889,2,10,10,,,,
previous_surface_code,REAR_HIGH,2,83,9,10.843373493975903,8300,4810,57.95180722891566,3,95.06024096385542,10.843373493975903,15.66265060240964,9.096385542168674,10.518072289156626,11.0,104.67710843373494,59.0,1390,28.8981288981289,1,6,10,,,,
source_distance_band,REAR_HIGH,<=1400,79,13,16.455696202531644,7900,4270,54.050632911392405,4,87.9746835443038,16.455696202531644,24.050632911392405,8.278481012658228,9.379746835443038,9.0,96.81012658227846,41.7,1390,32.55269320843092,1,7,10,,,,
source_distance_band,REAR_HIGH,1401-1800,91,21,23.076923076923077,9100,8680,95.38461538461539,8,55.38461538461539,24.175824175824175,36.26373626373626,7.142857142857143,7.8791208791208796,8.0,66.94835164835165,37.4,3110,35.8294930875576,1,7,10,,,,
source_distance_band,REAR_HIGH,1801-2200,26,4,15.384615384615385,2600,2430,93.46153846153847,2,294.61538461538464,15.384615384615385,26.923076923076923,7.461538461538462,8.846153846153847,9.0,89.55384615384615,29.8,1050,43.20987654320987,1,4,9,,,,
source_distance_band,REAR_HIGH,>=2201,8,0,0.0,800,0,0.0,0,0.0,0.0,37.5,6.75,8.875,9.0,49.7375,29.7,0,,0,0,5,,,,
previous_declared_class_group,REAR_HIGH,CLASS_1,59,10,16.949152542372882,5900,4040,68.47457627118644,5,63.728813559322035,16.94915254237288,28.8135593220339,8.084745762711865,9.610169491525424,10.0,84.21186440677964,52.0,1390,34.40594059405941,1,6,10,,,,
previous_declared_class_group,REAR_HIGH,CLASS_2,36,4,11.11111111111111,3600,810,22.5,1,14.722222222222221,13.88888888888889,19.444444444444446,8.277777777777779,9.694444444444445,11.0,102.96944444444443,86.45,240,29.62962962962963,0,4,9,,,,
previous_declared_class_group,REAR_HIGH,CLASS_3,21,3,14.285714285714286,2100,830,39.523809523809526,0,0.0,14.285714285714285,28.57142857142857,7.619047619047619,7.380952380952381,8.0,39.20952380952381,18.3,520,62.65060240963855,0,2,6,,,,
previous_declared_class_group,REAR_HIGH,G1,1,0,0.0,100,0,0.0,0,0.0,0.0,0.0,7.0,1.0,1.0,3.6,3.6,0,,0,0,1,,,,
previous_declared_class_group,REAR_HIGH,G3,2,1,50.0,200,1050,525.0,0,0.0,50.0,50.0,6.0,11.5,11.5,28.35,28.35,1050,100.0,1,1,1,,,,
previous_declared_class_group,REAR_HIGH,MAIDEN,29,6,20.689655172413794,2900,1630,56.206896551724135,3,185.86206896551724,20.689655172413794,27.586206896551722,7.9655172413793105,8.793103448275861,10.0,102.10689655172413,41.7,580,35.58282208588957,0,6,9,,,,
previous_declared_class_group,REAR_HIGH,NEWCOMER,47,13,27.659574468085108,4700,6140,130.63829787234042,4,80.63829787234043,27.659574468085108,44.680851063829785,6.340425531914893,7.085106382978723,7.0,77.92340425531916,27.8,3110,50.6514657980456,1,8,10,,,,
previous_declared_class_group,REAR_HIGH,OPEN,9,1,11.11111111111111,900,880,97.77777777777777,1,686.6666666666666,11.11111111111111,22.22222222222222,7.666666666666667,8.444444444444445,10.0,31.555555555555557,22.0,880,100.0,0,1,6,,,,
signal,REAR_VERY_HIGH,ALL,86,18,20.930232558139537,8600,9340,108.6046511627907,7,173.6046511627907,20.930232558139537,38.372093023255815,6.953488372093023,8.325581395348838,9.0,71.35232558139533,47.65,3110,33.29764453961456,2,10,10,,,,
odds_band,REAR_VERY_HIGH,<5,10,7,70.0,1000,980,98.0,2,84.0,70.0,90.0,3.2,1.9,2.0,3.4899999999999998,3.6,160,16.3265306122449,0,5,5,59.72222222222222,85.69444444444444,10.277777777777779,12.305555555555557
odds_band,REAR_VERY_HIGH,5-9.9,8,1,12.5,800,190,23.75,1,66.25,12.5,75.0,4.625,3.5,3.5,7.449999999999999,7.95,190,100.0,0,1,5,34.174311926605505,78.27981651376147,-21.674311926605505,-54.529816513761475
odds_band,REAR_VERY_HIGH,10-29.9,17,5,29.41176470588235,1700,1620,95.29411764705883,2,207.05882352941177,29.411764705882355,52.94117647058824,5.176470588235294,6.529411764705882,6.0,19.18235294117647,18.1,460,28.395061728395063,0,5,8,21.603260869565215,90.05434782608695,7.808503836317136,5.239769820971873
odds_band,REAR_VERY_HIGH,30-99.9,29,3,10.344827586206897,2900,2050,70.6896551724138,2,346.2068965517241,10.344827586206897,20.689655172413794,8.172413793103448,10.241379310344827,10.0,54.810344827586206,53.6,880,42.926829268292686,0,3,7,6.924315619967794,60.01610305958132,3.4205119662391024,10.673552112832475
odds_band,REAR_VERY_HIGH,>=100,22,2,9.090909090909092,2200,4500,204.54545454545453,0,0.0,9.090909090909092,13.636363636363635,9.272727272727273,11.863636363636363,12.0,187.5545454545455,163.55,3110,69.11111111111111,2,2,8,2.2883295194508007,73.38672768878719,6.802579571458291,131.15872685666733
popularity_band,REAR_VERY_HIGH,1-3,13,6,46.15384615384615,1300,830,63.84615384615385,2,64.61538461538461,46.15384615384615,84.61538461538461,3.6923076923076925,2.076923076923077,2.0,4.607692307692308,4.2,160,19.27710843373494,0,4,7,,,,
popularity_band,REAR_VERY_HIGH,4-6,16,6,37.5,1600,1500,93.75,2,125.625,37.5,56.25,4.9375,5.0,5.0,16.99375,14.9,320,21.333333333333332,0,6,7,,,,
popularity_band,REAR_VERY_HIGH,7-9,21,3,14.285714285714286,2100,4100,195.23809523809524,2,280.95238095238096,14.285714285714285,33.33333333333333,6.523809523809524,8.19047619047619,8.0,68.5047619047619,40.9,3110,75.85365853658537,1,3,9,,,,
popularity_band,REAR_VERY_HIGH,10+,36,3,8.333333333333334,3600,2910,80.83333333333333,1,171.66666666666666,8.333333333333332,16.666666666666664,9.277777777777779,12.13888888888889,12.0,121.27499999999999,79.15,1390,47.766323024054984,1,3,9,,,,
target_date,REAR_VERY_HIGH,2026-09-05,13,2,15.384615384615385,1300,1710,131.53846153846155,0,0.0,15.384615384615385,30.76923076923077,7.230769230769231,8.307692307692308,9.0,91.9076923076923,48.3,1390,81.28654970760233,1,1,1,,,,
target_date,REAR_VERY_HIGH,2026-09-06,9,1,11.11111111111111,900,460,51.111111111111114,1,226.66666666666666,11.11111111111111,22.22222222222222,8.777777777777779,9.444444444444445,11.0,109.51111111111112,49.9,460,100.0,0,1,1,,,,
target_date,REAR_VERY_HIGH,2026-09-12,11,2,18.181818181818183,1100,410,37.27272727272727,0,0.0,18.181818181818183,36.36363636363637,7.2727272727272725,6.818181818181818,6.0,34.290909090909096,21.9,250,60.97560975609756,0,1,1,,,,
target_date,REAR_VERY_HIGH,2026-09-13,8,1,12.5,800,320,40.0,0,0.0,12.5,50.0,6.625,7.125,5.5,43.6125,22.75,320,100.0,0,1,1,,,,
target_date,REAR_VERY_HIGH,2026-09-19,11,3,27.272727272727273,1100,1150,104.54545454545455,2,600.0,27.27272727272727,36.36363636363637,6.545454545454546,9.545454545454545,11.0,47.872727272727275,55.8,880,76.52173913043478,0,1,1,,,,
target_date,REAR_VERY_HIGH,2026-09-20,5,1,20.0,500,270,54.0,1,296.0,20.0,20.0,7.6,11.0,10.0,114.9,165.2,270,100.0,0,1,1,,,,
target_date,REAR_VERY_HIGH,2026-09-21,3,2,66.66666666666667,300,270,90.0,1,140.0,66.66666666666666,100.0,2.6666666666666665,1.6666666666666667,2.0,2.766666666666666,2.4,160,59.25925925925926,0,1,1,,,,
target_date,REAR_VERY_HIGH,2026-09-22,9,2,22.22222222222222,900,720,80.0,2,487.77777777777777,22.22222222222222,44.44444444444444,6.777777777777778,9.0,9.0,47.62222222222223,51.8,530,73.61111111111111,0,1,1,,,,
target_date,REAR_VERY_HIGH,2026-09-26,6,2,33.333333333333336,600,3240,540.0,0,0.0,33.33333333333333,50.0,6.333333333333333,8.0,8.0,97.53333333333335,74.05,3110,95.98765432098766,1,1,1,,,,
target_date,REAR_VERY_HIGH,2026-09-27,11,2,18.181818181818183,1100,790,71.81818181818181,0,0.0,18.181818181818183,36.36363636363637,6.818181818181818,8.818181818181818,8.0,100.60000000000001,46.4,640,81.0126582278481,0,1,1,,,,
source_finish_band,REAR_VERY_HIGH,1-3,9,6,66.66666666666667,900,1000,111.11111111111111,3,152.22222222222223,66.66666666666666,88.88888888888889,3.2222222222222223,2.7777777777777777,2.0,7.544444444444445,4.2,250,25.0,0,5,7,,,,
source_finish_band,REAR_VERY_HIGH,4-5,15,1,6.666666666666667,1500,270,18.0,1,98.66666666666667,6.666666666666667,26.666666666666668,6.666666666666667,7.133333333333334,8.0,31.486666666666668,37.4,270,100.0,0,1,7,,,,
source_finish_band,REAR_VERY_HIGH,6-9,33,8,24.242424242424242,3300,4320,130.9090909090909,3,366.06060606060606,24.242424242424242,42.42424242424242,6.424242424242424,8.151515151515152,8.0,72.98181818181818,52.0,1390,32.175925925925924,1,6,9,,,,
source_finish_band,REAR_VERY_HIGH,10+,29,3,10.344827586206897,2900,3750,129.31034482758622,0,0.0,10.344827586206897,24.137931034482758,8.862068965517242,10.862068965517242,11.0,109.92068965517242,74.3,3110,82.93333333333334,1,3,9,,,,
previous_surface_code,REAR_VERY_HIGH,1,52,14,26.923076923076923,5200,6270,120.57692307692308,5,160.19230769230768,26.923076923076923,50.0,5.884615384615385,6.75,7.0,53.04423076923077,20.7,3110,49.601275917065394,1,10,10,,,,
previous_surface_code,REAR_VERY_HIGH,2,34,4,11.764705882352942,3400,3070,90.29411764705883,2,194.11764705882354,11.76470588235294,20.588235294117645,8.588235294117647,10.735294117647058,11.5,99.3529411764706,59.05,1390,45.27687296416938,1,3,9,,,,
source_distance_band,REAR_VERY_HIGH,<=1400,32,8,25.0,3200,3370,105.3125,2,184.375,25.0,37.5,6.8125,9.0,9.0,84.134375,47.45,1390,41.246290801186944,1,7,9,,,,
source_distance_band,REAR_VERY_HIGH,1401-1800,39,8,20.512820512820515,3900,4820,123.58974358974359,3,35.12820512820513,20.51282051282051,41.02564102564102,7.3076923076923075,7.897435897435898,9.0,69.86153846153847,52.0,3110,64.52282157676349,1,6,10,,,,
source_distance_band,REAR_VERY_HIGH,1801-2200,12,2,16.666666666666668,1200,1150,95.83333333333333,2,638.3333333333334,16.666666666666664,33.33333333333333,6.333333333333333,8.083333333333334,6.0,52.791666666666664,19.25,880,76.52173913043478,0,2,7,,,,
source_distance_band,REAR_VERY_HIGH,>=2201,3,0,0.0,300,0,0.0,0,0.0,0.0,33.33333333333333,6.333333333333333,7.666666666666667,8.0,28.633333333333336,21.9,0,,0,0,3,,,,
previous_declared_class_group,REAR_VERY_HIGH,CLASS_1,25,5,20.0,2500,2710,108.4,2,76.0,20.0,36.0,6.96,9.92,11.0,68.71599999999998,52.0,1390,51.291512915129154,1,5,9,,,,
previous_declared_class_group,REAR_VERY_HIGH,CLASS_2,6,1,16.666666666666668,600,190,31.666666666666668,1,88.33333333333333,16.666666666666664,16.666666666666664,7.666666666666667,9.333333333333334,10.5,84.05,80.05,190,100.0,0,1,5,,,,
previous_declared_class_group,REAR_VERY_HIGH,CLASS_3,7,0,0.0,700,0,0.0,0,0.0,0.0,42.857142857142854,7.571428571428571,8.0,8.0,36.27142857142857,46.4,0,,0,0,5,,,,
previous_declared_class_group,REAR_VERY_HIGH,MAIDEN,11,3,27.272727272727273,1100,770,70.0,1,350.90909090909093,27.27272727272727,27.27272727272727,8.272727272727273,8.181818181818182,10.0,85.18181818181819,49.8,530,68.83116883116882,0,3,7,,,,
previous_declared_class_group,REAR_VERY_HIGH,NEWCOMER,32,8,25.0,3200,4790,149.6875,2,76.875,25.0,50.0,6.0625,6.90625,7.0,78.44375,31.4,3110,64.92693110647181,1,8,9,,,,
previous_declared_class_group,REAR_VERY_HIGH,OPEN,5,1,20.0,500,880,176.0,1,1236.0,20.0,20.0,8.0,9.0,10.0,42.6,48.3,880,100.0,0,1,3,,,,
signal,REAR_EXTREME,ALL,47,7,14.893617021276595,4700,3420,72.76595744680851,3,122.55319148936171,14.893617021276595,29.78723404255319,7.9361702127659575,9.212765957446809,9.0,95.08723404255318,52.0,1390,40.64327485380117,1,7,10,,,,
odds_band,REAR_EXTREME,<5,4,2,50.0,400,270,67.5,1,105.0,50.0,100.0,3.25,2.0,2.0,3.575,3.85,160,59.25925925925926,0,2,3,59.72222222222222,85.69444444444444,-9.722222222222221,-18.194444444444443
odds_band,REAR_EXTREME,5-9.9,2,0,0.0,200,0,0.0,0,0.0,0.0,50.0,5.0,3.5,3.5,8.65,8.65,0,,0,0,2,34.174311926605505,78.27981651376147,-34.174311926605505,-78.27981651376147
odds_band,REAR_EXTREME,10-29.9,8,2,25.0,800,590,73.75,1,185.0,25.0,37.5,6.0,6.75,6.0,18.674999999999997,18.0,320,54.23728813559322,0,2,6,21.603260869565215,90.05434782608695,3.396739130434785,-16.304347826086953
odds_band,REAR_EXTREME,30-99.9,16,2,12.5,1600,1170,73.125,1,241.25,12.5,25.0,8.4375,9.9375,10.0,53.743750000000006,49.05,640,54.7008547008547,0,2,6,6.924315619967794,60.01610305958132,5.575684380032206,13.108896940418681
odds_band,REAR_EXTREME,>=100,17,1,5.882352941176471,1700,1390,81.76470588235294,0,0.0,5.88235294117647,11.76470588235294,9.823529411764707,12.058823529411764,13.0,201.6588235294118,165.2,1390,100.0,1,1,8,2.2883295194508007,73.38672768878719,3.5940234217256704,8.377978193565752
popularity_band,REAR_EXTREME,1-3,5,2,40.0,500,270,54.0,1,84.0,40.0,80.0,3.8,2.2,2.0,4.540000000000001,4.2,160,59.25925925925926,0,2,4,,,,
popularity_band,REAR_EXTREME,4-6,7,2,28.571428571428573,700,590,84.28571428571429,1,211.42857142857142,28.57142857142857,57.14285714285714,5.0,5.428571428571429,6.0,18.057142857142857,15.0,320,54.23728813559322,0,2,6,,,,
popularity_band,REAR_EXTREME,7-9,13,1,7.6923076923076925,1300,530,40.76923076923077,1,296.9230769230769,7.6923076923076925,15.384615384615385,7.615384615384615,8.461538461538462,8.0,85.23846153846156,46.4,530,100.0,0,1,6,,,,
popularity_band,REAR_EXTREME,10+,22,2,9.090909090909092,2200,2030,92.27272727272727,0,0.0,9.090909090909092,18.181818181818183,10.0,12.454545454545455,13.0,145.99545454545455,106.85,1390,68.47290640394088,1,2,9,,,,
target_date,REAR_EXTREME,2026-09-05,7,1,14.285714285714286,700,1390,198.57142857142858,0,0.0,14.285714285714285,28.57142857142857,7.571428571428571,8.857142857142858,9.0,127.94285714285715,123.6,1390,100.0,1,1,1,,,,
target_date,REAR_EXTREME,2026-09-06,6,0,0.0,600,0,0.0,0,0.0,0.0,16.666666666666664,10.666666666666666,10.5,11.0,150.04999999999998,111.8,0,,0,0,1,,,,
target_date,REAR_EXTREME,2026-09-12,6,0,0.0,600,0,0.0,0,0.0,0.0,33.33333333333333,7.0,7.5,7.0,36.300000000000004,29.65,0,,0,0,1,,,,
target_date,REAR_EXTREME,2026-09-13,2,1,50.0,200,320,160.0,0,0.0,50.0,50.0,7.0,10.0,10.0,64.9,64.9,320,100.0,0,1,1,,,,
target_date,REAR_EXTREME,2026-09-19,6,1,16.666666666666668,600,110,18.333333333333332,0,0.0,16.666666666666664,16.666666666666664,8.5,10.0,11.0,52.46666666666667,57.599999999999994,110,100.0,0,1,1,,,,
target_date,REAR_EXTREME,2026-09-20,4,1,25.0,400,270,67.5,1,370.0,25.0,25.0,8.0,11.25,11.5,97.625,97.25,270,100.0,0,1,1,,,,
target_date,REAR_EXTREME,2026-09-21,2,1,50.0,200,160,80.0,1,210.0,50.0,100.0,3.0,2.0,2.0,3.3,3.3,160,100.0,0,1,1,,,,
target_date,REAR_EXTREME,2026-09-22,4,1,25.0,400,530,132.5,1,965.0,25.0,25.0,8.0,9.5,9.0,63.25,53.2,530,100.0,0,1,1,,,,
target_date,REAR_EXTREME,2026-09-26,2,0,0.0,200,0,0.0,0,0.0,0.0,0.0,11.0,12.0,12.0,199.25,199.25,0,,0,0,1,,,,
target_date,REAR_EXTREME,2026-09-27,8,1,12.5,800,640,80.0,0,0.0,12.5,37.5,7.125,9.0,9.0,120.27499999999999,49.2,640,100.0,0,1,1,,,,
source_finish_band,REAR_EXTREME,1-3,3,1,33.333333333333336,300,160,53.333333333333336,1,140.0,33.33333333333333,66.66666666666666,5.0,3.3333333333333335,2.0,8.999999999999998,4.2,160,100.0,0,1,2,,,,
source_finish_band,REAR_EXTREME,4-5,9,1,11.11111111111111,900,270,30.0,1,164.44444444444446,11.11111111111111,33.33333333333333,6.444444444444445,7.0,8.0,31.12222222222222,37.4,270,100.0,0,1,6,,,,
source_finish_band,REAR_EXTREME,6-9,14,4,28.571428571428573,1400,2670,190.71428571428572,1,275.7142857142857,28.57142857142857,42.857142857142854,6.714285714285714,8.785714285714286,9.5,104.04999999999998,70.2,1390,52.059925093632955,1,4,7,,,,
source_finish_band,REAR_EXTREME,10+,21,1,4.761904761904762,2100,320,15.238095238095237,0,0.0,4.761904761904762,14.285714285714285,9.80952380952381,11.285714285714286,12.0,128.82380952380953,101.0,320,100.0,0,1,9,,,,
previous_surface_code,REAR_EXTREME,1,30,5,16.666666666666668,3000,1390,46.333333333333336,3,192.0,16.666666666666664,36.666666666666664,6.9,7.5,8.0,64.61999999999999,38.0,530,38.1294964028777,0,5,10,,,,
previous_surface_code,REAR_EXTREME,2,17,2,11.764705882352942,1700,2030,119.41176470588235,0,0.0,11.76470588235294,17.647058823529413,9.764705882352942,12.235294117647058,13.0,148.8529411764706,101.0,1390,68.47290640394088,1,2,8,,,,
source_distance_band,REAR_EXTREME,<=1400,16,4,25.0,1600,2350,146.875,1,241.25,25.0,31.25,7.875,10.3125,10.0,126.75,61.3,1390,59.148936170212764,1,4,7,,,,
source_distance_band,REAR_EXTREME,1401-1800,22,2,9.090909090909092,2200,800,36.36363636363637,1,19.09090909090909,9.090909090909092,31.818181818181817,8.409090909090908,9.136363636363637,10.0,95.74090909090908,68.05,640,80.0,0,2,8,,,,
source_distance_band,REAR_EXTREME,1801-2200,7,1,14.285714285714286,700,270,38.57142857142857,1,211.42857142857142,14.285714285714285,28.57142857142857,6.714285714285714,7.285714285714286,6.0,38.55714285714286,15.0,270,100.0,0,1,5,,,,
source_distance_band,REAR_EXTREME,>=2201,2,0,0.0,200,0,0.0,0,0.0,0.0,0.0,7.5,8.0,8.0,32.45,32.45,0,,0,0,2,,,,
previous_declared_class_group,REAR_EXTREME,CLASS_1,15,3,20.0,1500,2300,153.33333333333334,1,98.66666666666667,20.0,26.666666666666668,8.0,11.2,12.0,89.19999999999999,59.1,1390,60.43478260869565,1,3,8,,,,
previous_declared_class_group,REAR_EXTREME,CLASS_2,2,0,0.0,200,0,0.0,0,0.0,0.0,0.0,9.0,9.5,9.5,72.4,72.4,0,,0,0,2,,,,
previous_declared_class_group,REAR_EXTREME,CLASS_3,3,0,0.0,300,0,0.0,0,0.0,0.0,33.33333333333333,9.0,11.333333333333334,13.0,60.46666666666667,58.0,0,,0,0,3,,,,
previous_declared_class_group,REAR_EXTREME,MAIDEN,5,1,20.0,500,530,106.0,1,772.0,20.0,20.0,9.2,10.2,10.0,125.12,49.8,530,100.0,0,1,4,,,,
previous_declared_class_group,REAR_EXTREME,NEWCOMER,20,3,15.0,2000,590,29.5,1,21.0,15.0,40.0,7.05,7.15,7.0,104.50500000000002,42.4,320,54.23728813559322,0,3,9,,,,
previous_declared_class_group,REAR_EXTREME,OPEN,2,0,0.0,200,0,0.0,0,0.0,0.0,0.0,10.5,9.0,9.0,44.599999999999994,44.599999999999994,0,,0,0,2,,,,
signal,LAST3F80,ALL,755,241,31.920529801324502,75500,57380,76.0,92,71.97350993377484,32.71523178807947,50.86092715231788,6.081009296148738,5.634437086092715,5.0,24.741721854304636,11.7,1390,2.422446845590798,5,10,10,,,,
odds_band,LAST3F80,<5,189,118,62.43386243386244,18900,16680,88.25396825396825,60,83.75661375661376,63.49206349206349,78.83597883597884,3.7936507936507935,1.4814814814814814,1.0,3.0925925925925926,3.2,270,1.618705035971223,0,10,10,59.72222222222222,85.69444444444444,2.7116402116402156,2.55952380952381
odds_band,LAST3F80,5-9.9,156,66,42.30769230769231,15600,15310,98.14102564102564,18,74.1025641025641,44.230769230769226,64.1025641025641,4.890322580645162,3.4743589743589745,3.0,7.139102564102564,6.85,1030,6.727629000653168,1,10,10,34.174311926605505,78.27981651376147,8.133380381086802,19.86120912726416
odds_band,LAST3F80,10-29.9,238,48,20.168067226890756,23800,17370,72.98319327731092,13,91.97478991596638,20.588235294117645,42.857142857142854,6.6118143459915615,6.6722689075630255,6.0,17.99663865546218,17.2,800,4.605641911341393,0,10,10,21.603260869565215,90.05434782608695,-1.4351936426744594,-17.071154548776036
odds_band,LAST3F80,30-99.9,137,6,4.37956204379562,13700,4570,33.35766423357664,1,36.934306569343065,4.37956204379562,21.16788321167883,8.722627737226277,10.138686131386862,10.0,50.04744525547445,47.8,1240,27.133479212253828,1,5,10,6.924315619967794,60.01610305958132,-2.544753576172174,-26.658438826004677
odds_band,LAST3F80,>=100,35,3,8.571428571428571,3500,3450,98.57142857142857,0,0.0,8.571428571428571,11.428571428571429,9.771428571428572,13.0,13.0,166.91714285714286,138.5,1390,40.289855072463766,3,3,10,2.2883295194508007,73.38672768878719,6.2830990519777705,25.18470088264138
popularity_band,LAST3F80,1-3,278,156,56.115107913669064,27800,24550,88.30935251798562,72,82.87769784172662,57.55395683453237,73.38129496402878,4.14748201438849,1.8633093525179856,2.0,4.192086330935252,3.9,580,2.3625254582484727,0,10,10,,,,
popularity_band,LAST3F80,4-6,196,59,30.102040816326532,19600,16320,83.26530612244898,14,75.45918367346938,31.122448979591837,56.12244897959183,5.584615384615384,5.040816326530612,5.0,13.218367346938773,11.8,1030,6.311274509803922,1,10,10,,,,
popularity_band,LAST3F80,7-9,140,17,12.142857142857142,14000,8610,61.5,3,47.07142857142857,12.142857142857142,30.0,7.539568345323741,7.871428571428571,8.0,29.76928571428571,25.75,1000,11.614401858304298,1,8,10,,,,
popularity_band,LAST3F80,10+,141,9,6.382978723404255,14100,7900,56.02836879432624,3,70.35460992907801,6.382978723404255,19.858156028368796,9.141843971631205,11.673758865248226,11.0,76.28439716312056,53.4,1390,17.59493670886076,3,6,10,,,,
target_date,LAST3F80,2026-09-05,105,35,33.333333333333336,10500,8790,83.71428571428571,11,99.61904761904762,34.285714285714285,54.285714285714285,5.828571428571428,5.666666666666667,5.0,28.944761904761904,12.4,1390,15.813424345847555,1,1,1,,,,
target_date,LAST3F80,2026-09-06,134,35,26.119402985074625,13400,8140,60.74626865671642,11,47.46268656716418,26.865671641791046,45.52238805970149,6.462686567164179,5.7835820895522385,5.0,22.361194029850743,12.5,730,8.968058968058967,0,1,1,,,,
target_date,LAST3F80,2026-09-12,77,21,27.272727272727273,7700,4380,56.883116883116884,11,65.06493506493507,28.57142857142857,48.05194805194805,6.077922077922078,6.103896103896104,5.0,25.80909090909091,9.3,480,10.95890410958904,0,1,1,,,,
target_date,LAST3F80,2026-09-13,83,28,33.734939759036145,8300,5970,71.92771084337349,10,89.39759036144578,33.734939759036145,55.42168674698795,6.2073170731707314,5.783132530120482,5.0,33.14337349397591,11.2,960,16.08040201005025,0,1,1,,,,
target_date,LAST3F80,2026-09-19,59,21,35.59322033898305,5900,4840,82.03389830508475,8,62.03389830508475,37.28813559322034,49.152542372881356,5.9491525423728815,5.0508474576271185,4.0,22.85084745762712,8.4,1030,21.28099173553719,1,1,1,,,,
target_date,LAST3F80,2026-09-20,65,20,30.76923076923077,6500,3920,60.30769230769231,10,67.38461538461539,30.76923076923077,44.61538461538462,6.292307692307692,5.938461538461539,6.0,21.983076923076926,13.6,440,11.224489795918368,0,1,1,,,,
target_date,LAST3F80,2026-09-21,40,13,32.5,4000,3540,88.5,5,56.0,32.5,52.5,6.125,5.775,5.0,22.0075,11.649999999999999,1060,29.943502824858758,1,1,1,,,,
target_date,LAST3F80,2026-09-22,19,8,42.10526315789474,1900,2470,130.0,3,135.26315789473685,42.10526315789473,52.63157894736842,6.2105263157894735,5.631578947368421,6.0,26.542105263157897,18.5,790,31.983805668016196,0,1,1,,,,
target_date,LAST3F80,2026-09-26,103,35,33.980582524271846,10300,7290,70.77669902912622,14,73.49514563106796,34.95145631067961,55.33980582524271,5.786407766990291,5.281553398058253,5.0,22.748543689320382,11.8,600,8.23045267489712,0,1,1,,,,
target_date,LAST3F80,2026-09-27,70,25,35.714285714285715,7000,8040,114.85714285714286,9,66.71428571428571,37.142857142857146,52.85714285714286,5.869565217391305,5.257142857142857,5.0,20.02,10.649999999999999,1240,15.422885572139304,2,1,1,,,,
source_finish_band,LAST3F80,1-3,424,173,40.801886792452834,42400,36350,85.73113207547169,68,75.56603773584905,41.74528301886792,59.43396226415094,5.3364928909952605,4.2075471698113205,3.0,12.982783018867924,6.95,1060,2.916093535075653,2,10,10,,,,
source_finish_band,LAST3F80,4-5,155,39,25.161290322580644,15500,10030,64.70967741935483,18,106.51612903225806,26.451612903225808,45.806451612903224,6.251612903225807,6.012903225806451,6.0,21.244516129032263,14.8,1000,9.970089730807578,1,10,10,,,,
source_finish_band,LAST3F80,6-9,138,25,18.115942028985508,13800,8810,63.84057971014493,5,34.710144927536234,18.115942028985508,39.130434782608695,7.195652173913044,8.217391304347826,8.0,46.063043478260866,29.45,1390,15.777525539160045,1,9,10,,,,
source_finish_band,LAST3F80,10+,38,4,10.526315789473685,3800,2190,57.63157894736842,1,26.31578947368421,10.526315789473683,18.421052631578945,9.605263157894736,10.631578947368421,11.0,92.78157894736842,59.3,1240,56.62100456621005,1,3,10,,,,
previous_surface_code,LAST3F80,1,400,125,31.25,40000,30810,77.025,51,82.05,32.5,51.0,6.0551378446115285,5.65,5.0,24.82675,11.8,1240,4.024667315806556,3,10,10,,,,
previous_surface_code,LAST3F80,2,355,116,32.67605633802817,35500,26570,74.84507042253522,41,60.61971830985915,32.95774647887324,50.70422535211267,6.110169491525424,5.616901408450704,5.0,24.645915492957748,11.7,1390,5.2314640572073765,2,10,10,,,,
source_distance_band,LAST3F80,<=1400,275,76,27.636363636363637,27500,19700,71.63636363636364,22,57.56363636363636,27.636363636363637,43.27272727272727,6.785454545454545,6.407272727272727,6.0,30.073818181818186,16.1,1390,7.055837563451776,2,10,10,,,,
source_distance_band,LAST3F80,1401-1800,338,125,36.98224852071006,33800,26680,78.93491124260355,52,69.88165680473372,38.46153846153847,58.28402366863905,5.467261904761905,5.044378698224852,4.0,21.04378698224852,9.850000000000001,1030,3.8605697151424287,2,10,10,,,,
source_distance_band,LAST3F80,1801-2200,109,28,25.68807339449541,10900,7830,71.8348623853211,12,117.5229357798165,26.605504587155966,46.788990825688074,6.302752293577981,5.559633027522936,5.0,24.195412844036696,12.0,960,12.260536398467433,0,9,10,,,,
source_distance_band,LAST3F80,>=2201,33,12,36.36363636363637,3300,3170,96.06060606060606,6,63.03030303030303,36.36363636363637,51.515151515151516,5.7272727272727275,5.484848484848484,5.0,19.98787878787879,9.6,1060,33.4384858044164,1,7,9,,,,
previous_declared_class_group,LAST3F80,CLASS_1,231,78,33.76623376623377,23100,19810,85.75757575757575,36,107.87878787878788,34.1991341991342,50.21645021645021,6.173913043478261,5.809523809523809,5.0,28.363636363636363,13.6,1390,7.01665825340737,2,10,10,,,,
previous_declared_class_group,LAST3F80,CLASS_2,103,27,26.21359223300971,10300,5830,56.601941747572816,11,83.59223300970874,27.184466019417474,47.57281553398058,6.339805825242719,5.796116504854369,5.0,31.178640776699027,13.0,600,10.291595197255575,0,10,10,,,,
previous_declared_class_group,LAST3F80,CLASS_3,50,12,24.0,5000,2930,58.6,4,65.8,24.0,56.00000000000001,5.96,5.78,6.0,16.067999999999998,11.75,520,17.747440273037544,0,7,10,,,,
previous_declared_class_group,LAST3F80,G1,12,5,41.666666666666664,1200,1100,91.66666666666667,1,11.666666666666666,41.66666666666667,41.66666666666667,6.75,4.5,3.5,12.875,9.05,390,35.45454545454545,0,3,6,,,,
previous_declared_class_group,LAST3F80,G2,3,0,0.0,300,0,0.0,0,0.0,0.0,33.33333333333333,9.0,8.333333333333334,7.0,25.866666666666664,16.1,0,,0,0,2,,,,
previous_declared_class_group,LAST3F80,G3,15,6,40.0,1500,1720,114.66666666666667,2,59.333333333333336,40.0,46.666666666666664,6.666666666666667,5.8,5.0,15.700000000000001,7.5,800,46.51162790697674,0,5,6,,,,
previous_declared_class_group,LAST3F80,MAIDEN,240,72,30.0,24000,16840,70.16666666666667,20,44.166666666666664,30.416666666666664,47.5,6.305439330543933,5.945833333333334,6.0,24.847916666666666,12.5,1000,5.938242280285036,1,10,10,,,,
previous_declared_class_group,LAST3F80,NEWCOMER,82,38,46.34146341463415,8200,7500,91.46341463414635,18,71.82926829268293,50.0,73.17073170731707,4.2073170731707314,3.5365853658536586,3.0,14.279268292682929,5.4,1030,13.733333333333333,1,9,10,,,,
previous_declared_class_group,LAST3F80,OPEN,19,3,15.789473684210526,1900,1650,86.84210526315789,0,0.0,15.789473684210526,21.052631578947366,7.7894736842105265,7.526315789473684,7.0,26.90526315789474,20.9,1240,75.15151515151516,1,3,7,,,,
signal,LAST3F90,ALL,461,154,33.40563991323211,46100,34280,74.36008676789588,55,68.54663774403471,34.70715835140998,50.759219088937094,5.95,5.314533622559653,5.0,21.7646420824295,10.2,1390,4.054842473745624,3,10,10,,,,
odds_band,LAST3F90,<5,114,75,65.78947368421052,11400,10340,90.70175438596492,38,82.71929824561404,67.54385964912281,79.82456140350878,3.5789473684210527,1.4473684210526316,1.0,3.042105263157895,3.0,220,2.127659574468085,0,10,10,59.72222222222222,85.69444444444444,6.067251461988299,5.007309941520475
odds_band,LAST3F90,5-9.9,113,44,38.93805309734513,11300,9880,87.43362831858407,7,40.0,41.5929203539823,60.17699115044248,5.0625,3.47787610619469,3.0,7.1690265486725675,6.8,1030,10.425101214574898,1,10,10,34.174311926605505,78.27981651376147,4.763741170739628,9.153811804822595
odds_band,LAST3F90,10-29.9,151,31,20.52980132450331,15100,10820,71.65562913907284,10,116.88741721854305,21.192052980132452,41.05960264900662,6.642384105960265,6.708609271523179,7.0,18.315231788079466,17.6,600,5.545286506469501,0,10,10,21.603260869565215,90.05434782608695,-1.0734595450619047,-18.39871868701411
odds_band,LAST3F90,30-99.9,67,2,2.985074626865672,6700,850,12.686567164179104,0,0.0,2.9850746268656714,16.417910447761194,9.194029850746269,10.17910447761194,10.0,50.346268656716425,48.7,640,75.29411764705883,0,2,9,6.924315619967794,60.01610305958132,-3.9392409931021226,-47.329535895402216
odds_band,LAST3F90,>=100,16,2,12.5,1600,2390,149.375,0,0.0,12.5,12.5,8.9375,12.3125,12.5,171.1125,144.64999999999998,1390,58.15899581589958,2,2,7,2.2883295194508007,73.38672768878719,10.211670480549198,75.98827231121281
popularity_band,LAST3F90,1-3,180,101,56.111111111111114,18000,15320,85.11111111111111,42,65.55555555555556,58.333333333333336,71.66666666666667,4.1,1.9111111111111112,2.0,4.32,4.15,450,2.93733681462141,0,10,10,,,,
popularity_band,LAST3F90,4-6,124,39,31.451612903225808,12400,10990,88.62903225806451,9,82.98387096774194,33.064516129032256,56.451612903225815,5.544715447154472,5.024193548387097,5.0,13.035483870967743,11.75,1030,9.372156505914468,1,10,10,,,,
popularity_band,LAST3F90,7-9,80,10,12.5,8000,4860,60.75,2,58.125,12.5,28.749999999999996,7.4625,7.7125,8.0,26.672500000000003,23.1,1000,20.5761316872428,1,6,10,,,,
popularity_band,LAST3F90,10+,77,4,5.194805194805195,7700,3110,40.38961038961039,2,63.116883116883116,5.194805194805195,15.584415584415584,9.35064935064935,11.246753246753247,11.0,71.50259740259743,52.4,1390,44.69453376205788,1,3,9,,,,
target_date,LAST3F90,2026-09-05,69,24,34.78260869565217,6900,6450,93.47826086956522,8,136.66666666666666,36.231884057971016,52.17391304347826,6.0,5.6521739130434785,6.0,23.798550724637682,14.5,1390,21.550387596899224,1,1,1,,,,
target_date,LAST3F90,2026-09-06,76,21,27.63157894736842,7600,3820,50.26315789473684,7,37.36842105263158,28.947368421052634,46.05263157894737,6.328947368421052,5.4868421052631575,5.0,20.33947368421052,10.0,290,7.591623036649215,0,1,1,,,,
target_date,LAST3F90,2026-09-12,35,11,31.428571428571427,3500,1990,56.857142857142854,6,54.857142857142854,34.285714285714285,51.42857142857142,5.3428571428571425,4.6,3.0,18.768571428571423,6.5,250,12.56281407035176,0,1,1,,,,
target_date,LAST3F90,2026-09-13,52,20,38.46153846153846,5200,3710,71.34615384615384,7,30.76923076923077,38.46153846153847,57.692307692307686,5.705882352941177,4.903846153846154,4.0,31.207692307692312,7.8,400,10.78167115902965,0,1,1,,,,
target_date,LAST3F90,2026-09-19,43,16,37.2093023255814,4300,3650,84.88372093023256,4,42.55813953488372,39.53488372093023,53.48837209302325,5.604651162790698,4.5813953488372094,3.0,19.78372093023256,8.2,1030,28.21917808219178,1,1,1,,,,
target_date,LAST3F90,2026-09-20,39,12,30.76923076923077,3900,2430,62.30769230769231,4,52.30769230769231,30.76923076923077,43.58974358974359,5.82051282051282,5.9743589743589745,6.0,18.19743589743589,14.8,440,18.106995884773664,0,1,1,,,,
target_date,LAST3F90,2026-09-21,29,9,31.03448275862069,2900,1970,67.93103448275862,2,23.79310344827586,31.03448275862069,48.275862068965516,6.620689655172414,5.862068965517241,5.0,18.510344827586206,11.6,460,23.3502538071066,0,1,1,,,,
target_date,LAST3F90,2026-09-22,8,5,62.5,800,1440,180.0,2,297.5,62.5,75.0,4.0,4.75,5.0,13.2625,12.3,480,33.333333333333336,0,1,1,,,,
target_date,LAST3F90,2026-09-26,67,21,31.34328358208955,6700,4860,72.53731343283582,8,85.97014925373135,32.83582089552239,50.74626865671642,6.029850746268656,5.597014925373134,6.0,23.008955223880594,14.6,600,12.345679012345679,0,1,1,,,,
target_date,LAST3F90,2026-09-27,43,15,34.883720930232556,4300,3960,92.09302325581395,7,72.32558139534883,37.2093023255814,48.837209302325576,6.232558139534884,4.976744186046512,4.0,19.093023255813957,9.7,1000,25.252525252525253,1,1,1,,,,
source_finish_band,LAST3F90,1-3,283,115,40.63604240282685,28300,22420,79.2226148409894,42,60.24734982332156,42.04946996466431,58.657243816254415,5.361702127659575,4.201413427561837,3.0,12.89929328621908,7.2,1030,4.594112399643175,1,10,10,,,,
source_finish_band,LAST3F90,4-5,84,22,26.19047619047619,8400,5860,69.76190476190476,10,129.52380952380952,28.57142857142857,44.047619047619044,6.2976190476190474,5.785714285714286,6.0,19.55952380952381,14.8,1000,17.064846416382252,1,9,9,,,,
source_finish_band,LAST3F90,6-9,75,16,21.333333333333332,7500,5680,75.73333333333333,3,48.93333333333333,21.333333333333336,38.666666666666664,6.8,7.706666666666667,8.0,40.244,24.7,1390,24.471830985915492,1,9,10,,,,
source_finish_band,LAST3F90,10+,19,1,5.2631578947368425,1900,320,16.842105263157894,0,0.0,5.263157894736842,10.526315789473683,9.789473684210526,10.368421052631579,11.0,90.6157894736842,60.6,320,100.0,0,1,8,,,,
previous_surface_code,LAST3F90,1,241,83,34.439834024896264,24100,18220,75.60165975103735,32,82.36514522821577,36.51452282157676,52.282157676348554,5.895833333333333,5.219917012448133,5.0,20.351867219917015,9.6,1030,5.653128430296378,1,10,10,,,,
previous_surface_code,LAST3F90,2,220,71,32.27272727272727,22000,16060,73.0,23,53.40909090909091,32.72727272727273,49.09090909090909,6.009090909090909,5.418181818181818,5.0,23.31227272727273,11.5,1390,8.655043586550436,2,10,10,,,,
source_distance_band,LAST3F90,<=1400,159,43,27.044025157232703,15900,10600,66.66666666666667,11,65.09433962264151,27.044025157232703,42.76729559748428,6.59748427672956,5.9748427672955975,6.0,23.30817610062893,14.8,1390,13.11320754716981,1,9,10,,,,
source_distance_band,LAST3F90,1401-1800,218,89,40.825688073394495,21800,18220,83.57798165137615,38,76.14678899082568,43.11926605504588,60.550458715596335,5.28110599078341,4.848623853211009,4.0,20.709633027522933,8.9,1030,5.653128430296378,2,10,10,,,,
source_distance_band,LAST3F90,1801-2200,67,18,26.865671641791046,6700,4710,70.29850746268657,6,69.40298507462687,28.35820895522388,40.298507462686565,6.447761194029851,5.208955223880597,5.0,21.959701492537313,10.9,600,12.738853503184714,0,9,10,,,,
source_distance_band,LAST3F90,>=2201,17,4,23.529411764705884,1700,750,44.11764705882353,0,0.0,23.52941176470588,41.17647058823529,6.470588235294118,5.529411764705882,5.0,20.08823529411765,8.5,250,33.333333333333336,0,4,7,,,,
previous_declared_class_group,LAST3F90,CLASS_1,141,48,34.04255319148936,14100,11670,82.76595744680851,22,109.64539007092199,34.751773049645394,52.4822695035461,5.780141843971631,5.631205673758865,5.0,25.923404255319152,12.5,1390,11.91088260497001,1,10,10,,,,
previous_declared_class_group,LAST3F90,CLASS_2,64,17,26.5625,6400,3460,54.0625,7,82.96875,28.125,46.875,6.359375,5.484375,5.0,26.409375,13.5,600,17.341040462427745,0,7,10,,,,
previous_declared_class_group,LAST3F90,CLASS_3,28,8,28.571428571428573,2800,2170,77.5,3,93.92857142857143,28.57142857142857,46.42857142857143,6.714285714285714,5.642857142857143,6.0,14.775,11.95,520,23.963133640552996,0,6,9,,,,
previous_declared_class_group,LAST3F90,G1,7,2,28.571428571428573,700,340,48.57142857142857,0,0.0,28.57142857142857,28.57142857142857,8.285714285714286,5.142857142857143,3.0,16.457142857142856,8.5,190,55.88235294117647,0,2,5,,,,
previous_declared_class_group,LAST3F90,G2,3,0,0.0,300,0,0.0,0,0.0,0.0,33.33333333333333,9.0,8.333333333333334,7.0,25.866666666666664,16.1,0,,0,0,2,,,,
previous_declared_class_group,LAST3F90,G3,8,4,50.0,800,700,87.5,1,22.5,50.0,50.0,5.5,5.0,4.5,13.487499999999999,7.15,230,32.857142857142854,0,4,5,,,,
previous_declared_class_group,LAST3F90,MAIDEN,151,52,34.437086092715234,15100,11300,74.83443708609272,12,30.132450331125828,35.099337748344375,47.019867549668874,6.153333333333333,5.410596026490066,5.0,21.35695364238411,10.1,1000,8.849557522123893,1,10,10,,,,
previous_declared_class_group,LAST3F90,NEWCOMER,49,22,44.89795918367347,4900,4490,91.63265306122449,10,70.81632653061224,51.02040816326531,77.55102040816327,3.938775510204082,3.5918367346938775,3.0,12.56530612244898,6.4,1030,22.93986636971047,1,8,10,,,,
previous_declared_class_group,LAST3F90,OPEN,10,1,10.0,1000,150,15.0,0,0.0,10.0,10.0,8.2,5.3,4.5,13.309999999999999,13.45,150,100.0,0,1,7,,,,
signal,POSITION_RECOVERY,ALL,356,91,25.56179775280899,35600,22170,62.2752808988764,31,58.848314606741575,26.12359550561798,46.06741573033708,6.588732394366197,6.241573033707865,6.0,33.63202247191011,13.8,1060,4.781235904375282,2,10,10,,,,
odds_band,POSITION_RECOVERY,<5,63,34,53.96825396825397,6300,4670,74.12698412698413,17,67.3015873015873,55.55555555555556,80.95238095238095,4.0,1.5396825396825398,1.0,3.0365079365079373,3.0,200,4.282655246252677,0,9,10,59.72222222222222,85.69444444444444,-5.753968253968253,-11.567460317460316
odds_band,POSITION_RECOVERY,5-9.9,75,26,34.666666666666664,7500,4940,65.86666666666666,8,71.33333333333333,36.0,54.666666666666664,5.6891891891891895,3.3466666666666667,3.0,7.04,6.8,390,7.894736842105263,0,10,10,34.174311926605505,78.27981651376147,0.49235474006115965,-12.413149847094815
odds_band,POSITION_RECOVERY,10-29.9,124,28,22.580645161290324,12400,10080,81.29032258064517,6,91.61290322580645,22.58064516129032,48.38709677419355,6.225806451612903,6.443548387096774,6.0,16.989516129032257,15.9,850,8.432539682539682,0,9,10,21.603260869565215,90.05434782608695,0.9773842917251088,-8.764025245441786
odds_band,POSITION_RECOVERY,30-99.9,64,1,1.5625,6400,420,6.5625,0,0.0,1.5625,12.5,9.234375,10.46875,10.0,55.2578125,51.0,420,100.0,0,1,10,6.924315619967794,60.01610305958132,-5.361815619967794,-53.45360305958132
odds_band,POSITION_RECOVERY,>=100,30,2,6.666666666666667,3000,2060,68.66666666666667,0,0.0,6.666666666666667,13.333333333333334,10.1,13.5,13.5,187.01666666666668,157.5,1060,51.45631067961165,2,2,10,2.2883295194508007,73.38672768878719,4.378337147215866,-4.720061022120518
popularity_band,POSITION_RECOVERY,1-3,109,49,44.95412844036697,10900,7400,67.88990825688073,20,55.321100917431195,46.788990825688074,67.88990825688074,4.889908256880734,2.0,2.0,4.579816513761468,4.4,390,5.27027027027027,0,9,10,,,,
popularity_band,POSITION_RECOVERY,4-6,97,30,30.927835051546392,9700,8090,83.4020618556701,8,85.4639175257732,30.927835051546392,57.73195876288659,5.59375,5.010309278350515,5.0,11.937113402061856,11.6,440,5.438813349814586,0,9,10,,,,
popularity_band,POSITION_RECOVERY,7-9,68,11,16.176470588235293,6800,5620,82.6470588235294,3,97.5,16.176470588235293,35.294117647058826,7.132352941176471,7.6911764705882355,8.0,28.123529411764707,23.700000000000003,1000,17.793594306049823,1,8,10,,,,
popularity_band,POSITION_RECOVERY,10+,82,1,1.2195121951219512,8200,1060,12.926829268292684,0,0.0,1.2195121951219512,12.195121951219512,9.560975609756097,12.134146341463415,12.0,102.48170731707317,74.69999999999999,1060,100.0,1,1,10,,,,
target_date,POSITION_RECOVERY,2026-09-05,38,12,31.57894736842105,3800,2260,59.473684210526315,6,147.3684210526316,34.21052631578947,63.1578947368421,5.2894736842105265,5.578947368421052,5.5,17.77368421052632,11.55,370,16.371681415929203,0,1,1,,,,
target_date,POSITION_RECOVERY,2026-09-06,67,17,25.37313432835821,6700,4370,65.22388059701493,4,74.32835820895522,25.37313432835821,44.776119402985074,6.611940298507463,6.059701492537314,6.0,28.974626865671645,12.5,850,19.450800915331808,0,1,1,,,,
target_date,POSITION_RECOVERY,2026-09-12,36,5,13.88888888888889,3600,1130,31.38888888888889,3,32.5,16.666666666666664,41.66666666666667,7.0,6.388888888888889,5.0,36.79722222222222,14.25,390,34.51327433628319,0,1,1,,,,
target_date,POSITION_RECOVERY,2026-09-13,51,14,27.45098039215686,5100,3390,66.47058823529412,4,20.784313725490197,27.450980392156865,45.09803921568628,6.74,6.490196078431373,5.0,45.24705882352942,13.0,450,13.274336283185841,0,1,1,,,,
target_date,POSITION_RECOVERY,2026-09-19,35,10,28.571428571428573,3500,1400,40.0,4,44.0,28.57142857142857,48.57142857142857,6.171428571428572,5.3428571428571425,5.0,21.59142857142857,11.1,200,14.285714285714286,0,1,1,,,,
target_date,POSITION_RECOVERY,2026-09-20,36,6,16.666666666666668,3600,1760,48.888888888888886,1,21.11111111111111,16.666666666666664,30.555555555555557,7.944444444444445,6.888888888888889,6.0,40.69166666666667,15.9,440,25.0,0,1,1,,,,
target_date,POSITION_RECOVERY,2026-09-21,19,8,42.10526315789474,1900,2510,132.10526315789474,3,63.68421052631579,42.10526315789473,63.1578947368421,5.2631578947368425,5.7894736842105265,6.0,27.221052631578942,11.6,1060,42.23107569721115,1,1,1,,,,
target_date,POSITION_RECOVERY,2026-09-22,14,3,21.428571428571427,1400,1070,76.42857142857143,2,170.0,21.428571428571427,50.0,6.071428571428571,7.571428571428571,6.5,45.435714285714276,19.25,480,44.85981308411215,0,1,1,,,,
target_date,POSITION_RECOVERY,2026-09-26,26,8,30.76923076923077,2600,1850,71.15384615384616,1,16.923076923076923,30.76923076923077,46.15384615384615,6.769230769230769,6.384615384615385,5.0,40.94230769230769,13.1,520,28.10810810810811,0,1,1,,,,
target_date,POSITION_RECOVERY,2026-09-27,34,8,23.529411764705884,3400,2430,71.47058823529412,3,53.23529411764706,23.52941176470588,38.23529411764706,7.147058823529412,6.647058823529412,6.0,37.811764705882354,18.1,1000,41.1522633744856,1,1,1,,,,
source_finish_band,POSITION_RECOVERY,1-3,172,55,31.976744186046513,17200,11970,69.59302325581395,21,66.86046511627907,33.13953488372093,54.65116279069767,5.871345029239766,4.656976744186046,4.0,16.055813953488375,9.0,1060,8.85547201336675,1,10,10,,,,
source_finish_band,POSITION_RECOVERY,4-5,97,23,23.711340206185568,9700,6300,64.94845360824742,9,95.56701030927834,23.711340206185564,44.329896907216494,6.412371134020619,6.082474226804123,6.0,22.716494845360824,15.3,1000,15.873015873015873,1,9,10,,,,
source_finish_band,POSITION_RECOVERY,6-9,79,12,15.189873417721518,7900,3510,44.43037974683544,1,2.278481012658228,15.18987341772152,32.91139240506329,8.037974683544304,9.291139240506329,10.0,77.53164556962025,45.2,480,13.675213675213675,0,7,10,,,,
source_finish_band,POSITION_RECOVERY,10+,8,1,12.5,800,390,48.75,0,0.0,12.5,12.5,9.75,12.125,12.0,110.3625,105.2,390,100.0,0,1,4,,,,
previous_surface_code,POSITION_RECOVERY,1,172,37,21.511627906976745,17200,9190,53.43023255813954,13,48.83720930232558,22.674418604651162,44.18604651162791,6.760233918128655,6.075581395348837,5.0,31.282558139534885,12.45,1060,11.534276387377584,1,10,10,,,,
previous_surface_code,POSITION_RECOVERY,2,184,54,29.347826086956523,18400,12980,70.54347826086956,18,68.20652173913044,29.347826086956523,47.82608695652174,6.429347826086956,6.396739130434782,6.0,35.82826086956522,14.75,1000,7.704160246533128,1,10,10,,,,
source_distance_band,POSITION_RECOVERY,1401-1800,226,65,28.761061946902654,22600,14690,65.0,23,65.66371681415929,29.20353982300885,49.11504424778761,6.337777777777778,6.331858407079646,6.0,34.650442477876105,14.649999999999999,1000,6.807351940095303,1,10,10,,,,
source_distance_band,POSITION_RECOVERY,1801-2200,103,19,18.446601941747574,10300,5100,49.51456310679612,5,45.24271844660194,19.41747572815534,41.74757281553398,7.145631067961165,6.174757281553398,6.0,34.59417475728155,12.5,480,9.411764705882353,0,9,10,,,,
source_distance_band,POSITION_RECOVERY,>=2201,27,7,25.925925925925927,2700,2380,88.14814814814815,3,53.7037037037037,25.925925925925924,37.03703703703704,6.555555555555555,5.7407407407407405,4.0,21.43703703703704,9.6,1060,44.53781512605042,1,2,8,,,,
previous_declared_class_group,POSITION_RECOVERY,CLASS_1,112,29,25.892857142857142,11200,7070,63.125,12,82.94642857142857,25.892857142857146,44.642857142857146,6.553571428571429,6.3125,6.0,40.41785714285714,14.25,1060,14.992927864214993,1,9,10,,,,
previous_declared_class_group,POSITION_RECOVERY,CLASS_2,44,6,13.636363636363637,4400,1720,39.09090909090909,2,41.59090909090909,13.636363636363635,38.63636363636363,6.954545454545454,7.25,6.0,45.22954545454546,17.4,450,26.162790697674417,0,4,9,,,,
previous_declared_class_group,POSITION_RECOVERY,CLASS_3,19,6,31.57894736842105,1900,1780,93.6842105263158,1,42.10526315789474,36.84210526315789,63.1578947368421,5.894736842105263,5.684210526315789,6.0,20.86842105263158,11.7,520,29.213483146067414,0,5,9,,,,
previous_declared_class_group,POSITION_RECOVERY,G1,8,4,50.0,800,840,105.0,1,17.5,50.0,50.0,5.875,3.375,3.5,7.300000000000001,7.2,390,46.42857142857143,0,2,3,,,,
previous_declared_class_group,POSITION_RECOVERY,G2,1,0,0.0,100,0,0.0,0,0.0,0.0,0.0,12.0,7.0,7.0,23.3,23.3,0,,0,0,1,,,,
previous_declared_class_group,POSITION_RECOVERY,G3,4,1,25.0,400,120,30.0,1,45.0,25.0,25.0,7.75,7.0,7.5,20.85,20.55,120,100.0,0,1,2,,,,
previous_declared_class_group,POSITION_RECOVERY,MAIDEN,134,36,26.865671641791046,13400,9390,70.07462686567165,11,53.28358208955224,27.611940298507463,45.52238805970149,6.646616541353383,6.432835820895522,6.0,31.60820895522388,15.25,1000,10.649627263045794,1,10,10,,,,
previous_declared_class_group,POSITION_RECOVERY,NEWCOMER,25,7,28.0,2500,850,34.0,2,34.8,28.000000000000004,68.0,5.92,4.4,4.0,21.011999999999997,7.9,140,16.470588235294116,0,5,8,,,,
previous_declared_class_group,POSITION_RECOVERY,OPEN,9,2,22.22222222222222,900,400,44.44444444444444,1,77.77777777777777,22.22222222222222,22.22222222222222,7.222222222222222,6.0,5.0,14.855555555555554,17.4,250,62.5,0,2,5,,,,
signal,POSITION_RECOVERY_LAST3F80,ALL,241,72,29.87551867219917,24100,16400,68.04979253112033,24,61.74273858921162,30.29045643153527,50.20746887966805,6.075,5.45643153526971,5.0,23.784647302904567,11.1,1060,6.463414634146342,2,10,10,,,,
odds_band,POSITION_RECOVERY_LAST3F80,<5,56,32,57.142857142857146,5600,4370,78.03571428571429,16,67.67857142857143,57.14285714285714,78.57142857142857,4.071428571428571,1.5357142857142858,1.0,3.0142857142857147,3.0,200,4.576659038901602,0,9,9,59.72222222222222,85.69444444444444,-2.5793650793650755,-7.658730158730151
odds_band,POSITION_RECOVERY_LAST3F80,5-9.9,54,17,31.48148148148148,5400,3050,56.48148148148148,3,33.7037037037037,33.33333333333333,53.70370370370371,5.6415094339622645,3.2777777777777777,3.0,7.048148148148148,6.75,220,7.213114754098361,0,9,10,34.174311926605505,78.27981651376147,-2.6928304451240237,-21.798335032279994
odds_band,POSITION_RECOVERY_LAST3F80,10-29.9,86,21,24.41860465116279,8600,6920,80.46511627906976,5,107.79069767441861,24.418604651162788,48.837209302325576,6.023255813953488,6.4186046511627906,6.0,16.809302325581395,15.5,520,7.514450867052023,0,8,10,21.603260869565215,90.05434782608695,2.8153437815975764,-9.589231547017192
odds_band,POSITION_RECOVERY_LAST3F80,30-99.9,34,0,0.0,3400,0,0.0,0,0.0,0.0,8.823529411764707,9.441176470588236,10.382352941176471,11.0,53.970588235294116,48.400000000000006,0,,0,0,9,6.924315619967794,60.01610305958132,-6.924315619967794,-60.01610305958132
odds_band,POSITION_RECOVERY_LAST3F80,>=100,11,2,18.181818181818183,1100,2060,187.27272727272728,0,0.0,18.181818181818183,27.27272727272727,8.363636363636363,13.363636363636363,14.0,172.9181818181818,130.2,1060,51.45631067961165,2,2,6,2.2883295194508007,73.38672768878719,15.893488662367382,113.88599958394009
popularity_band,POSITION_RECOVERY_LAST3F80,1-3,91,43,47.252747252747255,9100,6260,68.79120879120879,17,47.252747252747255,48.35164835164835,69.23076923076923,4.626373626373627,1.945054945054945,2.0,4.393406593406593,4.2,230,3.6741214057507987,0,9,9,,,,
popularity_band,POSITION_RECOVERY_LAST3F80,4-6,70,22,31.428571428571427,7000,5930,84.71428571428571,5,86.28571428571429,31.428571428571427,55.714285714285715,5.536231884057971,5.014285714285714,5.0,12.147142857142859,11.8,440,7.419898819561552,0,8,10,,,,
popularity_band,POSITION_RECOVERY_LAST3F80,7-9,38,6,15.789473684210526,3800,3150,82.89473684210526,2,119.47368421052632,15.789473684210526,34.21052631578947,7.078947368421052,7.7368421052631575,8.0,29.64736842105263,25.6,1000,31.746031746031747,1,6,10,,,,
popularity_band,POSITION_RECOVERY_LAST3F80,10+,42,1,2.380952380952381,4200,1060,25.238095238095237,0,0.0,2.380952380952381,14.285714285714285,9.19047619047619,11.738095238095237,11.0,79.8904761904762,54.45,1060,100.0,1,1,9,,,,
target_date,POSITION_RECOVERY_LAST3F80,2026-09-05,29,10,34.48275862068966,2900,1880,64.82758620689656,5,168.9655172413793,34.48275862068966,62.06896551724138,5.103448275862069,5.0344827586206895,5.0,12.634482758620688,10.9,370,19.680851063829788,0,1,1,,,,
target_date,POSITION_RECOVERY_LAST3F80,2026-09-06,49,12,24.489795918367346,4900,2560,52.244897959183675,2,43.673469387755105,24.489795918367346,44.89795918367347,6.530612244897959,5.63265306122449,5.0,22.077551020408162,10.4,490,19.140625,0,1,1,,,,
target_date,POSITION_RECOVERY_LAST3F80,2026-09-12,21,3,14.285714285714286,2100,480,22.857142857142858,3,55.714285714285715,19.047619047619047,42.857142857142854,6.619047619047619,5.761904761904762,4.0,31.900000000000006,7.8,180,37.5,0,1,1,,,,
target_date,POSITION_RECOVERY_LAST3F80,2026-09-13,35,11,31.428571428571427,3500,2080,59.42857142857143,4,30.285714285714285,31.428571428571427,54.285714285714285,6.205882352941177,6.085714285714285,4.0,44.54571428571428,11.2,400,19.23076923076923,0,1,1,,,,
target_date,POSITION_RECOVERY_LAST3F80,2026-09-19,23,8,34.78260869565217,2300,1130,49.130434782608695,2,24.782608695652176,34.78260869565217,47.82608695652174,6.0,4.695652173913044,3.0,16.97391304347826,5.7,200,17.699115044247787,0,1,1,,,,
target_date,POSITION_RECOVERY_LAST3F80,2026-09-20,19,4,21.05263157894737,1900,1210,63.68421052631579,0,0.0,21.052631578947366,31.57894736842105,6.947368421052632,5.684210526315789,6.0,17.75263157894737,13.6,440,36.36363636363637,0,1,1,,,,
target_date,POSITION_RECOVERY_LAST3F80,2026-09-21,14,7,50.0,1400,2210,157.85714285714286,2,29.285714285714285,50.0,64.28571428571429,4.857142857142857,5.428571428571429,5.5,22.271428571428572,11.05,1060,47.963800904977376,1,1,1,,,,
target_date,POSITION_RECOVERY_LAST3F80,2026-09-22,8,3,37.5,800,1070,133.75,2,297.5,37.5,62.5,4.375,6.0,6.0,17.012500000000003,18.75,480,44.85981308411215,0,1,1,,,,
target_date,POSITION_RECOVERY_LAST3F80,2026-09-26,21,7,33.333333333333336,2100,1490,70.95238095238095,1,20.952380952380953,33.33333333333333,52.38095238095239,6.142857142857143,5.333333333333333,4.0,18.58095238095238,11.7,520,34.899328859060404,0,1,1,,,,
target_date,POSITION_RECOVERY_LAST3F80,2026-09-27,22,7,31.818181818181817,2200,2290,104.0909090909091,3,82.27272727272727,31.818181818181817,50.0,6.2727272727272725,4.863636363636363,4.5,22.23181818181818,11.35,1000,43.66812227074236,1,1,1,,,,
source_finish_band,POSITION_RECOVERY_LAST3F80,1-3,140,47,33.57142857142857,14000,9700,69.28571428571429,16,49.5,34.285714285714285,56.42857142857143,5.661870503597123,4.4071428571428575,4.0,14.8,8.649999999999999,1060,10.927835051546392,1,10,10,,,,
source_finish_band,POSITION_RECOVERY_LAST3F80,4-5,65,16,24.615384615384617,6500,4440,68.3076923076923,7,119.53846153846153,24.615384615384617,43.07692307692308,6.276923076923077,6.015384615384615,6.0,22.486153846153844,15.3,1000,22.52252252252252,1,9,10,,,,
source_finish_band,POSITION_RECOVERY_LAST3F80,6-9,35,8,22.857142857142858,3500,1870,53.42857142857143,1,5.142857142857143,22.857142857142858,37.142857142857146,7.428571428571429,8.6,9.0,62.48285714285714,27.3,480,25.668449197860962,0,6,10,,,,
source_finish_band,POSITION_RECOVERY_LAST3F80,10+,1,1,100.0,100,390,390.0,0,0.0,100.0,100.0,3.0,6.0,6.0,11.6,11.6,390,100.0,0,1,1,,,,
previous_surface_code,POSITION_RECOVERY_LAST3F80,1,124,32,25.806451612903224,12400,8010,64.59677419354838,9,45.483870967741936,26.61290322580645,46.774193548387096,6.284552845528455,5.629032258064516,5.0,24.92096774193548,11.15,1060,13.233458177278402,1,10,10,,,,
previous_surface_code,POSITION_RECOVERY_LAST3F80,2,117,40,34.18803418803419,11700,8390,71.7094017094017,15,78.97435897435898,34.18803418803419,53.84615384615385,5.854700854700854,5.273504273504273,5.0,22.58034188034188,11.1,1000,11.918951132300357,1,10,10,,,,
source_distance_band,POSITION_RECOVERY_LAST3F80,1401-1800,145,50,34.48275862068966,14500,10060,69.37931034482759,18,69.10344827586206,34.48275862068966,55.86206896551724,5.708333333333333,5.275862068965517,5.0,22.526896551724136,10.7,1000,9.940357852882704,1,10,10,,,,
source_distance_band,POSITION_RECOVERY_LAST3F80,1801-2200,75,16,21.333333333333332,7500,4260,56.8,4,56.13333333333333,22.666666666666664,44.0,6.626666666666667,5.666666666666667,5.0,25.982666666666663,11.7,480,11.267605633802816,0,9,10,,,,
source_distance_band,POSITION_RECOVERY_LAST3F80,>=2201,21,6,28.571428571428573,2100,2080,99.04761904761905,2,30.952380952380953,28.57142857142857,33.33333333333333,6.619047619047619,5.9523809523809526,5.0,24.61904761904762,11.6,1060,50.96153846153846,1,2,8,,,,
previous_declared_class_group,POSITION_RECOVERY_LAST3F80,CLASS_1,70,24,34.285714285714285,7000,5610,80.14285714285714,11,126.28571428571429,34.285714285714285,50.0,5.828571428571428,5.4714285714285715,5.0,30.245714285714282,10.75,1060,18.89483065953654,1,9,10,,,,
previous_declared_class_group,POSITION_RECOVERY_LAST3F80,CLASS_2,30,5,16.666666666666668,3000,1270,42.333333333333336,2,61.0,16.666666666666664,46.666666666666664,6.566666666666666,6.0,5.5,24.563333333333333,13.0,420,33.07086614173228,0,3,9,,,,
previous_declared_class_group,POSITION_RECOVERY_LAST3F80,CLASS_3,14,4,28.571428571428573,1400,1220,87.14285714285714,0,0.0,28.57142857142857,64.28571428571429,5.785714285714286,5.142857142857143,6.0,13.057142857142859,11.899999999999999,520,42.622950819672134,0,3,8,,,,
previous_declared_class_group,POSITION_RECOVERY_LAST3F80,G1,7,4,57.142857142857146,700,840,120.0,1,20.0,57.14285714285714,57.14285714285714,4.857142857142857,3.2857142857142856,3.0,7.6000000000000005,8.5,390,46.42857142857143,0,2,3,,,,
previous_declared_class_group,POSITION_RECOVERY_LAST3F80,G3,3,1,33.333333333333336,300,120,40.0,1,60.0,33.33333333333333,33.33333333333333,6.666666666666667,5.333333333333333,5.0,16.599999999999998,7.5,120,100.0,0,1,2,,,,
previous_declared_class_group,POSITION_RECOVERY_LAST3F80,MAIDEN,94,28,29.78723404255319,9400,6620,70.42553191489361,8,40.212765957446805,30.851063829787233,47.87234042553192,6.279569892473118,5.851063829787234,5.0,25.180851063829788,11.95,1000,15.105740181268882,1,10,10,,,,
previous_declared_class_group,POSITION_RECOVERY_LAST3F80,NEWCOMER,16,5,31.25,1600,570,35.625,1,6.875,31.25,75.0,5.0625,3.0625,2.5,7.30625,5.05,130,22.80701754385965,0,3,8,,,,
previous_declared_class_group,POSITION_RECOVERY_LAST3F80,OPEN,7,1,14.285714285714286,700,150,21.428571428571427,0,0.0,14.285714285714285,14.285714285714285,7.571428571428571,6.0,5.0,15.471428571428572,17.4,150,100.0,0,1,4,,,,
signal,CURRENT_HV07,ALL,101,25,24.752475247524753,10100,6700,66.33663366336634,8,78.7128712871287,24.752475247524753,41.584158415841586,6.643564356435643,6.910891089108911,6.0,36.23861386138614,17.3,1000,14.925373134328359,1,10,10,,,,
odds_band,CURRENT_HV07,<5,13,7,53.84615384615385,1300,1080,83.07692307692308,4,80.76923076923077,53.84615384615385,76.92307692307693,3.4615384615384617,1.6923076923076923,2.0,3.5538461538461537,3.7,200,18.51851851851852,0,6,6,59.72222222222222,85.69444444444444,-5.876068376068375,-2.6175213675213627
odds_band,CURRENT_HV07,5-9.9,20,8,40.0,2000,1420,71.0,1,39.0,40.0,55.00000000000001,5.15,3.15,3.0,6.874999999999998,6.6,210,14.788732394366198,0,6,8,34.174311926605505,78.27981651376147,5.825688073394495,-7.2798165137614745
odds_band,CURRENT_HV07,10-29.9,34,9,26.470588235294116,3400,3200,94.11764705882354,3,180.0,26.47058823529412,50.0,6.176470588235294,6.882352941176471,6.0,18.370588235294118,16.85,490,15.3125,0,6,10,21.603260869565215,90.05434782608695,4.867327365728901,4.063299232736583
odds_band,CURRENT_HV07,30-99.9,26,0,0.0,2600,0,0.0,0,0.0,0.0,7.6923076923076925,9.26923076923077,10.384615384615385,10.5,55.61923076923077,49.3,0,,0,0,7,6.924315619967794,60.01610305958132,-6.924315619967794,-60.01610305958132
odds_band,CURRENT_HV07,>=100,8,1,12.5,800,1000,125.0,0,0.0,12.5,25.0,9.0,13.625,14.0,175.71249999999998,138.1,1000,100.0,1,1,5,2.2883295194508007,73.38672768878719,10.211670480549198,51.61327231121281
popularity_band,CURRENT_HV07,1-3,27,12,44.44444444444444,2700,1920,71.11111111111111,4,38.888888888888886,44.44444444444444,62.96296296296296,4.37037037037037,2.2222222222222223,2.0,4.981481481481482,5.0,200,10.416666666666666,0,7,9,,,,
popularity_band,CURRENT_HV07,4-6,24,8,33.333333333333336,2400,2150,89.58333333333333,2,98.33333333333333,33.33333333333333,58.333333333333336,5.5,5.083333333333333,5.0,12.466666666666669,12.25,390,18.13953488372093,0,5,9,,,,
popularity_band,CURRENT_HV07,7-9,21,5,23.80952380952381,2100,2630,125.23809523809524,2,216.1904761904762,23.809523809523807,38.095238095238095,6.666666666666667,8.047619047619047,8.0,36.27619047619047,26.6,1000,38.02281368821293,1,5,9,,,,
popularity_band,CURRENT_HV07,10+,29,0,0.0,2900,0,0.0,0,0.0,0.0,10.344827586206897,9.689655172413794,11.96551724137931,11.0,84.98620689655174,60.2,0,,0,0,8,,,,
target_date,CURRENT_HV07,2026-09-05,10,3,30.0,1000,910,91.0,2,418.0,30.0,60.0,5.1,7.1,7.0,20.3,21.2,370,40.65934065934066,0,1,1,,,,
target_date,CURRENT_HV07,2026-09-06,21,5,23.80952380952381,2100,1350,64.28571428571429,1,92.38095238095238,23.809523809523807,33.33333333333333,6.714285714285714,7.9523809523809526,8.0,39.733333333333334,36.3,490,36.2962962962963,0,1,1,,,,
target_date,CURRENT_HV07,2026-09-12,12,2,16.666666666666668,1200,320,26.666666666666668,2,78.33333333333333,16.666666666666664,33.33333333333333,7.666666666666667,7.333333333333333,5.0,47.82500000000001,11.9,180,56.25,0,1,1,,,,
target_date,CURRENT_HV07,2026-09-13,14,3,21.428571428571427,1400,690,49.285714285714285,0,0.0,21.428571428571427,35.714285714285715,7.0,7.714285714285714,7.0,65.25714285714285,20.9,390,56.52173913043478,0,1,1,,,,
target_date,CURRENT_HV07,2026-09-19,10,2,20.0,1000,330,33.0,0,0.0,20.0,30.0,7.5,6.0,5.5,28.35,14.8,200,60.60606060606061,0,1,1,,,,
target_date,CURRENT_HV07,2026-09-20,10,1,10.0,1000,280,28.0,0,0.0,10.0,10.0,8.1,7.1,7.0,24.02,17.15,280,100.0,0,1,1,,,,
target_date,CURRENT_HV07,2026-09-21,3,3,100.0,300,670,223.33333333333334,1,90.0,100.0,100.0,2.0,4.333333333333333,3.0,12.966666666666667,9.6,360,53.73134328358209,0,1,1,,,,
target_date,CURRENT_HV07,2026-09-22,2,1,50.0,200,480,240.0,0,0.0,50.0,50.0,5.5,6.0,6.0,17.2,17.2,480,100.0,0,1,1,,,,
target_date,CURRENT_HV07,2026-09-26,7,2,28.571428571428573,700,350,50.0,1,62.857142857142854,28.57142857142857,71.42857142857143,6.0,5.857142857142857,5.0,23.185714285714287,10.4,190,54.285714285714285,0,1,1,,,,
target_date,CURRENT_HV07,2026-09-27,12,3,25.0,1200,1320,110.0,1,15.0,25.0,58.333333333333336,6.166666666666667,5.583333333333333,5.5,31.325,15.8,1000,75.75757575757575,1,1,1,,,,
source_finish_band,CURRENT_HV07,4-5,65,16,24.615384615384617,6500,4440,68.3076923076923,7,119.53846153846153,24.615384615384617,43.07692307692308,6.276923076923077,6.015384615384615,6.0,22.486153846153844,15.3,1000,22.52252252252252,1,9,10,,,,
source_finish_band,CURRENT_HV07,6-9,35,8,22.857142857142858,3500,1870,53.42857142857143,1,5.142857142857143,22.857142857142858,37.142857142857146,7.428571428571429,8.6,9.0,62.48285714285714,27.3,480,25.668449197860962,0,6,10,,,,
source_finish_band,CURRENT_HV07,10+,1,1,100.0,100,390,390.0,0,0.0,100.0,100.0,3.0,6.0,6.0,11.6,11.6,390,100.0,0,1,1,,,,
previous_surface_code,CURRENT_HV07,1,47,11,23.404255319148938,4700,2800,59.57446808510638,2,58.723404255319146,23.404255319148938,38.297872340425535,6.702127659574468,7.23404255319149,6.0,36.13617021276595,17.3,480,17.142857142857142,0,9,10,,,,
previous_surface_code,CURRENT_HV07,2,54,14,25.925925925925927,5400,3900,72.22222222222223,6,96.11111111111111,25.925925925925924,44.44444444444444,6.592592592592593,6.62962962962963,6.5,36.327777777777776,17.9,1000,25.641025641025642,1,8,10,,,,
source_distance_band,CURRENT_HV07,1401-1800,61,14,22.950819672131146,6100,3770,61.80327868852459,6,85.08196721311475,22.950819672131146,40.98360655737705,6.819672131147541,6.934426229508197,8.0,37.98852459016394,19.5,1000,26.52519893899204,1,8,10,,,,
source_distance_band,CURRENT_HV07,1801-2200,30,8,26.666666666666668,3000,2200,73.33333333333333,2,92.0,26.666666666666668,46.666666666666664,6.166666666666667,7.066666666666666,6.0,35.30666666666666,15.4,480,21.818181818181817,0,6,9,,,,
source_distance_band,CURRENT_HV07,>=2201,10,3,30.0,1000,730,73.0,0,0.0,30.0,30.0,7.0,6.3,5.5,28.360000000000003,11.75,390,53.42465753424658,0,2,5,,,,
previous_declared_class_group,CURRENT_HV07,CLASS_1,27,7,25.925925925925927,2700,1560,57.77777777777778,4,181.11111111111111,25.925925925925924,40.74074074074074,6.666666666666667,6.925925925925926,8.0,42.12222222222222,19.0,360,23.076923076923077,0,5,9,,,,
previous_declared_class_group,CURRENT_HV07,CLASS_2,14,0,0.0,1400,0,0.0,0,0.0,0.0,14.285714285714285,8.785714285714286,7.0,6.0,37.72142857142858,17.450000000000003,0,,0,0,7,,,,
previous_declared_class_group,CURRENT_HV07,CLASS_3,4,2,50.0,400,360,90.0,0,0.0,50.0,50.0,5.75,3.75,2.5,15.7,6.35,200,55.55555555555556,0,2,3,,,,
previous_declared_class_group,CURRENT_HV07,G1,6,3,50.0,600,730,121.66666666666667,0,0.0,50.0,50.0,5.5,3.6666666666666665,3.5,8.633333333333335,9.05,390,53.42465753424658,0,2,3,,,,
previous_declared_class_group,CURRENT_HV07,G3,2,1,50.0,200,120,60.0,1,90.0,50.0,50.0,4.5,5.5,5.5,21.15,21.15,120,100.0,0,1,2,,,,
previous_declared_class_group,CURRENT_HV07,MAIDEN,39,11,28.205128205128204,3900,3800,97.43589743589743,3,73.84615384615384,28.205128205128204,43.58974358974359,6.435897435897436,8.256410256410257,8.0,44.36410256410256,25.8,1000,26.31578947368421,1,6,8,,,,
previous_declared_class_group,CURRENT_HV07,NEWCOMER,8,1,12.5,800,130,16.25,0,0.0,12.5,75.0,5.0,4.0,4.0,10.450000000000001,8.7,130,100.0,0,1,4,,,,
previous_declared_class_group,CURRENT_HV07,OPEN,1,0,0.0,100,0,0.0,0,0.0,0.0,0.0,12.0,11.0,11.0,24.0,24.0,0,,0,0,1,,,,
signal,CURRENT_SA,ALL,387,91,23.51421188630491,38700,32350,83.59173126614986,33,114.26356589147287,24.031007751937985,40.310077519379846,6.992207792207792,7.498708010335918,7.0,38.78759689922481,19.4,1810,5.595054095826893,6,10,10,,,,
odds_band,CURRENT_SA,<5,33,14,42.42424242424242,3300,2170,65.75757575757575,8,63.333333333333336,42.42424242424242,75.75757575757575,3.8125,1.7878787878787878,2.0,3.539393939393939,3.6,210,9.67741935483871,0,9,9,59.72222222222222,85.69444444444444,-17.2979797979798,-19.936868686868692
odds_band,CURRENT_SA,5-9.9,69,35,50.72463768115942,6900,8040,116.52173913043478,9,90.8695652173913,52.17391304347826,69.56521739130434,4.304347826086956,3.4347826086956523,3.0,7.111594202898551,6.9,800,9.950248756218905,0,10,10,34.174311926605505,78.27981651376147,16.550325754553917,38.24192261667331
odds_band,CURRENT_SA,10-29.9,141,32,22.69503546099291,14100,12570,89.14893617021276,14,176.38297872340425,23.404255319148938,41.843971631205676,6.664285714285715,6.76595744680851,6.0,18.004255319148935,17.4,1230,9.785202863961814,1,10,10,21.603260869565215,90.05434782608695,1.0917745914276935,-0.9054116558741896
odds_band,CURRENT_SA,30-99.9,109,8,7.339449541284404,10900,7180,65.87155963302752,2,100.8256880733945,7.339449541284404,17.431192660550458,9.256880733944953,10.807339449541285,11.0,52.94220183486237,48.7,1810,25.20891364902507,3,5,10,6.924315619967794,60.01610305958132,0.41513392131660964,5.855456573446197
odds_band,CURRENT_SA,>=100,35,2,5.714285714285714,3500,2390,68.28571428571429,0,0.0,5.714285714285714,14.285714285714285,9.457142857142857,13.542857142857143,14.0,174.11428571428573,163.8,1390,58.15899581589958,2,2,9,2.2883295194508007,73.38672768878719,3.4259561948349138,-5.101013403072898
popularity_band,CURRENT_SA,1-3,73,36,49.31506849315068,7300,7970,109.17808219178082,15,96.02739726027397,49.31506849315068,72.6027397260274,3.875,2.287671232876712,2.0,5.178082191780822,5.3,1230,15.432873274780427,1,9,10,,,,
popularity_band,CURRENT_SA,4-6,104,35,33.65384615384615,10400,9740,93.65384615384616,9,98.5576923076923,35.57692307692308,57.692307692307686,5.509615384615385,5.0576923076923075,5.0,13.488461538461538,12.25,420,4.312114989733059,0,8,10,,,,
popularity_band,CURRENT_SA,7-9,85,12,14.117647058823529,8500,6140,72.23529411764706,6,153.76470588235293,14.117647058823529,28.235294117647058,7.670588235294118,7.964705882352941,8.0,28.748235294117652,23.3,1000,16.286644951140065,1,7,10,,,,
popularity_band,CURRENT_SA,10+,125,8,6.4,12500,8500,68.0,3,111.12,6.4,15.2,9.580645161290322,12.256,12.0,86.29120000000002,60.6,1810,21.294117647058822,4,6,10,,,,
target_date,CURRENT_SA,2026-09-05,64,19,29.6875,6400,7600,118.75,7,188.90625,31.25,56.25,5.859375,6.390625,6.0,32.1484375,16.6,1390,18.289473684210527,2,1,1,,,,
target_date,CURRENT_SA,2026-09-06,66,21,31.818181818181817,6600,6810,103.18181818181819,7,150.3030303030303,33.33333333333333,42.42424242424242,6.523076923076923,7.545454545454546,7.0,40.74545454545454,18.65,960,14.09691629955947,0,1,1,,,,
target_date,CURRENT_SA,2026-09-12,50,12,24.0,5000,4580,91.6,6,217.0,24.0,38.0,7.489795918367347,8.04,8.0,42.998000000000005,19.700000000000003,1310,28.602620087336245,1,1,1,,,,
target_date,CURRENT_SA,2026-09-13,49,8,16.3265306122449,4900,3110,63.46938775510204,1,35.91836734693877,16.3265306122449,30.612244897959183,7.857142857142857,8.224489795918368,8.0,45.44285714285715,22.0,1060,34.08360128617363,1,1,1,,,,
target_date,CURRENT_SA,2026-09-19,23,5,21.73913043478261,2300,1220,53.04347826086956,1,51.73913043478261,21.73913043478261,34.78260869565217,7.086956521739131,6.956521739130435,7.0,37.23913043478261,17.6,350,28.688524590163933,0,1,1,,,,
target_date,CURRENT_SA,2026-09-20,32,4,12.5,3200,980,30.625,1,46.25,12.5,21.875,7.875,7.84375,7.0,34.90625,17.75,280,28.571428571428573,0,1,1,,,,
target_date,CURRENT_SA,2026-09-21,24,6,25.0,2400,1330,55.416666666666664,4,84.16666666666667,25.0,41.66666666666667,6.833333333333333,7.708333333333333,8.0,38.475,21.299999999999997,360,27.06766917293233,0,1,1,,,,
target_date,CURRENT_SA,2026-09-22,8,3,37.5,800,770,96.25,1,23.75,37.5,50.0,5.875,4.5,3.5,19.400000000000002,8.6,480,62.33766233766234,0,1,1,,,,
target_date,CURRENT_SA,2026-09-26,39,7,17.94871794871795,3900,1690,43.333333333333336,4,116.41025641025641,17.94871794871795,46.15384615384615,7.051282051282051,7.076923076923077,6.0,37.93076923076923,19.8,600,35.50295857988166,0,1,1,,,,
target_date,CURRENT_SA,2026-09-27,32,6,18.75,3200,4260,133.125,1,5.625,18.75,34.375,7.5,8.8125,8.0,42.378125000000004,31.25,1810,42.48826291079812,2,1,1,,,,
source_finish_band,CURRENT_SA,4-5,183,51,27.868852459016395,18300,13930,76.12021857923497,21,109.50819672131148,28.96174863387978,48.63387978142077,6.335164835164835,6.169398907103825,5.0,22.58907103825137,14.0,1060,7.609475951184494,2,10,10,,,,
source_finish_band,CURRENT_SA,6-9,159,29,18.238993710691823,15900,10320,64.90566037735849,7,78.55345911949685,18.238993710691823,33.9622641509434,7.506329113924051,8.38993710691824,8.0,47.43207547169811,27.5,1390,13.468992248062015,2,9,10,,,,
source_finish_band,CURRENT_SA,10+,45,11,24.444444444444443,4500,8100,180.0,5,259.77777777777777,24.444444444444443,28.888888888888886,7.844444444444444,9.755555555555556,10.0,74.11777777777776,47.5,1810,22.34567901234568,2,5,10,,,,
previous_surface_code,CURRENT_SA,1,254,62,24.409448818897637,25400,22190,87.36220472440945,21,137.3228346456693,25.196850393700785,38.582677165354326,7.198412698412699,7.838582677165355,7.0,40.60944881889763,19.35,1810,8.156827399729607,3,10,10,,,,
previous_surface_code,CURRENT_SA,2,133,29,21.804511278195488,13300,10160,76.39097744360902,12,70.22556390977444,21.804511278195488,43.609022556390975,6.601503759398496,6.849624060150376,7.0,35.30827067669173,19.4,1390,13.681102362204724,3,10,10,,,,
source_distance_band,CURRENT_SA,<=1400,126,26,20.634920634920636,12600,10350,82.14285714285714,10,92.61904761904762,20.634920634920633,38.88888888888889,7.253968253968254,7.992063492063492,8.0,42.280952380952385,23.1,1810,17.48792270531401,2,9,10,,,,
source_distance_band,CURRENT_SA,1401-1800,172,41,23.837209302325583,17200,14560,84.65116279069767,17,130.2325581395349,25.0,40.69767441860465,6.918128654970761,7.319767441860465,7.0,38.36337209302326,19.0,1310,8.997252747252746,4,9,10,,,,
source_distance_band,CURRENT_SA,1801-2200,67,17,25.37313432835821,6700,5790,86.41791044776119,5,139.55223880597015,25.37313432835821,41.7910447761194,6.863636363636363,7.2835820895522385,6.0,37.22985074626866,16.5,960,16.580310880829014,0,7,10,,,,
source_distance_band,CURRENT_SA,>=2201,22,7,31.818181818181817,2200,1650,75.0,1,36.36363636363637,31.818181818181817,40.909090909090914,6.454545454545454,6.7272727272727275,6.5,26.840909090909097,14.8,390,23.636363636363637,0,5,8,,,,
previous_declared_class_group,CURRENT_SA,CLASS_1,116,27,23.275862068965516,11600,10730,92.5,15,173.9655172413793,23.275862068965516,43.96551724137931,6.681034482758621,7.318965517241379,7.0,37.87155172413794,19.0,1810,16.868592730661696,2,9,10,,,,
previous_declared_class_group,CURRENT_SA,CLASS_2,55,8,14.545454545454545,5500,2060,37.45454545454545,2,59.09090909090909,16.363636363636363,32.72727272727273,7.490909090909091,7.745454545454545,7.0,43.18727272727273,21.5,600,29.12621359223301,0,6,10,,,,
previous_declared_class_group,CURRENT_SA,CLASS_3,33,10,30.303030303030305,3300,4460,135.15151515151516,4,123.33333333333333,30.303030303030305,39.39393939393939,6.878787878787879,6.545454545454546,7.0,25.55454545454546,16.5,1230,27.57847533632287,1,6,9,,,,
previous_declared_class_group,CURRENT_SA,G1,10,4,40.0,1000,990,99.0,0,0.0,40.0,40.0,6.2,6.3,5.0,18.29,11.2,390,39.39393939393939,0,3,5,,,,
previous_declared_class_group,CURRENT_SA,G2,2,0,0.0,200,0,0.0,0,0.0,0.0,50.0,9.0,13.5,13.5,38.3,38.3,0,,0,0,2,,,,
previous_declared_class_group,CURRENT_SA,G3,16,4,25.0,1600,1200,75.0,2,90.625,25.0,31.25,7.4,9.0625,9.0,49.66875,23.7,510,42.5,0,4,5,,,,
previous_declared_class_group,CURRENT_SA,MAIDEN,116,28,24.137931034482758,11600,10720,92.41379310344827,7,111.20689655172414,24.137931034482758,36.206896551724135,7.426086956521739,8.163793103448276,8.0,45.35603448275862,24.35,1310,12.220149253731343,3,8,10,,,,
previous_declared_class_group,CURRENT_SA,NEWCOMER,29,7,24.137931034482758,2900,1330,45.86206896551724,2,60.0,27.586206896551722,58.620689655172406,5.275862068965517,4.758620689655173,5.0,21.024137931034485,11.2,320,24.06015037593985,0,5,10,,,,
previous_declared_class_group,CURRENT_SA,OPEN,10,3,30.0,1000,860,86.0,1,63.0,30.0,50.0,8.0,9.1,9.0,47.39,22.85,490,56.97674418604651,0,3,4,,,,
signal,FINISH_GE4,ALL,1857,285,15.347334410339258,185700,137180,73.87183629509963,89,93.69951534733441,15.616585891222401,29.994614970382337,8.118854673149649,8.682821755519655,9.0,71.50883144857298,33.7,8740,6.371191135734072,27,10,10,,,,
odds_band,FINISH_GE4,<5,104,53,50.96153846153846,10400,8220,79.03846153846153,22,71.82692307692308,50.96153846153846,75.96153846153845,3.9902912621359223,1.6634615384615385,2.0,3.592307692307692,3.6,240,2.9197080291970803,0,10,10,59.72222222222222,85.69444444444444,-8.760683760683762,-6.65598290598291
odds_band,FINISH_GE4,5-9.9,236,72,30.508474576271187,23600,16870,71.48305084745763,26,76.5677966101695,31.779661016949152,54.66101694915254,5.805084745762712,3.6228813559322033,4.0,7.4258474576271185,7.4,800,4.742145820983995,0,10,10,34.174311926605505,78.27981651376147,-3.665837350334318,-6.796765666303841
odds_band,FINISH_GE4,10-29.9,524,112,21.374045801526716,52400,46720,89.16030534351145,29,93.79770992366412,21.564885496183205,40.26717557251908,6.959692898272553,6.759541984732825,7.0,18.515267175572518,17.6,1230,2.6327054794520546,3,10,10,21.603260869565215,90.05434782608695,-0.22921506803849923,-0.8940424825755002
odds_band,FINISH_GE4,30-99.9,562,39,6.93950177935943,56200,34360,61.13879003558719,10,88.84341637010677,7.11743772241993,18.683274021352315,9.058718861209965,10.526690391459075,10.0,56.616725978647686,52.5,1810,5.267753201396973,15,10,10,6.924315619967794,60.01610305958132,0.015186159391635812,1.1226869760058733
odds_band,FINISH_GE4,>=100,431,9,2.0881670533642693,43100,31010,71.94895591647332,2,114.5707656612529,2.088167053364269,7.65661252900232,10.55944055944056,13.081206496519721,13.0,206.83341067285383,179.5,8740,28.18445662689455,9,6,10,2.2883295194508007,73.38672768878719,-0.20016246608653132,-1.4377717723138659
popularity_band,FINISH_GE4,1-3,224,98,43.75,22400,19220,85.80357142857143,38,82.36607142857143,44.642857142857146,66.96428571428571,4.7174887892376685,2.2589285714285716,2.0,5.428571428571429,5.2,1230,6.399583766909469,1,10,10,,,,
popularity_band,FINISH_GE4,4-6,397,91,22.92191435768262,39700,28050,70.65491183879094,25,67.75818639798489,23.67758186397985,44.83627204030227,6.506297229219143,5.085642317380352,5.0,15.29697732997481,12.5,1010,3.6007130124777182,1,10,10,,,,
popularity_band,FINISH_GE4,7-9,428,64,14.953271028037383,42800,38040,88.8785046728972,17,112.61682242990655,14.953271028037381,31.542056074766357,7.3676814988290396,8.016355140186915,8.0,42.445093457943926,28.95,3110,8.175604626708727,5,10,10,,,,
popularity_band,FINISH_GE4,10+,808,32,3.9603960396039604,80800,51870,64.19554455445545,9,99.56683168316832,3.9603960396039604,11.633663366336634,10.257462686567164,12.584158415841584,12.0,132.84220297029702,96.7,8740,16.84981684981685,20,10,10,,,,
target_date,FINISH_GE4,2026-09-05,282,42,14.893617021276595,28200,16750,59.39716312056738,17,97.05673758865248,15.24822695035461,31.560283687943265,7.808510638297872,8.24468085106383,8.0,79.59503546099292,34.650000000000006,2090,12.477611940298507,4,1,1,,,,
target_date,FINISH_GE4,2026-09-06,304,48,15.789473684210526,30400,34390,113.125,17,153.7828947368421,16.11842105263158,30.263157894736842,8.254125412541255,9.069078947368421,9.0,84.3404605263158,34.95,8740,25.414364640883978,5,1,1,,,,
target_date,FINISH_GE4,2026-09-12,196,30,15.306122448979592,19600,12290,62.704081632653065,9,78.72448979591837,15.816326530612246,28.57142857142857,8.497435897435897,8.903061224489797,9.0,59.651020408163255,30.85,1310,10.65907241659886,3,1,1,,,,
target_date,FINISH_GE4,2026-09-13,206,31,15.048543689320388,20600,10490,50.922330097087375,9,36.89320388349515,15.048543689320388,28.155339805825243,8.21951219512195,8.669902912621358,9.0,68.92087378640777,33.650000000000006,1060,10.104861773117255,1,1,1,,,,
target_date,FINISH_GE4,2026-09-19,162,30,18.51851851851852,16200,17350,107.09876543209876,7,247.59259259259258,18.51851851851852,36.41975308641975,7.279503105590062,7.777777777777778,7.5,56.27592592592593,31.35,4170,24.034582132564843,6,1,1,,,,
target_date,FINISH_GE4,2026-09-20,194,26,13.402061855670103,19400,9520,49.07216494845361,6,70.41237113402062,13.917525773195877,27.835051546391753,8.352331606217616,8.77319587628866,9.0,68.49536082474226,34.35,750,7.878151260504202,0,1,1,,,,
target_date,FINISH_GE4,2026-09-21,95,16,16.842105263157894,9500,5560,58.526315789473685,7,46.63157894736842,16.842105263157894,28.421052631578945,8.03191489361702,8.736842105263158,9.0,58.71789473684209,27.1,1070,19.244604316546763,1,1,1,,,,
target_date,FINISH_GE4,2026-09-22,98,15,15.306122448979592,9800,7440,75.91836734693878,4,60.91836734693877,15.306122448979592,27.55102040816326,8.153061224489797,8.5,8.5,56.042857142857144,32.9,2830,38.03763440860215,1,1,1,,,,
target_date,FINISH_GE4,2026-09-26,156,22,14.102564102564102,15600,11500,73.71794871794872,8,50.32051282051282,14.743589743589745,28.846153846153843,8.397435897435898,9.044871794871796,9.0,89.11089743589743,37.5,3110,27.043478260869566,2,1,1,,,,
target_date,FINISH_GE4,2026-09-27,164,25,15.24390243902439,16400,11890,72.5,5,29.451219512195124,15.24390243902439,30.48780487804878,8.140243902439025,8.99390243902439,9.0,69.7609756097561,35.85,1810,15.2228763666947,4,1,1,,,,
source_finish_band,FINISH_GE4,4-5,447,100,22.371364653243848,44700,28870,64.58612975391499,36,83.51230425055928,22.818791946308725,43.624161073825505,6.818385650224215,6.181208053691275,6.0,24.861297539149888,14.7,1490,5.161066851402841,4,10,10,,,,
source_finish_band,FINISH_GE4,6-9,743,118,15.88156123822342,74300,47190,63.51278600269179,32,81.21130551816958,16.01615074024226,30.551816958277257,7.819163292847503,8.53028263795424,8.0,61.953028263795424,33.7,1390,2.9455393091756727,7,10,10,,,,
source_finish_band,FINISH_GE4,10+,667,67,10.044977511244378,66700,61120,91.63418290854572,21,114.43778110944528,10.344827586206897,20.239880059970012,9.326807228915662,10.529235382308846,11.0,113.41499250374811,71.9,8740,14.299738219895287,16,10,10,,,,
previous_surface_code,FINISH_GE4,1,1008,162,16.071428571428573,100800,87910,87.21230158730158,46,109.46428571428571,16.36904761904762,30.654761904761905,8.093718843469592,8.494047619047619,8.0,69.00763888888889,31.700000000000003,8740,9.941986122170402,17,10,10,,,,
previous_surface_code,FINISH_GE4,2,849,123,14.487632508833922,84900,49270,58.032979976442874,43,74.98233215547704,14.723203769140165,29.21083627797409,8.148584905660377,8.906949352179033,9.0,74.47844522968198,36.9,2860,5.804749340369393,10,10,10,,,,
source_distance_band,FINISH_GE4,<=1400,715,103,14.405594405594405,71500,50180,70.18181818181819,38,139.17482517482517,14.545454545454545,28.53146853146853,8.34593837535014,8.896503496503497,9.0,73.5297902097902,32.5,8740,17.417297728178557,8,10,10,,,,
source_distance_band,FINISH_GE4,1401-1800,802,124,15.46134663341646,80200,55450,69.13965087281795,38,63.241895261845386,15.96009975062344,30.673316708229425,8.007509386733418,8.65211970074813,9.0,73.30074812967581,36.5,3110,5.608656447249775,12,10,10,,,,
source_distance_band,FINISH_GE4,1801-2200,266,42,15.789473684210526,26600,23740,89.24812030075188,9,74.54887218045113,15.789473684210526,28.57142857142857,8.223484848484848,8.6203007518797,8.0,69.48383458646616,28.65,4820,20.303285593934287,5,10,10,,,,
source_distance_band,FINISH_GE4,>=2201,74,16,21.62162162162162,7400,7810,105.54054054054055,4,53.24324324324324,21.62162162162162,41.891891891891895,6.756756756756757,7.175675675675675,7.5,39.84054054054054,20.95,2090,26.760563380281692,2,7,10,,,,
previous_declared_class_group,FINISH_GE4,CLASS_1,572,87,15.20979020979021,57200,33370,58.33916083916084,32,65.34965034965035,15.209790209790212,29.02097902097902,8.444833625218914,8.916083916083917,9.0,71.51101398601399,31.8,1810,5.424033563080611,3,10,10,,,,
previous_declared_class_group,FINISH_GE4,CLASS_2,273,39,14.285714285714286,27300,20350,74.54212454212454,10,151.3186813186813,14.652014652014653,27.106227106227106,8.241758241758241,9.098901098901099,9.0,72.7974358974359,40.5,4170,20.49140049140049,4,10,10,,,,
previous_declared_class_group,FINISH_GE4,CLASS_3,139,26,18.705035971223023,13900,11950,85.97122302158273,9,53.884892086330936,18.705035971223023,35.97122302158273,7.64748201438849,8.244604316546763,8.0,39.74388489208633,25.3,1640,13.723849372384937,4,10,10,,,,
previous_declared_class_group,FINISH_GE4,G1,32,7,21.875,3200,2050,64.0625,0,0.0,21.875,37.5,6.1875,4.75,4.0,13.809375000000001,9.25,670,32.68292682926829,0,5,9,,,,
previous_declared_class_group,FINISH_GE4,G2,5,0,0.0,500,0,0.0,0,0.0,0.0,20.0,11.4,10.8,13.0,27.839999999999996,24.3,0,,0,0,3,,,,
previous_declared_class_group,FINISH_GE4,G3,57,11,19.29824561403509,5700,5140,90.17543859649123,4,60.0,19.298245614035086,33.33333333333333,8.285714285714286,8.614035087719298,9.0,43.40175438596491,24.3,1050,20.428015564202333,2,6,10,,,,
previous_declared_class_group,FINISH_GE4,MAIDEN,488,70,14.344262295081966,48800,47060,96.43442622950819,21,126.10655737704919,14.549180327868852,28.278688524590162,8.318930041152264,9.112704918032787,9.0,87.43032786885246,42.8,8740,18.572035699107523,11,9,10,,,,
previous_declared_class_group,FINISH_GE4,NEWCOMER,226,36,15.929203539823009,22600,13130,58.097345132743364,9,63.31858407079646,17.25663716814159,34.51327433628318,7.097777777777778,7.3584070796460175,7.0,77.53716814159293,30.0,3110,23.686214775323688,2,10,10,,,,
previous_declared_class_group,FINISH_GE4,OPEN,65,9,13.846153846153847,6500,4130,63.53846153846154,4,131.53846153846155,13.846153846153847,29.230769230769234,8.34375,9.03076923076923,9.0,49.924615384615386,31.7,1240,30.024213075060533,1,5,8,,,,
signal,FINISH_GE4_PERF_TOP20,ALL,184,47,25.543478260869566,18400,18430,100.16304347826087,18,137.9891304347826,25.543478260869566,40.76086956521739,7.164835164835165,7.75,7.0,39.39402173913044,18.7,1810,9.820944112859468,4,10,10,,,,
odds_band,FINISH_GE4_PERF_TOP20,<5,16,7,43.75,1600,1070,66.875,4,70.0,43.75,75.0,3.8666666666666667,1.875,2.0,3.525,3.7,190,17.757009345794394,0,7,7,59.72222222222222,85.69444444444444,-15.972222222222221,-18.819444444444443
odds_band,FINISH_GE4_PERF_TOP20,5-9.9,34,18,52.94117647058823,3400,4680,137.64705882352942,6,125.58823529411765,52.94117647058824,70.58823529411765,4.235294117647059,3.411764705882353,3.0,6.994117647058823,6.95,800,17.094017094017094,0,7,9,34.174311926605505,78.27981651376147,18.766864543982727,59.367242309767946
odds_band,FINISH_GE4_PERF_TOP20,10-29.9,67,17,25.37313432835821,6700,7310,109.1044776119403,7,201.7910447761194,25.37313432835821,43.28358208955223,6.818181818181818,6.865671641791045,7.0,17.749253731343284,17.0,1230,16.82626538987688,1,7,9,21.603260869565215,90.05434782608695,3.7698734587929934,19.050129785853343
odds_band,FINISH_GE4_PERF_TOP20,30-99.9,49,5,10.204081632653061,4900,5370,109.59183673469387,1,132.24489795918367,10.204081632653061,16.3265306122449,9.714285714285714,11.46938775510204,11.0,54.43265306122449,49.3,1810,33.70577281191807,3,4,10,6.924315619967794,60.01610305958132,3.2797660126852666,49.57573367511255
odds_band,FINISH_GE4_PERF_TOP20,>=100,18,0,0.0,1800,0,0.0,0,0.0,0.0,11.11111111111111,9.777777777777779,14.333333333333334,14.5,172.10555555555553,164.2,0,,0,0,7,2.2883295194508007,73.38672768878719,-2.2883295194508007,-73.38672768878719
popularity_band,FINISH_GE4_PERF_TOP20,1-3,36,19,52.77777777777778,3600,5150,143.05555555555554,9,133.88888888888889,52.77777777777778,75.0,3.8,2.3333333333333335,2.0,5.294444444444445,5.35,1230,23.883495145631066,1,7,10,,,,
popularity_band,FINISH_GE4_PERF_TOP20,4-6,46,15,32.608695652173914,4600,4200,91.30434782608695,3,64.34782608695652,32.608695652173914,52.17391304347826,5.869565217391305,4.934782608695652,5.0,11.752173913043478,11.85,370,8.80952380952381,0,8,9,,,,
popularity_band,FINISH_GE4_PERF_TOP20,7-9,40,9,22.5,4000,4170,104.25,5,278.25,22.5,40.0,7.55,8.075,8.0,25.692500000000003,21.85,600,14.388489208633093,0,6,9,,,,
popularity_band,FINISH_GE4_PERF_TOP20,10+,62,4,6.451612903225806,6200,4910,79.19354838709677,1,104.51612903225806,6.451612903225806,12.903225806451612,9.819672131147541,12.774193548387096,13.0,88.54193548387094,70.0,1810,36.86354378818737,3,4,10,,,,
target_date,FINISH_GE4_PERF_TOP20,2026-09-05,26,10,38.46153846153846,2600,4400,169.23076923076923,5,356.9230769230769,38.46153846153847,69.23076923076923,5.3076923076923075,5.576923076923077,5.5,20.5,11.8,1230,27.954545454545453,1,1,1,,,,
target_date,FINISH_GE4_PERF_TOP20,2026-09-06,29,12,41.37931034482759,2900,3620,124.82758620689656,3,87.24137931034483,41.37931034482759,44.827586206896555,6.535714285714286,6.9655172413793105,6.0,40.39310344827586,14.7,730,20.165745856353592,0,1,1,,,,
target_date,FINISH_GE4_PERF_TOP20,2026-09-12,32,9,28.125,3200,3910,122.1875,4,295.0,28.125,40.625,7.354838709677419,8.75,9.0,50.0,24.65,1310,33.50383631713555,1,1,1,,,,
target_date,FINISH_GE4_PERF_TOP20,2026-09-13,25,4,16.0,2500,2020,80.8,1,70.4,16.0,28.000000000000004,8.56,9.08,9.0,40.648,27.5,1060,52.475247524752476,1,1,1,,,,
target_date,FINISH_GE4_PERF_TOP20,2026-09-19,7,1,14.285714285714286,700,290,41.42857142857143,0,0.0,14.285714285714285,28.57142857142857,7.142857142857143,7.428571428571429,8.0,24.842857142857145,18.9,290,100.0,0,1,1,,,,
target_date,FINISH_GE4_PERF_TOP20,2026-09-20,14,1,7.142857142857143,1400,160,11.428571428571429,0,0.0,7.142857142857142,14.285714285714285,8.571428571428571,7.928571428571429,6.0,45.800000000000004,16.05,160,100.0,0,1,1,,,,
target_date,FINISH_GE4_PERF_TOP20,2026-09-21,16,4,25.0,1600,1020,63.75,3,109.375,25.0,50.0,6.5,7.5625,7.5,42.28125,19.1,360,35.294117647058826,0,1,1,,,,
target_date,FINISH_GE4_PERF_TOP20,2026-09-22,3,1,33.333333333333336,300,130,43.333333333333336,1,63.333333333333336,33.33333333333333,66.66666666666666,5.0,4.0,1.0,30.100000000000005,3.2,130,100.0,0,1,1,,,,
target_date,FINISH_GE4_PERF_TOP20,2026-09-26,16,3,18.75,1600,580,36.25,1,27.5,18.75,43.75,6.9375,7.5625,6.0,37.362500000000004,17.35,210,36.206896551724135,0,1,1,,,,
target_date,FINISH_GE4_PERF_TOP20,2026-09-27,16,2,12.5,1600,2300,143.75,0,0.0,12.5,18.75,8.8125,9.6875,9.0,46.7625,29.200000000000003,1810,78.69565217391305,1,1,1,,,,
source_finish_band,FINISH_GE4_PERF_TOP20,4-5,90,27,30.0,9000,7670,85.22222222222223,10,104.33333333333333,30.0,50.0,6.584269662921348,6.311111111111111,5.0,22.456666666666667,12.95,1060,13.820078226857888,1,8,10,,,,
source_finish_band,FINISH_GE4_PERF_TOP20,6-9,74,12,16.216216216216218,7400,4330,58.513513513513516,4,119.1891891891892,16.216216216216218,29.72972972972973,7.917808219178082,9.013513513513514,9.0,56.07432432432432,29.85,1310,30.254041570438797,1,6,10,,,,
source_finish_band,FINISH_GE4_PERF_TOP20,10+,20,8,40.0,2000,6430,321.5,4,359.0,40.0,40.0,7.0,9.55,9.0,53.895,30.2,1810,28.149300155520994,2,5,7,,,,
previous_surface_code,FINISH_GE4_PERF_TOP20,1,150,37,24.666666666666668,15000,14910,99.4,14,154.73333333333332,24.666666666666668,36.666666666666664,7.5675675675675675,8.126666666666667,8.0,43.29666666666667,19.450000000000003,1810,12.139503688799463,3,9,10,,,,
previous_surface_code,FINISH_GE4_PERF_TOP20,2,34,10,29.41176470588235,3400,3520,103.52941176470588,4,64.11764705882354,29.411764705882355,58.82352941176471,5.411764705882353,6.088235294117647,6.0,22.176470588235293,15.2,1060,30.113636363636363,1,6,9,,,,
source_distance_band,FINISH_GE4_PERF_TOP20,<=1400,56,17,30.357142857142858,5600,6790,121.25,7,134.82142857142858,30.357142857142854,48.214285714285715,6.821428571428571,8.464285714285714,8.5,43.419642857142854,31.2,1810,26.656848306332844,1,6,9,,,,
source_distance_band,FINISH_GE4_PERF_TOP20,1401-1800,80,21,26.25,8000,8940,111.75,7,171.0,26.25,38.75,7.075949367088608,7.4625,7.0,35.154999999999994,17.3,1310,14.65324384787472,3,8,9,,,,
source_distance_band,FINISH_GE4_PERF_TOP20,1801-2200,39,7,17.94871794871795,3900,2210,56.666666666666664,3,86.15384615384616,17.94871794871795,33.33333333333333,7.842105263157895,7.512820512820513,7.0,46.24871794871795,16.5,510,23.076923076923077,0,4,10,,,,
source_distance_band,FINISH_GE4_PERF_TOP20,>=2201,9,2,22.22222222222222,900,490,54.44444444444444,1,88.88888888888889,22.22222222222222,44.44444444444444,7.222222222222222,6.888888888888889,7.0,22.322222222222223,17.7,300,61.224489795918366,0,2,5,,,,
previous_declared_class_group,FINISH_GE4_PERF_TOP20,CLASS_1,60,13,21.666666666666668,6000,5140,85.66666666666667,6,135.5,21.666666666666668,48.333333333333336,6.633333333333334,7.15,7.0,33.486666666666665,17.75,1810,35.21400778210117,1,9,10,,,,
previous_declared_class_group,FINISH_GE4_PERF_TOP20,CLASS_2,21,3,14.285714285714286,2100,640,30.476190476190474,0,0.0,14.285714285714285,23.809523809523807,7.904761904761905,7.857142857142857,6.0,43.36666666666667,21.5,290,45.3125,0,3,10,,,,
previous_declared_class_group,FINISH_GE4_PERF_TOP20,CLASS_3,17,7,41.1764705882353,1700,3790,222.94117647058823,4,239.41176470588235,41.17647058823529,47.05882352941176,5.764705882352941,6.529411764705882,5.0,31.07058823529412,15.2,1230,32.45382585751979,1,5,8,,,,
previous_declared_class_group,FINISH_GE4_PERF_TOP20,G1,3,1,33.333333333333336,300,260,86.66666666666667,0,0.0,33.33333333333333,33.33333333333333,6.0,8.666666666666666,8.0,25.0,27.5,260,100.0,0,1,3,,,,
previous_declared_class_group,FINISH_GE4_PERF_TOP20,G2,1,0,0.0,100,0,0.0,0,0.0,0.0,0.0,13.0,13.0,13.0,24.3,24.3,0,,0,0,1,,,,
previous_declared_class_group,FINISH_GE4_PERF_TOP20,G3,11,2,18.181818181818183,1100,850,77.27272727272727,1,115.45454545454545,18.181818181818183,27.27272727272727,8.7,9.545454545454545,9.0,45.24545454545455,26.0,510,60.0,0,2,4,,,,
previous_declared_class_group,FINISH_GE4_PERF_TOP20,MAIDEN,54,15,27.77777777777778,5400,6400,118.51851851851852,5,188.5185185185185,27.77777777777778,35.18518518518518,7.867924528301887,8.555555555555555,8.0,47.5962962962963,21.25,1310,20.46875,2,5,9,,,,
previous_declared_class_group,FINISH_GE4_PERF_TOP20,NEWCOMER,9,4,44.44444444444444,900,670,74.44444444444444,2,193.33333333333334,44.44444444444444,66.66666666666666,4.444444444444445,4.222222222222222,2.0,21.066666666666666,10.6,200,29.850746268656717,0,3,5,,,,
previous_declared_class_group,FINISH_GE4_PERF_TOP20,OPEN,8,2,25.0,800,680,85.0,0,0.0,25.0,50.0,8.375,9.625,9.0,55.45,25.95,490,72.05882352941177,0,2,3,,,,
signal,FINISH_GE4_PERF_TOP10,ALL,74,15,20.27027027027027,7400,4130,55.810810810810814,8,135.40540540540542,20.27027027027027,32.432432432432435,7.767123287671233,7.878378378378378,7.5,40.256756756756765,18.549999999999997,530,12.832929782082324,0,7,10,,,,
odds_band,FINISH_GE4_PERF_TOP10,<5,9,4,44.44444444444444,900,630,70.0,3,103.33333333333333,44.44444444444444,66.66666666666666,4.444444444444445,1.8888888888888888,2.0,3.5444444444444447,3.8,190,30.158730158730158,0,4,5,59.72222222222222,85.69444444444444,-15.277777777777779,-15.694444444444443
odds_band,FINISH_GE4_PERF_TOP10,5-9.9,9,3,33.333333333333336,900,790,87.77777777777777,1,88.88888888888889,33.33333333333333,33.33333333333333,6.222222222222222,3.5555555555555554,4.0,7.377777777777778,7.3,300,37.9746835443038,0,3,6,34.174311926605505,78.27981651376147,-0.840978593272169,9.497961264016297
odds_band,FINISH_GE4_PERF_TOP10,10-29.9,32,8,25.0,3200,2710,84.6875,4,259.0625,25.0,43.75,7.0,7.15625,7.0,18.565625,17.15,530,19.55719557195572,0,5,8,21.603260869565215,90.05434782608695,3.396739130434785,-5.366847826086953
odds_band,FINISH_GE4_PERF_TOP10,30-99.9,16,0,0.0,1600,0,0.0,0,0.0,0.0,6.25,10.6875,11.875,12.0,50.97500000000001,48.6,0,,0,0,6,6.924315619967794,60.01610305958132,-6.924315619967794,-60.01610305958132
odds_band,FINISH_GE4_PERF_TOP10,>=100,8,0,0.0,800,0,0.0,0,0.0,0.0,0.0,10.375,14.375,14.0,183.875,172.75,0,,0,0,5,2.2883295194508007,73.38672768878719,-2.2883295194508007,-73.38672768878719
popularity_band,FINISH_GE4_PERF_TOP10,1-3,14,5,35.714285714285715,1400,800,57.142857142857146,4,146.42857142857142,35.714285714285715,50.0,4.928571428571429,2.142857142857143,2.0,4.871428571428571,4.5,190,23.75,0,4,7,,,,
popularity_band,FINISH_GE4_PERF_TOP10,4-6,16,7,43.75,1600,1990,124.375,1,50.0,43.75,56.25,5.75,4.875,5.0,11.5125,11.2,350,17.587939698492463,0,4,8,,,,
popularity_band,FINISH_GE4_PERF_TOP10,7-9,19,3,15.789473684210526,1900,1340,70.52631578947368,3,377.36842105263156,15.789473684210526,31.57894736842105,8.736842105263158,7.894736842105263,8.0,23.357894736842102,20.4,530,39.55223880597015,0,2,6,,,,
popularity_band,FINISH_GE4_PERF_TOP10,10+,25,0,0.0,2500,0,0.0,0,0.0,0.0,8.0,10.0,13.0,13.0,91.31200000000001,58.6,0,,0,0,7,,,,
target_date,FINISH_GE4_PERF_TOP10,2026-09-05,10,4,40.0,1000,1120,112.0,3,653.0,40.0,50.0,5.7,5.5,6.5,21.37,13.6,510,45.535714285714285,0,1,1,,,,
target_date,FINISH_GE4_PERF_TOP10,2026-09-06,6,2,33.333333333333336,600,510,85.0,0,0.0,33.33333333333333,33.33333333333333,7.833333333333333,9.0,8.5,83.18333333333334,19.5,260,50.98039215686274,0,1,1,,,,
target_date,FINISH_GE4_PERF_TOP10,2026-09-12,17,4,23.529411764705884,1700,1030,60.588235294117645,1,9.411764705882353,23.52941176470588,35.294117647058826,7.3125,7.588235294117647,7.0,38.56470588235294,15.3,350,33.980582524271846,0,1,1,,,,
target_date,FINISH_GE4_PERF_TOP10,2026-09-13,15,1,6.666666666666667,1500,530,35.333333333333336,1,117.33333333333333,6.666666666666667,20.0,9.466666666666667,9.933333333333334,9.0,46.64000000000001,27.5,530,100.0,0,1,1,,,,
target_date,FINISH_GE4_PERF_TOP10,2026-09-19,4,1,25.0,400,290,72.5,0,0.0,25.0,50.0,6.0,6.0,6.5,12.925,13.9,290,100.0,0,1,1,,,,
target_date,FINISH_GE4_PERF_TOP10,2026-09-20,7,0,0.0,700,0,0.0,0,0.0,0.0,14.285714285714285,8.428571428571429,7.714285714285714,7.0,45.81428571428571,28.2,0,,0,0,1,,,,
target_date,FINISH_GE4_PERF_TOP10,2026-09-21,6,2,33.333333333333336,600,460,76.66666666666667,2,188.33333333333334,33.33333333333333,50.0,8.333333333333334,7.666666666666667,7.5,40.46666666666667,22.9,300,65.21739130434783,0,1,1,,,,
target_date,FINISH_GE4_PERF_TOP10,2026-09-22,1,0,0.0,100,0,0.0,0,0.0,0.0,100.0,4.0,1.0,1.0,3.2,3.2,0,,0,0,1,,,,
target_date,FINISH_GE4_PERF_TOP10,2026-09-26,2,1,50.0,200,190,95.0,1,220.0,50.0,50.0,4.5,2.5,2.5,4.6,4.6,190,100.0,0,1,1,,,,
target_date,FINISH_GE4_PERF_TOP10,2026-09-27,6,0,0.0,600,0,0.0,0,0.0,0.0,0.0,9.666666666666666,11.0,11.0,47.23333333333333,43.5,0,,0,0,1,,,,
source_finish_band,FINISH_GE4_PERF_TOP10,4-5,36,9,25.0,3600,2130,59.166666666666664,5,120.27777777777777,25.0,38.88888888888889,7.171428571428572,5.805555555555555,5.0,16.15833333333333,12.6,350,16.431924882629108,0,5,10,,,,
source_finish_band,FINISH_GE4_PERF_TOP10,6-9,30,4,13.333333333333334,3000,960,32.0,1,37.333333333333336,13.333333333333334,26.666666666666668,8.3,9.266666666666667,8.5,57.17333333333334,27.85,290,30.208333333333332,0,4,8,,,,
source_finish_band,FINISH_GE4_PERF_TOP10,10+,8,2,25.0,800,1040,130.0,2,571.25,25.0,25.0,8.375,12.0,12.5,85.26249999999999,46.6,530,50.96153846153846,0,2,5,,,,
previous_surface_code,FINISH_GE4_PERF_TOP10,1,70,14,20.0,7000,3940,56.285714285714285,7,136.85714285714286,20.0,30.0,8.0,8.042857142857143,8.0,41.75000000000001,18.6,530,13.451776649746193,0,6,10,,,,
previous_surface_code,FINISH_GE4_PERF_TOP10,2,4,1,25.0,400,190,47.5,1,110.0,25.0,75.0,3.75,5.0,5.0,14.124999999999998,11.95,190,100.0,0,1,3,,,,
source_distance_band,FINISH_GE4_PERF_TOP10,<=1400,15,6,40.0,1500,1820,121.33333333333333,2,209.33333333333334,40.0,60.0,6.666666666666667,8.066666666666666,8.0,34.96666666666667,28.1,510,28.021978021978022,0,4,6,,,,
source_distance_band,FINISH_GE4_PERF_TOP10,1401-1800,35,4,11.428571428571429,3500,1030,29.428571428571427,3,94.85714285714286,11.428571428571429,17.142857142857142,8.352941176470589,7.857142857142857,8.0,36.471428571428575,18.2,530,51.45631067961165,0,3,7,,,,
source_distance_band,FINISH_GE4_PERF_TOP10,1801-2200,20,4,20.0,2000,980,49.0,2,138.0,20.0,35.0,7.95,7.95,7.0,56.089999999999996,16.3,300,30.612244897959183,0,4,7,,,,
source_distance_band,FINISH_GE4_PERF_TOP10,>=2201,4,1,25.0,400,300,75.0,1,200.0,25.0,50.0,6.0,7.0,6.0,14.05,13.45,300,100.0,0,1,3,,,,
previous_declared_class_group,FINISH_GE4_PERF_TOP10,CLASS_1,25,6,24.0,2500,1980,79.2,5,317.6,24.0,44.0,7.48,7.36,8.0,28.863999999999997,18.9,530,26.767676767676768,0,5,8,,,,
previous_declared_class_group,FINISH_GE4_PERF_TOP10,CLASS_2,5,0,0.0,500,0,0.0,0,0.0,0.0,20.0,6.8,9.6,12.0,85.96,79.9,0,,0,0,4,,,,
previous_declared_class_group,FINISH_GE4_PERF_TOP10,CLASS_3,6,1,16.666666666666668,600,300,50.0,1,133.33333333333334,16.666666666666664,16.666666666666664,7.666666666666667,6.666666666666667,4.5,25.316666666666666,13.649999999999999,300,100.0,0,1,4,,,,
previous_declared_class_group,FINISH_GE4_PERF_TOP10,G1,3,1,33.333333333333336,300,260,86.66666666666667,0,0.0,33.33333333333333,33.33333333333333,6.0,8.666666666666666,8.0,25.0,27.5,260,100.0,0,1,3,,,,
previous_declared_class_group,FINISH_GE4_PERF_TOP10,G2,1,0,0.0,100,0,0.0,0,0.0,0.0,0.0,13.0,13.0,13.0,24.3,24.3,0,,0,0,1,,,,
previous_declared_class_group,FINISH_GE4_PERF_TOP10,G3,4,0,0.0,400,0,0.0,0,0.0,0.0,0.0,11.0,9.75,10.0,29.675,28.6,0,,0,0,2,,,,
previous_declared_class_group,FINISH_GE4_PERF_TOP10,MAIDEN,23,5,21.73913043478261,2300,1280,55.65217391304348,1,6.956521739130435,21.73913043478261,30.434782608695656,8.0,8.173913043478262,7.0,56.24347826086956,15.7,350,27.34375,0,2,5,,,,
previous_declared_class_group,FINISH_GE4_PERF_TOP10,NEWCOMER,3,2,66.66666666666667,300,310,103.33333333333333,1,373.3333333333333,66.66666666666666,66.66666666666666,3.3333333333333335,3.3333333333333335,2.0,10.533333333333333,11.2,170,54.83870967741935,0,1,2,,,,
previous_declared_class_group,FINISH_GE4_PERF_TOP10,OPEN,4,0,0.0,400,0,0.0,0,0.0,0.0,25.0,10.5,8.75,8.5,33.125,25.299999999999997,0,,0,0,2,,,,
signal,FINISH_GE6,ALL,1410,185,13.120567375886525,141000,108310,76.81560283687944,53,96.9290780141844,13.333333333333334,25.673758865248224,8.531672597864768,9.475886524822695,10.0,86.29709219858157,47.849999999999994,8740,8.069430338842212,23,10,10,,,,
odds_band,FINISH_GE6,<5,46,25,54.34782608695652,4600,4020,87.3913043478261,7,52.17391304347826,54.347826086956516,78.26086956521739,3.977777777777778,1.608695652173913,2.0,3.697826086956522,3.6500000000000004,240,5.970149253731344,0,8,9,59.72222222222222,85.69444444444444,-5.374396135265698,1.6968599033816503
odds_band,FINISH_GE6,5-9.9,130,37,28.46153846153846,13000,9830,75.61538461538461,17,88.92307692307692,30.0,49.23076923076923,6.053846153846154,3.6769230769230767,4.0,7.533076923076923,7.65,800,8.138351983723297,0,10,10,34.174311926605505,78.27981651376147,-5.712773465067045,-2.6644318983768613
odds_band,FINISH_GE6,10-29.9,352,82,23.295454545454547,35200,35720,101.47727272727273,18,87.86931818181819,23.295454545454543,41.76136363636363,6.765714285714286,6.849431818181818,7.0,18.97215909090909,18.3,1230,3.4434490481522957,3,10,10,21.603260869565215,90.05434782608695,1.6921936758893317,11.42292490118578
odds_band,FINISH_GE6,30-99.9,468,33,7.051282051282051,46800,28730,61.388888888888886,9,90.5982905982906,7.264957264957266,18.58974358974359,9.100427350427351,10.594017094017094,10.0,58.13247863247863,54.4,1810,6.300034806822137,12,10,10,6.924315619967794,60.01610305958132,0.12696643131425667,1.372785829307567
odds_band,FINISH_GE6,>=100,414,8,1.932367149758454,41400,30010,72.487922705314,2,119.27536231884058,1.932367149758454,6.763285024154589,10.66504854368932,13.140096618357488,13.0,209.28816425120775,181.3,8740,29.123625458180605,8,5,10,2.2883295194508007,73.38672768878719,-0.3559623696923466,-0.8988049834731839
popularity_band,FINISH_GE6,1-3,107,47,43.925233644859816,10700,10870,101.58878504672897,19,102.42990654205607,45.794392523364486,65.42056074766354,4.754716981132075,2.2429906542056073,2.0,5.8345794392523365,5.5,1230,11.315547378104876,1,10,10,,,,
popularity_band,FINISH_GE6,4-6,245,57,23.26530612244898,24500,18590,75.87755102040816,13,55.3469387755102,23.6734693877551,44.48979591836735,6.526530612244898,5.093877551020408,5.0,16.224489795918366,12.9,1010,5.433028509951587,1,10,10,,,,
popularity_band,FINISH_GE6,7-9,331,52,15.709969788519638,33100,30260,91.41993957703927,12,95.7703927492447,15.709969788519636,31.722054380664655,7.2,8.027190332326285,8.0,45.58731117824773,29.8,3110,10.277594183740913,3,10,10,,,,
popularity_band,FINISH_GE6,10+,727,29,3.9889958734525446,72700,48590,66.8363136176066,9,110.66024759284731,3.988995873452544,10.729023383768913,10.370165745856353,12.6767537826685,12.0,140.28913342503438,104.3,8740,17.987240172875076,18,9,10,,,,
target_date,FINISH_GE6,2026-09-05,214,25,11.682242990654206,21400,11940,55.794392523364486,10,53.271028037383175,11.682242990654206,24.299065420560748,8.406542056074766,9.032710280373832,9.0,97.70140186915889,47.25,2090,17.504187604690117,3,1,1,,,,
target_date,FINISH_GE6,2026-09-06,219,30,13.698630136986301,21900,29030,132.55707762557077,11,190.45662100456622,13.698630136986301,26.027397260273972,8.692660550458715,9.949771689497718,10.0,103.71050228310503,47.6,8740,30.10678608336204,5,1,1,,,,
target_date,FINISH_GE6,2026-09-12,134,18,13.432835820895523,13400,8660,64.6268656716418,3,86.7910447761194,14.17910447761194,23.88059701492537,9.104477611940299,9.985074626865671,10.0,77.27537313432838,50.15,1310,15.127020785219399,3,1,1,,,,
target_date,FINISH_GE6,2026-09-13,155,20,12.903225806451612,15500,6250,40.32258064516129,6,27.741935483870968,12.903225806451612,23.870967741935484,8.577922077922079,9.335483870967742,9.0,83.28967741935485,45.5,850,13.6,0,1,1,,,,
target_date,FINISH_GE6,2026-09-19,121,22,18.181818181818183,12100,14500,119.83471074380165,5,318.1818181818182,18.181818181818183,33.88429752066116,7.6,8.59504132231405,9.0,67.5809917355372,47.4,4170,28.75862068965517,5,1,1,,,,
target_date,FINISH_GE6,2026-09-20,155,18,11.612903225806452,15500,7260,46.83870967741935,4,74.51612903225806,12.258064516129032,25.806451612903224,8.474025974025974,9.477419354838709,10.0,81.08000000000001,48.6,690,9.50413223140496,0,1,1,,,,
target_date,FINISH_GE6,2026-09-21,78,11,14.102564102564102,7800,4690,60.12820512820513,3,33.58974358974359,14.102564102564102,25.64102564102564,8.38961038961039,9.307692307692308,9.5,67.40897435897436,35.45,1070,22.81449893390192,1,1,1,,,,
target_date,FINISH_GE6,2026-09-22,86,10,11.627906976744185,8600,6510,75.69767441860465,3,67.20930232558139,11.627906976744185,22.093023255813954,8.616279069767442,9.232558139534884,9.0,62.660465116279084,35.4,2830,43.4715821812596,1,1,1,,,,
target_date,FINISH_GE6,2026-09-26,117,12,10.256410256410257,11700,9390,80.25641025641026,3,37.17948717948718,11.11111111111111,23.931623931623932,8.948717948717949,9.94017094017094,10.0,109.56495726495726,54.4,3110,33.12034078807242,2,1,1,,,,
target_date,FINISH_GE6,2026-09-27,131,19,14.50381679389313,13100,10080,76.94656488549619,5,36.87022900763359,14.50381679389313,27.480916030534353,8.404580152671755,9.709923664122137,10.0,80.7854961832061,50.8,1810,17.956349206349206,3,1,1,,,,
source_finish_band,FINISH_GE6,6-9,743,118,15.88156123822342,74300,47190,63.51278600269179,32,81.21130551816958,16.01615074024226,30.551816958277257,7.819163292847503,8.53028263795424,8.0,61.953028263795424,33.7,1390,2.9455393091756727,7,10,10,,,,
source_finish_band,FINISH_GE6,10+,667,67,10.044977511244378,66700,61120,91.63418290854572,21,114.43778110944528,10.344827586206897,20.239880059970012,9.326807228915662,10.529235382308846,11.0,113.41499250374811,71.9,8740,14.299738219895287,16,10,10,,,,
previous_surface_code,FINISH_GE6,1,772,115,14.896373056994818,77200,74900,97.02072538860104,30,125.51813471502591,15.025906735751295,27.849740932642487,8.372395833333334,9.160621761658032,9.0,82.01852331606219,41.650000000000006,8740,11.668891855807743,16,10,10,,,,
previous_surface_code,FINISH_GE6,2,638,70,10.9717868338558,63800,33410,52.36677115987461,23,62.33542319749216,11.285266457680251,23.04075235109718,8.72370486656201,9.857366771159874,10.0,91.47429467084639,55.3,2860,8.560311284046692,7,10,10,,,,
source_distance_band,FINISH_GE6,<=1400,544,63,11.580882352941176,54400,39730,73.03308823529412,23,153.87867647058823,11.76470588235294,23.897058823529413,8.751381215469614,9.681985294117647,10.0,88.10091911764707,49.349999999999994,8740,21.998489806191795,7,10,10,,,,
source_distance_band,FINISH_GE6,1401-1800,613,79,12.887438825448614,61300,42880,69.9510603588907,22,56.36215334420881,13.213703099510605,25.938009787928223,8.53355155482815,9.456769983686787,10.0,88.34796084828712,50.8,3110,7.252798507462686,10,10,10,,,,
source_distance_band,FINISH_GE6,1801-2200,193,29,15.025906735751295,19300,18370,95.18134715025907,6,80.77720207253886,15.025906735751295,23.316062176165804,8.507853403141361,9.533678756476684,9.0,87.89378238341969,43.1,4820,26.23843222645618,4,10,10,,,,
source_distance_band,FINISH_GE6,>=2201,60,14,23.333333333333332,6000,7330,122.16666666666667,2,47.0,23.333333333333332,46.666666666666664,6.6,7.616666666666666,8.0,43.853333333333325,23.1,2090,28.512960436562075,2,7,10,,,,
previous_declared_class_group,FINISH_GE6,CLASS_1,455,58,12.747252747252746,45500,26360,57.934065934065934,18,55.20879120879121,12.747252747252746,24.395604395604394,8.883259911894273,9.793406593406594,10.0,85.37208791208792,49.3,1810,6.866464339908953,3,10,10,,,,
previous_declared_class_group,FINISH_GE6,CLASS_2,211,26,12.322274881516588,21100,17470,82.79620853080569,7,190.28436018957345,12.322274881516588,23.696682464454977,8.559241706161137,9.886255924170616,10.0,86.81563981042653,54.5,4170,23.86949055523755,4,10,10,,,,
previous_declared_class_group,FINISH_GE6,CLASS_3,109,22,20.18348623853211,10900,11110,101.92660550458716,7,55.321100917431195,20.18348623853211,33.94495412844037,7.715596330275229,8.871559633027523,9.0,45.29266055045871,32.3,1640,14.761476147614761,4,10,10,,,,
previous_declared_class_group,FINISH_GE6,G1,26,7,26.923076923076923,2600,2050,78.84615384615384,0,0.0,26.923076923076923,42.30769230769231,5.769230769230769,5.153846153846154,4.0,15.192307692307692,10.8,670,32.68292682926829,0,5,8,,,,
previous_declared_class_group,FINISH_GE6,G2,5,0,0.0,500,0,0.0,0,0.0,0.0,20.0,11.4,10.8,13.0,27.839999999999996,24.3,0,,0,0,3,,,,
previous_declared_class_group,FINISH_GE6,G3,44,9,20.454545454545453,4400,4380,99.54545454545455,2,15.454545454545455,20.454545454545457,34.090909090909086,8.636363636363637,8.75,9.0,43.836363636363636,26.950000000000003,1050,23.972602739726028,2,6,10,,,,
previous_declared_class_group,FINISH_GE6,MAIDEN,336,31,9.226190476190476,33600,31800,94.64285714285714,9,129.28571428571428,9.523809523809524,20.833333333333336,9.005988023952096,10.113095238095237,10.0,113.64226190476191,64.9,8740,27.48427672955975,7,8,10,,,,
previous_declared_class_group,FINISH_GE6,NEWCOMER,172,25,14.534883720930232,17200,11440,66.51162790697674,8,81.56976744186046,15.69767441860465,30.813953488372093,7.4678362573099415,8.168604651162791,8.0,94.05232558139535,48.75,3110,27.185314685314687,2,10,10,,,,
previous_declared_class_group,FINISH_GE6,OPEN,52,7,13.461538461538462,5200,3700,71.15384615384616,2,138.84615384615384,13.461538461538462,26.923076923076923,8.529411764705882,9.153846153846153,10.0,52.99615384615386,40.0,1240,33.513513513513516,1,4,8,,,,
signal,FINISH_GE6_PERF_TOP20,ALL,94,20,21.27659574468085,9400,10760,114.46808510638297,8,170.2127659574468,21.27659574468085,31.914893617021278,7.720430107526882,9.127659574468085,9.0,55.61063829787233,29.85,1810,16.821561338289964,3,7,10,,,,
odds_band,FINISH_GE6_PERF_TOP20,<5,2,0,0.0,200,0,0.0,0,0.0,0.0,50.0,4.0,2.0,2.0,4.0,4.0,0,,0,0,2,59.72222222222222,85.69444444444444,-59.72222222222222,-85.69444444444444
odds_band,FINISH_GE6_PERF_TOP20,5-9.9,12,7,58.333333333333336,1200,2230,185.83333333333334,3,160.0,58.333333333333336,66.66666666666666,4.166666666666667,3.0833333333333335,3.0,6.858333333333334,6.7,800,35.874439461883405,0,5,6,34.174311926605505,78.27981651376147,24.15902140672783,107.55351681957187
odds_band,FINISH_GE6_PERF_TOP20,10-29.9,33,10,30.303030303030305,3300,4950,150.0,4,230.3030303030303,30.303030303030305,51.515151515151516,6.151515151515151,6.96969696969697,7.0,18.627272727272725,18.3,1230,24.848484848484848,1,7,9,21.603260869565215,90.05434782608695,8.69976943346509,59.94565217391305
odds_band,FINISH_GE6_PERF_TOP20,30-99.9,32,3,9.375,3200,3580,111.875,1,202.5,9.375,12.5,9.46875,11.46875,11.5,57.53125,56.7,1810,50.55865921787709,2,3,10,6.924315619967794,60.01610305958132,2.4506843800322056,51.85889694041868
odds_band,FINISH_GE6_PERF_TOP20,>=100,15,0,0.0,1500,0,0.0,0,0.0,0.0,0.0,10.533333333333333,14.666666666666666,15.0,178.76000000000002,164.2,0,,0,0,7,2.2883295194508007,73.38672768878719,-2.2883295194508007,-73.38672768878719
popularity_band,FINISH_GE6_PERF_TOP20,1-3,11,7,63.63636363636363,1100,3110,282.72727272727275,4,276.3636363636364,63.63636363636363,81.81818181818183,2.6,2.3636363636363638,2.0,6.918181818181819,6.9,1230,39.549839228295816,1,4,4,,,,
popularity_band,FINISH_GE6_PERF_TOP20,4-6,16,4,25.0,1600,1070,66.875,0,0.0,25.0,43.75,6.375,4.9375,5.0,11.8375,11.25,290,27.102803738317757,0,4,8,,,,
popularity_band,FINISH_GE6_PERF_TOP20,7-9,27,7,25.925925925925927,2700,3460,128.14814814814815,3,240.0,25.925925925925924,44.44444444444444,7.0,8.222222222222221,8.0,26.962962962962962,26.6,600,17.341040462427745,0,6,9,,,,
popularity_band,FINISH_GE6_PERF_TOP20,10+,40,2,5.0,4000,3120,78.0,1,162.0,5.0,5.0,10.025,13.275,13.0,105.8475,81.2,1810,58.01282051282051,2,2,10,,,,
target_date,FINISH_GE6_PERF_TOP20,2026-09-05,10,4,40.0,1000,2710,271.0,3,463.0,40.0,60.0,5.3,6.8,8.0,35.33,27.8,1230,45.38745387453874,1,1,1,,,,
target_date,FINISH_GE6_PERF_TOP20,2026-09-06,13,4,30.76923076923077,1300,1260,96.92307692307692,1,46.15384615384615,30.76923076923077,30.76923076923077,7.666666666666667,7.769230769230769,8.0,53.75384615384614,24.3,460,36.507936507936506,0,1,1,,,,
target_date,FINISH_GE6_PERF_TOP20,2026-09-12,16,5,31.25,1600,2830,176.875,2,524.375,31.25,31.25,8.25,10.5,10.0,74.89375000000001,37.55,1310,46.28975265017668,1,1,1,,,,
target_date,FINISH_GE6_PERF_TOP20,2026-09-13,11,2,18.181818181818183,1100,810,73.63636363636364,1,160.0,18.181818181818183,18.181818181818183,9.454545454545455,10.090909090909092,9.0,56.681818181818194,27.5,530,65.4320987654321,0,1,1,,,,
target_date,FINISH_GE6_PERF_TOP20,2026-09-19,4,1,25.0,400,290,72.5,0,0.0,25.0,50.0,6.0,8.25,8.5,29.775,24.2,290,100.0,0,1,1,,,,
target_date,FINISH_GE6_PERF_TOP20,2026-09-20,9,0,0.0,900,0,0.0,0,0.0,0.0,11.11111111111111,8.777777777777779,9.666666666666666,12.0,65.57777777777778,30.3,0,,0,0,1,,,,
target_date,FINISH_GE6_PERF_TOP20,2026-09-21,12,2,16.666666666666668,1200,560,46.666666666666664,1,51.666666666666664,16.666666666666664,50.0,6.333333333333333,8.25,9.0,51.458333333333336,23.75,360,64.28571428571429,0,1,1,,,,
target_date,FINISH_GE6_PERF_TOP20,2026-09-22,1,0,0.0,100,0,0.0,0,0.0,0.0,0.0,10.0,10.0,10.0,85.2,85.2,0,,0,0,1,,,,
target_date,FINISH_GE6_PERF_TOP20,2026-09-26,5,0,0.0,500,0,0.0,0,0.0,0.0,40.0,7.4,8.4,7.0,52.18000000000001,19.8,0,,0,0,1,,,,
target_date,FINISH_GE6_PERF_TOP20,2026-09-27,13,2,15.384615384615385,1300,2300,176.92307692307693,0,0.0,15.384615384615385,15.384615384615385,8.538461538461538,10.692307692307692,12.0,52.353846153846156,36.7,1810,78.69565217391305,1,1,1,,,,
source_finish_band,FINISH_GE6_PERF_TOP20,6-9,74,12,16.216216216216218,7400,4330,58.513513513513516,4,119.1891891891892,16.216216216216218,29.72972972972973,7.917808219178082,9.013513513513514,9.0,56.07432432432432,29.85,1310,30.254041570438797,1,6,10,,,,
source_finish_band,FINISH_GE6_PERF_TOP20,10+,20,8,40.0,2000,6430,321.5,4,359.0,40.0,40.0,7.0,9.55,9.0,53.895,30.2,1810,28.149300155520994,2,5,7,,,,
previous_surface_code,FINISH_GE6_PERF_TOP20,1,83,19,22.89156626506024,8300,10400,125.3012048192771,8,192.7710843373494,22.89156626506024,28.915662650602407,8.060975609756097,9.325301204819278,9.0,58.355421686746986,31.2,1810,17.403846153846153,3,7,10,,,,
previous_surface_code,FINISH_GE6_PERF_TOP20,2,11,1,9.090909090909092,1100,360,32.72727272727273,0,0.0,9.090909090909092,54.54545454545454,5.181818181818182,7.636363636363637,7.0,34.900000000000006,23.3,360,100.0,0,1,5,,,,
source_distance_band,FINISH_GE6_PERF_TOP20,<=1400,26,6,23.076923076923077,2600,3480,133.84615384615384,2,131.92307692307693,23.076923076923077,42.30769230769231,6.769230769230769,9.73076923076923,10.0,56.58846153846154,45.9,1810,52.01149425287356,1,5,7,,,,
source_distance_band,FINISH_GE6_PERF_TOP20,1401-1800,43,10,23.25581395348837,4300,5940,138.13953488372093,5,278.3720930232558,23.25581395348837,30.23255813953488,8.069767441860465,9.046511627906977,9.0,50.66744186046511,26.6,1310,22.053872053872055,2,5,9,,,,
source_distance_band,FINISH_GE6_PERF_TOP20,1801-2200,20,3,15.0,2000,1150,57.5,1,30.0,15.0,15.0,8.368421052631579,8.95,8.5,72.69,24.2,510,44.34782608695652,0,3,7,,,,
source_distance_band,FINISH_GE6_PERF_TOP20,>=2201,5,1,20.0,500,190,38.0,0,0.0,20.0,60.0,7.2,7.4,8.0,24.720000000000006,18.9,190,100.0,0,1,4,,,,
previous_declared_class_group,FINISH_GE6_PERF_TOP20,CLASS_1,33,6,18.181818181818183,3300,3780,114.54545454545455,2,138.4848484848485,18.181818181818183,42.42424242424242,7.181818181818182,8.484848484848484,8.0,45.89090909090908,20.9,1810,47.883597883597886,1,5,9,,,,
previous_declared_class_group,FINISH_GE6_PERF_TOP20,CLASS_2,10,1,10.0,1000,170,17.0,0,0.0,10.0,10.0,7.8,9.0,9.5,66.69,61.1,170,100.0,0,1,8,,,,
previous_declared_class_group,FINISH_GE6_PERF_TOP20,CLASS_3,10,4,40.0,1000,3090,309.0,2,261.0,40.0,50.0,5.9,8.3,9.0,44.33,31.299999999999997,1230,39.80582524271845,1,3,7,,,,
previous_declared_class_group,FINISH_GE6_PERF_TOP20,G1,3,1,33.333333333333336,300,260,86.66666666666667,0,0.0,33.33333333333333,33.33333333333333,6.0,8.666666666666666,8.0,25.0,27.5,260,100.0,0,1,3,,,,
previous_declared_class_group,FINISH_GE6_PERF_TOP20,G2,1,0,0.0,100,0,0.0,0,0.0,0.0,0.0,13.0,13.0,13.0,24.3,24.3,0,,0,0,1,,,,
previous_declared_class_group,FINISH_GE6_PERF_TOP20,G3,5,1,20.0,500,510,102.0,0,0.0,20.0,20.0,9.8,10.6,9.0,60.52,31.2,510,100.0,0,1,3,,,,
previous_declared_class_group,FINISH_GE6_PERF_TOP20,MAIDEN,23,3,13.043478260869565,2300,1900,82.6086956521739,2,307.82608695652175,13.043478260869565,17.391304347826086,8.954545454545455,10.608695652173912,12.0,82.42173913043479,60.2,1310,68.94736842105263,1,2,8,,,,
previous_declared_class_group,FINISH_GE6_PERF_TOP20,NEWCOMER,3,2,66.66666666666667,300,370,123.33333333333333,2,580.0,66.66666666666666,66.66666666666666,3.0,3.3333333333333335,2.0,11.866666666666665,11.2,200,54.054054054054056,0,2,3,,,,
previous_declared_class_group,FINISH_GE6_PERF_TOP20,OPEN,6,2,33.333333333333336,600,680,113.33333333333333,0,0.0,33.33333333333333,33.33333333333333,9.666666666666666,9.833333333333334,9.0,44.93333333333333,25.95,490,72.05882352941177,0,2,3,,,,
signal,FINISH_GE6_PERF_TOP10,ALL,38,6,15.789473684210526,3800,2000,52.63157894736842,3,149.73684210526315,15.789473684210526,26.31578947368421,8.31578947368421,9.842105263157896,9.0,63.08684210526315,29.2,530,26.5,0,5,8,,,,
odds_band,FINISH_GE6_PERF_TOP10,5-9.9,3,1,33.333333333333336,300,240,80.0,0,0.0,33.33333333333333,33.33333333333333,7.333333333333333,3.3333333333333335,4.0,7.566666666666666,7.0,240,100.0,0,1,3,34.174311926605505,78.27981651376147,-0.840978593272169,1.7201834862385255
odds_band,FINISH_GE6_PERF_TOP10,10-29.9,16,5,31.25,1600,1760,110.0,3,355.625,31.25,56.25,6.25,7.125,7.5,19.1375,18.549999999999997,530,30.113636363636363,0,4,8,21.603260869565215,90.05434782608695,9.646739130434785,19.945652173913047
odds_band,FINISH_GE6_PERF_TOP10,30-99.9,11,0,0.0,1100,0,0.0,0,0.0,0.0,0.0,10.090909090909092,12.272727272727273,12.0,54.30909090909092,56.5,0,,0,0,6,6.924315619967794,60.01610305958132,-6.924315619967794,-60.01610305958132
odds_band,FINISH_GE6_PERF_TOP10,>=100,8,0,0.0,800,0,0.0,0,0.0,0.0,0.0,10.375,14.375,14.0,183.875,172.75,0,,0,0,5,2.2883295194508007,73.38672768878719,-2.2883295194508007,-73.38672768878719
popularity_band,FINISH_GE6_PERF_TOP10,1-3,2,1,50.0,200,170,85.0,1,560.0,50.0,50.0,4.0,2.0,2.0,9.1,9.1,170,100.0,0,1,1,,,,
popularity_band,FINISH_GE6_PERF_TOP10,4-6,6,3,50.0,600,790,131.66666666666666,0,0.0,50.0,66.66666666666666,5.333333333333333,4.833333333333333,5.0,11.15,10.65,290,36.70886075949367,0,3,6,,,,
popularity_band,FINISH_GE6_PERF_TOP10,7-9,12,2,16.666666666666668,1200,1040,86.66666666666667,2,380.8333333333333,16.666666666666664,41.66666666666667,7.916666666666667,8.0,8.0,23.40833333333333,23.95,530,50.96153846153846,0,2,6,,,,
popularity_band,FINISH_GE6_PERF_TOP10,10+,18,0,0.0,1800,0,0.0,0,0.0,0.0,0.0,10.055555555555555,13.61111111111111,13.0,112.85000000000001,81.2,0,,0,0,7,,,,
target_date,FINISH_GE6_PERF_TOP10,2026-09-05,5,2,40.0,500,680,136.0,2,786.0,40.0,60.0,4.6,6.2,8.0,30.9,27.5,510,75.0,0,1,1,,,,
target_date,FINISH_GE6_PERF_TOP10,2026-09-06,4,1,25.0,400,260,65.0,0,0.0,25.0,25.0,9.0,11.25,12.5,119.025,94.25,260,100.0,0,1,1,,,,
target_date,FINISH_GE6_PERF_TOP10,2026-09-12,6,1,16.666666666666668,600,240,40.0,0,0.0,16.666666666666664,16.666666666666664,8.333333333333334,9.666666666666666,9.0,76.3,30.7,240,100.0,0,1,1,,,,
target_date,FINISH_GE6_PERF_TOP10,2026-09-13,8,1,12.5,800,530,66.25,1,220.0,12.5,12.5,10.125,11.5,11.0,67.67500000000001,30.6,530,100.0,0,1,1,,,,
target_date,FINISH_GE6_PERF_TOP10,2026-09-19,2,1,50.0,200,290,145.0,0,0.0,50.0,100.0,3.0,6.5,6.5,14.7,14.7,290,100.0,0,1,1,,,,
target_date,FINISH_GE6_PERF_TOP10,2026-09-20,5,0,0.0,500,0,0.0,0,0.0,0.0,20.0,8.8,9.6,12.0,61.52,30.3,0,,0,0,1,,,,
target_date,FINISH_GE6_PERF_TOP10,2026-09-21,3,0,0.0,300,0,0.0,0,0.0,0.0,33.33333333333333,10.333333333333334,10.0,12.0,65.8,56.5,0,,0,0,1,,,,
target_date,FINISH_GE6_PERF_TOP10,2026-09-27,5,0,0.0,500,0,0.0,0,0.0,0.0,0.0,9.0,11.4,13.0,46.620000000000005,36.7,0,,0,0,1,,,,
source_finish_band,FINISH_GE6_PERF_TOP10,6-9,30,4,13.333333333333334,3000,960,32.0,1,37.333333333333336,13.333333333333334,26.666666666666668,8.3,9.266666666666667,8.5,57.17333333333334,27.85,290,30.208333333333332,0,4,8,,,,
source_finish_band,FINISH_GE6_PERF_TOP10,10+,8,2,25.0,800,1040,130.0,2,571.25,25.0,25.0,8.375,12.0,12.5,85.26249999999999,46.6,530,50.96153846153846,0,2,5,,,,
previous_surface_code,FINISH_GE6_PERF_TOP10,1,36,6,16.666666666666668,3600,2000,55.55555555555556,3,158.05555555555554,16.666666666666664,22.22222222222222,8.555555555555555,9.972222222222221,10.0,65.28333333333333,30.25,530,26.5,0,5,8,,,,
previous_surface_code,FINISH_GE6_PERF_TOP10,2,2,0,0.0,200,0,0.0,0,0.0,0.0,100.0,4.0,7.5,7.5,23.549999999999997,23.549999999999997,0,,0,0,2,,,,
source_distance_band,FINISH_GE6_PERF_TOP10,<=1400,10,3,30.0,1000,1010,101.0,1,281.0,30.0,60.0,6.4,8.6,8.0,41.59,28.15,510,50.495049504950494,0,3,6,,,,
source_distance_band,FINISH_GE6_PERF_TOP10,1401-1800,17,2,11.764705882352942,1700,700,41.1764705882353,2,169.41176470588235,11.76470588235294,11.76470588235294,8.882352941176471,9.823529411764707,9.0,57.94117647058823,30.3,530,75.71428571428571,0,2,6,,,,
source_distance_band,FINISH_GE6_PERF_TOP10,1801-2200,9,1,11.11111111111111,900,290,32.22222222222222,0,0.0,11.11111111111111,11.11111111111111,9.333333333333334,11.11111111111111,12.0,105.9111111111111,58.6,290,100.0,0,1,5,,,,
source_distance_band,FINISH_GE6_PERF_TOP10,>=2201,2,0,0.0,200,0,0.0,0,0.0,0.0,50.0,8.5,10.5,10.5,21.6,21.6,0,,0,0,2,,,,
previous_declared_class_group,FINISH_GE6_PERF_TOP10,CLASS_1,13,3,23.076923076923077,1300,1330,102.3076923076923,2,351.53846153846155,23.076923076923077,46.15384615384615,8.153846153846153,8.692307692307692,8.0,39.215384615384615,19.0,530,39.849624060150376,0,3,5,,,,
previous_declared_class_group,FINISH_GE6_PERF_TOP10,CLASS_2,3,0,0.0,300,0,0.0,0,0.0,0.0,0.0,6.666666666666667,13.333333333333334,13.0,136.1,164.2,0,,0,0,3,,,,
previous_declared_class_group,FINISH_GE6_PERF_TOP10,CLASS_3,2,0,0.0,200,0,0.0,0,0.0,0.0,0.0,9.0,13.0,13.0,56.0,56.0,0,,0,0,2,,,,
previous_declared_class_group,FINISH_GE6_PERF_TOP10,G1,3,1,33.333333333333336,300,260,86.66666666666667,0,0.0,33.33333333333333,33.33333333333333,6.0,8.666666666666666,8.0,25.0,27.5,260,100.0,0,1,3,,,,
previous_declared_class_group,FINISH_GE6_PERF_TOP10,G2,1,0,0.0,100,0,0.0,0,0.0,0.0,0.0,13.0,13.0,13.0,24.3,24.3,0,,0,0,1,,,,
previous_declared_class_group,FINISH_GE6_PERF_TOP10,G3,1,0,0.0,100,0,0.0,0,0.0,0.0,0.0,12.0,9.0,9.0,31.2,31.2,0,,0,0,1,,,,
previous_declared_class_group,FINISH_GE6_PERF_TOP10,MAIDEN,10,1,10.0,1000,240,24.0,0,0.0,10.0,20.0,8.3,10.7,12.0,107.88000000000002,57.2,240,100.0,0,1,5,,,,
previous_declared_class_group,FINISH_GE6_PERF_TOP10,NEWCOMER,2,1,50.0,200,170,85.0,1,560.0,50.0,50.0,4.0,4.0,4.0,14.7,14.7,170,100.0,0,1,2,,,,
previous_declared_class_group,FINISH_GE6_PERF_TOP10,OPEN,3,0,0.0,300,0,0.0,0,0.0,0.0,0.0,12.666666666666666,10.666666666666666,9.0,42.833333333333336,30.2,0,,0,0,2,,,,
signal,FRONT_HIGH_PERF_TOP20,ALL,73,27,36.986301369863014,7300,7000,95.89041095890411,7,91.78082191780823,36.986301369863014,53.42465753424658,6.388888888888889,4.904109589041096,4.0,14.454794520547946,8.9,1230,17.571428571428573,1,10,10,,,,
odds_band,FRONT_HIGH_PERF_TOP20,<5,23,16,69.56521739130434,2300,2540,110.43478260869566,2,23.91304347826087,69.56521739130434,86.95652173913044,3.227272727272727,1.391304347826087,1.0,3.1217391304347823,3.0,220,8.661417322834646,0,7,9,59.72222222222222,85.69444444444444,9.842995169082123,24.740338164251213
odds_band,FRONT_HIGH_PERF_TOP20,5-9.9,15,4,26.666666666666668,1500,890,59.333333333333336,2,84.66666666666667,26.666666666666668,60.0,6.0,3.3333333333333335,3.0,7.240000000000001,7.4,310,34.831460674157306,0,3,6,34.174311926605505,78.27981651376147,-7.507645259938837,-18.94648318042814
odds_band,FRONT_HIGH_PERF_TOP20,10-29.9,28,7,25.0,2800,3570,127.5,3,174.28571428571428,25.0,35.714285714285715,7.642857142857143,7.0,7.0,17.15714285714286,15.9,1230,34.45378151260504,1,6,9,21.603260869565215,90.05434782608695,3.396739130434785,37.44565217391305
odds_band,FRONT_HIGH_PERF_TOP20,30-99.9,6,0,0.0,600,0,0.0,0,0.0,0.0,0.0,13.0,11.0,11.5,44.15,47.4,0,,0,0,3,6.924315619967794,60.01610305958132,-6.924315619967794,-60.01610305958132
odds_band,FRONT_HIGH_PERF_TOP20,>=100,1,0,0.0,100,0,0.0,0,0.0,0.0,0.0,7.0,14.0,14.0,129.5,129.5,0,,0,0,1,2.2883295194508007,73.38672768878719,-2.2883295194508007,-73.38672768878719
popularity_band,FRONT_HIGH_PERF_TOP20,1-3,34,20,58.8235294117647,3400,4410,129.7058823529412,5,86.47058823529412,58.82352941176471,85.29411764705883,3.696969696969697,1.7647058823529411,2.0,4.71470588235294,3.6,1230,27.891156462585034,1,7,9,,,,
popularity_band,FRONT_HIGH_PERF_TOP20,4-6,17,5,29.41176470588235,1700,1390,81.76470588235294,1,108.82352941176471,29.411764705882355,35.294117647058826,7.294117647058823,4.9411764705882355,5.0,11.129411764705882,10.4,400,28.776978417266186,0,4,7,,,,
popularity_band,FRONT_HIGH_PERF_TOP20,7-9,13,2,15.384615384615385,1300,1200,92.3076923076923,1,146.92307692307693,15.384615384615385,15.384615384615385,9.615384615384615,8.076923076923077,8.0,21.407692307692308,19.1,600,50.0,0,2,6,,,,
popularity_band,FRONT_HIGH_PERF_TOP20,10+,9,0,0.0,900,0,0.0,0,0.0,0.0,22.22222222222222,9.88888888888889,12.11111111111111,12.0,47.48888888888889,44.8,0,,0,0,5,,,,
target_date,FRONT_HIGH_PERF_TOP20,2026-09-05,19,7,36.8421052631579,1900,2130,112.10526315789474,2,86.3157894736842,36.84210526315789,57.89473684210527,5.842105263157895,3.210526315789474,3.0,7.668421052631579,6.2,1230,57.74647887323944,1,1,1,,,,
target_date,FRONT_HIGH_PERF_TOP20,2026-09-06,20,6,30.0,2000,1160,58.0,1,13.5,30.0,45.0,7.421052631578948,5.05,4.0,14.565000000000001,8.600000000000001,320,27.586206896551722,0,1,1,,,,
target_date,FRONT_HIGH_PERF_TOP20,2026-09-12,6,1,16.666666666666668,600,600,100.0,1,318.3333333333333,16.666666666666664,33.33333333333333,8.0,8.166666666666666,9.0,23.75,21.200000000000003,600,100.0,0,1,1,,,,
target_date,FRONT_HIGH_PERF_TOP20,2026-09-13,8,3,37.5,800,650,81.25,1,93.75,37.5,50.0,8.0,6.875,6.0,18.5875,17.1,310,47.69230769230769,0,1,1,,,,
target_date,FRONT_HIGH_PERF_TOP20,2026-09-19,3,1,33.333333333333336,300,200,66.66666666666667,0,0.0,33.33333333333333,66.66666666666666,4.666666666666667,5.666666666666667,5.0,10.1,8.4,200,100.0,0,1,1,,,,
target_date,FRONT_HIGH_PERF_TOP20,2026-09-20,4,2,50.0,400,360,90.0,0,0.0,50.0,50.0,6.5,3.5,3.5,7.199999999999999,6.75,200,55.55555555555556,0,1,1,,,,
target_date,FRONT_HIGH_PERF_TOP20,2026-09-21,2,1,50.0,200,140,70.0,1,140.0,50.0,50.0,4.0,7.5,7.5,66.15,66.15,140,100.0,0,1,1,,,,
target_date,FRONT_HIGH_PERF_TOP20,2026-09-22,3,1,33.333333333333336,300,400,133.33333333333334,1,616.6666666666666,33.33333333333333,100.0,3.3333333333333335,3.0,2.0,10.133333333333333,8.7,400,100.0,0,1,1,,,,
target_date,FRONT_HIGH_PERF_TOP20,2026-09-26,4,4,100.0,400,1110,277.5,0,0.0,100.0,100.0,2.5,3.25,2.0,9.875,3.95,600,54.054054054054056,0,1,1,,,,
target_date,FRONT_HIGH_PERF_TOP20,2026-09-27,4,1,25.0,400,250,62.5,0,0.0,25.0,25.0,7.0,6.0,5.5,16.425,13.5,250,100.0,0,1,1,,,,
source_finish_band,FRONT_HIGH_PERF_TOP20,1-3,52,23,44.23076923076923,5200,4750,91.34615384615384,5,70.57692307692308,44.230769230769226,63.46153846153846,5.423076923076923,3.9038461538461537,3.0,10.750000000000002,6.65,600,12.631578947368421,0,9,10,,,,
source_finish_band,FRONT_HIGH_PERF_TOP20,4-5,10,1,10.0,1000,250,25.0,0,0.0,10.0,30.0,9.9,7.8,7.0,21.309999999999995,15.85,250,100.0,0,1,5,,,,
source_finish_band,FRONT_HIGH_PERF_TOP20,6-9,7,1,14.285714285714286,700,170,24.285714285714285,1,160.0,14.285714285714285,14.285714285714285,9.0,6.714285714285714,7.0,31.285714285714285,15.3,170,100.0,0,1,6,,,,
source_finish_band,FRONT_HIGH_PERF_TOP20,10+,4,2,50.0,400,1830,457.5,1,477.5,50.0,50.0,6.25,7.5,7.0,16.025,14.9,1230,67.21311475409836,1,2,4,,,,
previous_surface_code,FRONT_HIGH_PERF_TOP20,1,52,18,34.61538461538461,5200,5410,104.03846153846153,5,87.88461538461539,34.61538461538461,51.92307692307693,6.509803921568627,5.269230769230769,4.5,15.715384615384615,10.55,1230,22.735674676524955,1,8,10,,,,
previous_surface_code,FRONT_HIGH_PERF_TOP20,2,21,9,42.857142857142854,2100,1590,75.71428571428571,2,101.42857142857143,42.857142857142854,57.14285714285714,6.095238095238095,4.0,3.0,11.333333333333332,6.7,400,25.157232704402517,0,7,9,,,,
source_distance_band,FRONT_HIGH_PERF_TOP20,<=1400,17,9,52.94117647058823,1700,1370,80.58823529411765,1,15.882352941176471,52.94117647058824,64.70588235294117,5.117647058823529,3.5294117647058822,2.0,13.53529411764706,4.9,220,16.05839416058394,0,5,7,,,,
source_distance_band,FRONT_HIGH_PERF_TOP20,1401-1800,33,13,39.39393939393939,3300,4170,126.36363636363636,4,163.63636363636363,39.39393939393939,54.54545454545454,6.0606060606060606,4.96969696969697,5.0,13.442424242424243,11.2,1230,29.496402877697843,1,8,8,,,,
source_distance_band,FRONT_HIGH_PERF_TOP20,1801-2200,20,4,20.0,2000,1300,65.0,2,51.5,20.0,40.0,8.105263157894736,5.45,5.0,16.71,10.3,600,46.15384615384615,0,4,8,,,,
source_distance_band,FRONT_HIGH_PERF_TOP20,>=2201,3,1,33.333333333333336,300,160,53.333333333333336,0,0.0,33.33333333333333,66.66666666666666,6.333333333333333,8.333333333333334,10.0,15.766666666666666,18.7,160,100.0,0,1,3,,,,
previous_declared_class_group,FRONT_HIGH_PERF_TOP20,CLASS_1,21,9,42.857142857142854,2100,1770,84.28571428571429,3,125.71428571428571,42.857142857142854,71.42857142857143,5.142857142857143,4.238095238095238,3.0,11.309523809523808,7.4,400,22.598870056497177,0,5,7,,,,
previous_declared_class_group,FRONT_HIGH_PERF_TOP20,CLASS_2,3,2,66.66666666666667,300,350,116.66666666666667,0,0.0,66.66666666666666,66.66666666666666,3.6666666666666665,1.3333333333333333,1.0,3.2000000000000006,2.7,220,62.857142857142854,0,2,3,,,,
previous_declared_class_group,FRONT_HIGH_PERF_TOP20,CLASS_3,3,2,66.66666666666667,300,1830,610.0,1,636.6666666666666,66.66666666666666,66.66666666666666,5.333333333333333,5.666666666666667,5.0,15.0,15.2,1230,67.21311475409836,1,2,3,,,,
previous_declared_class_group,FRONT_HIGH_PERF_TOP20,G2,2,0,0.0,200,0,0.0,0,0.0,0.0,0.0,12.5,10.0,10.0,23.8,23.8,0,,0,0,2,,,,
previous_declared_class_group,FRONT_HIGH_PERF_TOP20,G3,6,1,16.666666666666668,600,200,33.333333333333336,0,0.0,16.666666666666664,16.666666666666664,8.666666666666666,7.333333333333333,7.0,20.783333333333335,14.8,200,100.0,0,1,4,,,,
previous_declared_class_group,FRONT_HIGH_PERF_TOP20,MAIDEN,36,11,30.555555555555557,3600,2560,71.11111111111111,2,28.61111111111111,30.555555555555557,47.22222222222222,7.0,5.027777777777778,4.0,16.016666666666666,8.350000000000001,600,23.4375,0,6,8,,,,
previous_declared_class_group,FRONT_HIGH_PERF_TOP20,NEWCOMER,2,2,100.0,200,290,145.0,1,560.0,100.0,100.0,1.5,1.5,1.5,7.1,7.1,170,58.62068965517241,0,2,2,,,,
signal,FRONT_HIGH_PERF_TOP10,ALL,39,15,38.46153846153846,3900,3510,90.0,3,95.38461538461539,38.46153846153847,51.28205128205128,6.923076923076923,5.17948717948718,4.0,14.723076923076924,11.2,600,17.094017094017094,0,8,9,,,,
odds_band,FRONT_HIGH_PERF_TOP10,<5,14,9,64.28571428571429,1400,1530,109.28571428571429,0,0.0,64.28571428571429,92.85714285714286,3.642857142857143,1.5,1.0,3.3142857142857145,3.1,220,14.379084967320262,0,5,7,59.72222222222222,85.69444444444444,4.56349206349207,23.59126984126985
odds_band,FRONT_HIGH_PERF_TOP10,5-9.9,4,2,50.0,400,560,140.0,1,187.5,50.0,50.0,7.75,3.5,3.5,7.625,7.9,310,55.357142857142854,0,2,4,34.174311926605505,78.27981651376147,15.825688073394495,61.720183486238525
odds_band,FRONT_HIGH_PERF_TOP10,10-29.9,16,4,25.0,1600,1420,88.75,2,185.625,25.0,31.25,7.6875,7.1875,7.0,17.325,15.950000000000001,600,42.25352112676056,0,4,8,21.603260869565215,90.05434782608695,3.396739130434785,-1.3043478260869534
odds_band,FRONT_HIGH_PERF_TOP10,30-99.9,5,0,0.0,500,0,0.0,0,0.0,0.0,0.0,13.0,10.4,11.0,44.019999999999996,50.0,0,,0,0,2,6.924315619967794,60.01610305958132,-6.924315619967794,-60.01610305958132
popularity_band,FRONT_HIGH_PERF_TOP10,1-3,17,11,64.70588235294117,1700,2010,118.23529411764706,2,110.0,64.70588235294117,88.23529411764706,4.0,1.7058823529411764,2.0,4.152941176470588,3.2,310,15.422885572139304,0,6,8,,,,
popularity_band,FRONT_HIGH_PERF_TOP10,4-6,8,3,37.5,800,900,112.5,1,231.25,37.5,37.5,7.5,4.875,5.0,12.725,11.8,400,44.44444444444444,0,3,5,,,,
popularity_band,FRONT_HIGH_PERF_TOP10,7-9,9,1,11.11111111111111,900,600,66.66666666666667,0,0.0,11.11111111111111,11.11111111111111,9.777777777777779,8.11111111111111,8.0,21.188888888888886,19.0,600,100.0,0,1,5,,,,
popularity_band,FRONT_HIGH_PERF_TOP10,10+,5,0,0.0,500,0,0.0,0,0.0,0.0,20.0,10.8,12.2,12.0,42.22,50.0,0,,0,0,3,,,,
target_date,FRONT_HIGH_PERF_TOP10,2026-09-05,7,2,28.571428571428573,700,350,50.0,1,160.0,28.57142857142857,42.857142857142854,7.142857142857143,3.5714285714285716,2.0,8.157142857142857,5.5,180,51.42857142857143,0,1,1,,,,
target_date,FRONT_HIGH_PERF_TOP10,2026-09-06,11,3,27.272727272727273,1100,530,48.18181818181818,0,0.0,27.27272727272727,36.36363636363637,8.727272727272727,6.454545454545454,7.0,20.56363636363636,14.5,250,47.16981132075472,0,1,1,,,,
target_date,FRONT_HIGH_PERF_TOP10,2026-09-12,4,0,0.0,400,0,0.0,0,0.0,0.0,25.0,9.0,7.5,8.0,25.025,23.25,0,,0,0,1,,,,
target_date,FRONT_HIGH_PERF_TOP10,2026-09-13,4,1,25.0,400,310,77.5,1,187.5,25.0,50.0,8.5,7.25,7.0,17.65,17.1,310,100.0,0,1,1,,,,
target_date,FRONT_HIGH_PERF_TOP10,2026-09-19,1,1,100.0,100,200,200.0,0,0.0,100.0,100.0,2.0,2.0,2.0,3.2,3.2,200,100.0,0,1,1,,,,
target_date,FRONT_HIGH_PERF_TOP10,2026-09-20,4,2,50.0,400,360,90.0,0,0.0,50.0,50.0,6.5,3.5,3.5,7.199999999999999,6.75,200,55.55555555555556,0,1,1,,,,
target_date,FRONT_HIGH_PERF_TOP10,2026-09-22,2,1,50.0,200,400,200.0,1,925.0,50.0,100.0,2.5,3.5,3.5,10.85,10.85,400,100.0,0,1,1,,,,
target_date,FRONT_HIGH_PERF_TOP10,2026-09-26,4,4,100.0,400,1110,277.5,0,0.0,100.0,100.0,2.5,3.25,2.0,9.875,3.95,600,54.054054054054056,0,1,1,,,,
target_date,FRONT_HIGH_PERF_TOP10,2026-09-27,2,1,50.0,200,250,125.0,0,0.0,50.0,50.0,5.5,5.5,5.5,13.5,13.5,250,100.0,0,1,1,,,,
source_finish_band,FRONT_HIGH_PERF_TOP10,1-3,28,13,46.42857142857143,2800,3090,110.35714285714286,2,92.85714285714286,46.42857142857143,57.14285714285714,6.178571428571429,4.392857142857143,3.0,12.799999999999999,6.5,600,19.41747572815534,0,8,9,,,,
source_finish_band,FRONT_HIGH_PERF_TOP10,4-5,5,1,20.0,500,250,50.0,0,0.0,20.0,60.0,7.4,7.0,5.0,21.119999999999997,15.2,250,100.0,0,1,4,,,,
source_finish_band,FRONT_HIGH_PERF_TOP10,6-9,5,1,20.0,500,170,34.0,1,224.0,20.0,20.0,9.4,6.2,7.0,17.18,15.3,170,100.0,0,1,4,,,,
source_finish_band,FRONT_HIGH_PERF_TOP10,10+,1,0,0.0,100,0,0.0,0,0.0,0.0,0.0,13.0,13.0,13.0,24.3,24.3,0,,0,0,1,,,,
previous_surface_code,FRONT_HIGH_PERF_TOP10,1,30,10,33.333333333333336,3000,2510,83.66666666666667,2,62.333333333333336,33.33333333333333,50.0,7.1,5.533333333333333,5.0,15.41333333333333,11.4,600,23.904382470119522,0,7,9,,,,
previous_surface_code,FRONT_HIGH_PERF_TOP10,2,9,5,55.55555555555556,900,1000,111.11111111111111,1,205.55555555555554,55.55555555555556,55.55555555555556,6.333333333333333,4.0,2.0,12.422222222222222,4.3,400,40.0,0,4,5,,,,
source_distance_band,FRONT_HIGH_PERF_TOP10,<=1400,5,4,80.0,500,670,134.0,0,0.0,80.0,80.0,3.8,1.4,1.0,3.3600000000000003,3.0,220,32.83582089552239,0,3,4,,,,
source_distance_band,FRONT_HIGH_PERF_TOP10,1401-1800,19,7,36.8421052631579,1900,1520,80.0,2,156.31578947368422,36.84210526315789,42.10526315789473,7.368421052631579,5.842105263157895,5.0,16.04736842105263,14.5,400,26.31578947368421,0,6,8,,,,
source_distance_band,FRONT_HIGH_PERF_TOP10,1801-2200,13,3,23.076923076923077,1300,1160,89.23076923076923,1,57.69230769230769,23.076923076923077,53.84615384615385,7.384615384615385,5.3076923076923075,4.0,17.22307692307692,9.2,600,51.724137931034484,0,3,7,,,,
source_distance_band,FRONT_HIGH_PERF_TOP10,>=2201,2,1,50.0,200,160,80.0,0,0.0,50.0,50.0,7.5,7.5,7.5,14.3,14.3,160,100.0,0,1,2,,,,
previous_declared_class_group,FRONT_HIGH_PERF_TOP10,CLASS_1,10,3,30.0,1000,760,76.0,1,185.0,30.0,50.0,6.9,6.2,6.0,17.43,15.55,400,52.63157894736842,0,3,6,,,,
previous_declared_class_group,FRONT_HIGH_PERF_TOP10,CLASS_2,2,2,100.0,200,350,175.0,0,0.0,100.0,100.0,2.5,1.5,1.5,3.8000000000000003,3.8000000000000003,220,62.857142857142854,0,2,2,,,,
previous_declared_class_group,FRONT_HIGH_PERF_TOP10,CLASS_3,1,0,0.0,100,0,0.0,0,0.0,0.0,0.0,13.0,5.0,5.0,15.2,15.2,0,,0,0,1,,,,
previous_declared_class_group,FRONT_HIGH_PERF_TOP10,G2,1,0,0.0,100,0,0.0,0,0.0,0.0,0.0,13.0,13.0,13.0,24.3,24.3,0,,0,0,1,,,,
previous_declared_class_group,FRONT_HIGH_PERF_TOP10,G3,5,1,20.0,500,200,40.0,0,0.0,20.0,20.0,8.6,7.8,9.0,22.940000000000005,18.2,200,100.0,0,1,3,,,,
previous_declared_class_group,FRONT_HIGH_PERF_TOP10,MAIDEN,18,7,38.888888888888886,1800,1910,106.11111111111111,1,41.666666666666664,38.88888888888889,55.55555555555556,6.888888888888889,4.277777777777778,3.5,12.43888888888889,7.9,600,31.413612565445025,0,5,6,,,,
previous_declared_class_group,FRONT_HIGH_PERF_TOP10,NEWCOMER,2,2,100.0,200,290,145.0,1,560.0,100.0,100.0,1.5,1.5,1.5,7.1,7.1,170,58.62068965517241,0,2,2,,,,
signal,REAR_HIGH_PERF_TOP20,ALL,13,2,15.384615384615385,1300,260,20.0,0,0.0,15.384615384615385,38.46153846153847,7.076923076923077,6.615384615384615,5.0,43.853846153846156,12.1,130,50.0,0,2,9,,,,
odds_band,REAR_HIGH_PERF_TOP20,<5,3,1,33.333333333333336,300,130,43.333333333333336,0,0.0,33.33333333333333,66.66666666666666,4.666666666666667,1.0,1.0,3.1999999999999997,3.0,130,100.0,0,1,3,59.72222222222222,85.69444444444444,-26.388888888888886,-42.36111111111111
odds_band,REAR_HIGH_PERF_TOP20,5-9.9,1,1,100.0,100,130,130.0,0,0.0,100.0,100.0,3.0,2.0,2.0,5.6,5.6,130,100.0,0,1,1,34.174311926605505,78.27981651376147,65.8256880733945,51.720183486238525
odds_band,REAR_HIGH_PERF_TOP20,10-29.9,4,0,0.0,400,0,0.0,0,0.0,0.0,50.0,6.25,5.0,5.0,12.375,12.05,0,,0,0,4,21.603260869565215,90.05434782608695,-21.603260869565215,-90.05434782608695
odds_band,REAR_HIGH_PERF_TOP20,30-99.9,3,0,0.0,300,0,0.0,0,0.0,0.0,0.0,9.333333333333334,11.666666666666666,12.0,56.300000000000004,56.5,0,,0,0,3,6.924315619967794,60.01610305958132,-6.924315619967794,-60.01610305958132
odds_band,REAR_HIGH_PERF_TOP20,>=100,2,0,0.0,200,0,0.0,0,0.0,0.0,0.0,11.0,13.0,13.0,168.25,168.25,0,,0,0,2,2.2883295194508007,73.38672768878719,-2.2883295194508007,-73.38672768878719
popularity_band,REAR_HIGH_PERF_TOP20,1-3,4,2,50.0,400,260,65.0,0,0.0,50.0,75.0,4.25,1.25,1.0,3.8,3.8,130,50.0,0,2,4,,,,
popularity_band,REAR_HIGH_PERF_TOP20,4-6,4,0,0.0,400,0,0.0,0,0.0,0.0,50.0,6.25,5.0,5.0,12.375,12.05,0,,0,0,4,,,,
popularity_band,REAR_HIGH_PERF_TOP20,7-9,1,0,0.0,100,0,0.0,0,0.0,0.0,0.0,8.0,8.0,8.0,32.5,32.5,0,,0,0,1,,,,
popularity_band,REAR_HIGH_PERF_TOP20,10+,4,0,0.0,400,0,0.0,0,0.0,0.0,0.0,10.5,13.25,13.0,118.225,122.05,0,,0,0,4,,,,
target_date,REAR_HIGH_PERF_TOP20,2026-09-05,1,1,100.0,100,130,130.0,0,0.0,100.0,100.0,3.0,2.0,2.0,5.6,5.6,130,100.0,0,1,1,,,,
target_date,REAR_HIGH_PERF_TOP20,2026-09-06,2,0,0.0,200,0,0.0,0,0.0,0.0,0.0,8.5,8.5,8.5,87.39999999999999,87.39999999999999,0,,0,0,1,,,,
target_date,REAR_HIGH_PERF_TOP20,2026-09-12,1,0,0.0,100,0,0.0,0,0.0,0.0,0.0,7.0,1.0,1.0,4.6,4.6,0,,0,0,1,,,,
target_date,REAR_HIGH_PERF_TOP20,2026-09-13,1,0,0.0,100,0,0.0,0,0.0,0.0,0.0,7.0,4.0,4.0,12.1,12.1,0,,0,0,1,,,,
target_date,REAR_HIGH_PERF_TOP20,2026-09-19,1,0,0.0,100,0,0.0,0,0.0,0.0,0.0,8.0,8.0,8.0,32.5,32.5,0,,0,0,1,,,,
target_date,REAR_HIGH_PERF_TOP20,2026-09-20,1,0,0.0,100,0,0.0,0,0.0,0.0,100.0,4.0,1.0,1.0,2.0,2.0,0,,0,0,1,,,,
target_date,REAR_HIGH_PERF_TOP20,2026-09-21,1,0,0.0,100,0,0.0,0,0.0,0.0,0.0,14.0,12.0,12.0,56.5,56.5,0,,0,0,1,,,,
target_date,REAR_HIGH_PERF_TOP20,2026-09-26,3,1,33.333333333333336,300,130,43.333333333333336,0,0.0,33.33333333333333,66.66666666666666,7.0,7.0,6.0,63.366666666666674,14.8,130,100.0,0,1,1,,,,
target_date,REAR_HIGH_PERF_TOP20,2026-09-27,2,0,0.0,200,0,0.0,0,0.0,0.0,50.0,5.5,10.0,10.0,45.95,45.95,0,,0,0,1,,,,
source_finish_band,REAR_HIGH_PERF_TOP20,1-3,3,2,66.66666666666667,300,260,86.66666666666667,0,0.0,66.66666666666666,100.0,3.3333333333333335,1.3333333333333333,1.0,3.533333333333333,3.0,130,50.0,0,2,3,,,,
source_finish_band,REAR_HIGH_PERF_TOP20,4-5,5,0,0.0,500,0,0.0,0,0.0,0.0,20.0,7.2,4.6,5.0,14.36,12.0,0,,0,0,5,,,,
source_finish_band,REAR_HIGH_PERF_TOP20,6-9,3,0,0.0,300,0,0.0,0,0.0,0.0,33.33333333333333,8.0,11.666666666666666,14.0,89.0,79.9,0,,0,0,2,,,,
source_finish_band,REAR_HIGH_PERF_TOP20,10+,2,0,0.0,200,0,0.0,0,0.0,0.0,0.0,11.0,12.0,12.0,110.35,110.35,0,,0,0,2,,,,
previous_surface_code,REAR_HIGH_PERF_TOP20,1,12,2,16.666666666666668,1200,260,21.666666666666668,0,0.0,16.666666666666664,41.66666666666667,7.0,6.5,5.0,44.800000000000004,12.05,130,50.0,0,2,8,,,,
previous_surface_code,REAR_HIGH_PERF_TOP20,2,1,0,0.0,100,0,0.0,0,0.0,0.0,0.0,8.0,8.0,8.0,32.5,32.5,0,,0,0,1,,,,
source_distance_band,REAR_HIGH_PERF_TOP20,<=1400,5,2,40.0,500,260,52.0,0,0.0,40.0,40.0,7.4,5.6,5.0,21.64,10.6,130,50.0,0,2,5,,,,
source_distance_band,REAR_HIGH_PERF_TOP20,1401-1800,6,0,0.0,600,0,0.0,0,0.0,0.0,16.666666666666664,7.666666666666667,8.666666666666666,9.0,74.64999999999999,47.35,0,,0,0,5,,,,
source_distance_band,REAR_HIGH_PERF_TOP20,1801-2200,2,0,0.0,200,0,0.0,0,0.0,0.0,100.0,4.5,3.0,3.0,7.0,7.0,0,,0,0,2,,,,
previous_declared_class_group,REAR_HIGH_PERF_TOP20,CLASS_1,3,1,33.333333333333336,300,130,43.333333333333336,0,0.0,33.33333333333333,66.66666666666666,7.0,6.666666666666667,6.0,25.633333333333336,14.8,130,100.0,0,1,3,,,,
previous_declared_class_group,REAR_HIGH_PERF_TOP20,CLASS_2,3,0,0.0,300,0,0.0,0,0.0,0.0,33.33333333333333,6.0,9.333333333333334,12.0,82.03333333333333,79.9,0,,0,0,3,,,,
previous_declared_class_group,REAR_HIGH_PERF_TOP20,CLASS_3,4,0,0.0,400,0,0.0,0,0.0,0.0,0.0,9.0,6.75,6.0,55.375,22.3,0,,0,0,4,,,,
previous_declared_class_group,REAR_HIGH_PERF_TOP20,MAIDEN,1,1,100.0,100,130,130.0,0,0.0,100.0,100.0,3.0,1.0,1.0,3.0,3.0,130,100.0,0,1,1,,,,
previous_declared_class_group,REAR_HIGH_PERF_TOP20,NEWCOMER,2,0,0.0,200,0,0.0,0,0.0,0.0,50.0,7.0,5.0,5.0,11.3,11.3,0,,0,0,2,,,,
signal,REAR_HIGH_PERF_TOP10,ALL,7,1,14.285714285714286,700,130,18.571428571428573,0,0.0,14.285714285714285,28.57142857142857,7.0,6.571428571428571,4.0,46.04285714285714,12.1,130,100.0,0,1,7,,,,
odds_band,REAR_HIGH_PERF_TOP10,<5,3,1,33.333333333333336,300,130,43.333333333333336,0,0.0,33.33333333333333,66.66666666666666,4.666666666666667,1.0,1.0,3.1999999999999997,3.0,130,100.0,0,1,3,59.72222222222222,85.69444444444444,-26.388888888888886,-42.36111111111111
odds_band,REAR_HIGH_PERF_TOP10,10-29.9,1,0,0.0,100,0,0.0,0,0.0,0.0,0.0,7.0,4.0,4.0,12.1,12.1,0,,0,0,1,21.603260869565215,90.05434782608695,-21.603260869565215,-90.05434782608695
odds_band,REAR_HIGH_PERF_TOP10,30-99.9,2,0,0.0,200,0,0.0,0,0.0,0.0,0.0,10.0,13.5,13.5,68.2,68.2,0,,0,0,2,6.924315619967794,60.01610305958132,-6.924315619967794,-60.01610305958132
odds_band,REAR_HIGH_PERF_TOP10,>=100,1,0,0.0,100,0,0.0,0,0.0,0.0,0.0,8.0,12.0,12.0,164.2,164.2,0,,0,0,1,2.2883295194508007,73.38672768878719,-2.2883295194508007,-73.38672768878719
popularity_band,REAR_HIGH_PERF_TOP10,1-3,3,1,33.333333333333336,300,130,43.333333333333336,0,0.0,33.33333333333333,66.66666666666666,4.666666666666667,1.0,1.0,3.1999999999999997,3.0,130,100.0,0,1,3,,,,
popularity_band,REAR_HIGH_PERF_TOP10,4-6,1,0,0.0,100,0,0.0,0,0.0,0.0,0.0,7.0,4.0,4.0,12.1,12.1,0,,0,0,1,,,,
popularity_band,REAR_HIGH_PERF_TOP10,10+,3,0,0.0,300,0,0.0,0,0.0,0.0,0.0,9.333333333333334,13.0,12.0,100.2,79.9,0,,0,0,3,,,,
target_date,REAR_HIGH_PERF_TOP10,2026-09-06,1,0,0.0,100,0,0.0,0,0.0,0.0,0.0,8.0,12.0,12.0,164.2,164.2,0,,0,0,1,,,,
target_date,REAR_HIGH_PERF_TOP10,2026-09-12,1,0,0.0,100,0,0.0,0,0.0,0.0,0.0,7.0,1.0,1.0,4.6,4.6,0,,0,0,1,,,,
target_date,REAR_HIGH_PERF_TOP10,2026-09-13,1,0,0.0,100,0,0.0,0,0.0,0.0,0.0,7.0,4.0,4.0,12.1,12.1,0,,0,0,1,,,,
target_date,REAR_HIGH_PERF_TOP10,2026-09-20,1,0,0.0,100,0,0.0,0,0.0,0.0,100.0,4.0,1.0,1.0,2.0,2.0,0,,0,0,1,,,,
target_date,REAR_HIGH_PERF_TOP10,2026-09-21,1,0,0.0,100,0,0.0,0,0.0,0.0,0.0,14.0,12.0,12.0,56.5,56.5,0,,0,0,1,,,,
target_date,REAR_HIGH_PERF_TOP10,2026-09-26,1,1,100.0,100,130,130.0,0,0.0,100.0,100.0,3.0,1.0,1.0,3.0,3.0,130,100.0,0,1,1,,,,
target_date,REAR_HIGH_PERF_TOP10,2026-09-27,1,0,0.0,100,0,0.0,0,0.0,0.0,0.0,6.0,15.0,15.0,79.9,79.9,0,,0,0,1,,,,
source_finish_band,REAR_HIGH_PERF_TOP10,1-3,2,1,50.0,200,130,65.0,0,0.0,50.0,100.0,3.5,1.0,1.0,2.5,2.5,130,100.0,0,1,2,,,,
source_finish_band,REAR_HIGH_PERF_TOP10,4-5,2,0,0.0,200,0,0.0,0,0.0,0.0,0.0,7.0,2.5,2.5,8.35,8.35,0,,0,0,2,,,,
source_finish_band,REAR_HIGH_PERF_TOP10,6-9,1,0,0.0,100,0,0.0,0,0.0,0.0,0.0,6.0,15.0,15.0,79.9,79.9,0,,0,0,1,,,,
source_finish_band,REAR_HIGH_PERF_TOP10,10+,2,0,0.0,200,0,0.0,0,0.0,0.0,0.0,11.0,12.0,12.0,110.35,110.35,0,,0,0,2,,,,
previous_surface_code,REAR_HIGH_PERF_TOP10,1,7,1,14.285714285714286,700,130,18.571428571428573,0,0.0,14.285714285714285,28.57142857142857,7.0,6.571428571428571,4.0,46.04285714285714,12.1,130,100.0,0,1,7,,,,
source_distance_band,REAR_HIGH_PERF_TOP10,<=1400,2,1,50.0,200,130,65.0,0,0.0,50.0,50.0,8.5,6.5,6.5,29.75,29.75,130,100.0,0,1,2,,,,
source_distance_band,REAR_HIGH_PERF_TOP10,1401-1800,4,0,0.0,400,0,0.0,0,0.0,0.0,0.0,7.0,8.0,8.0,65.19999999999999,46.0,0,,0,0,4,,,,
source_distance_band,REAR_HIGH_PERF_TOP10,1801-2200,1,0,0.0,100,0,0.0,0,0.0,0.0,100.0,4.0,1.0,1.0,2.0,2.0,0,,0,0,1,,,,
previous_declared_class_group,REAR_HIGH_PERF_TOP10,CLASS_1,1,0,0.0,100,0,0.0,0,0.0,0.0,0.0,14.0,12.0,12.0,56.5,56.5,0,,0,0,1,,,,
previous_declared_class_group,REAR_HIGH_PERF_TOP10,CLASS_2,3,0,0.0,300,0,0.0,0,0.0,0.0,33.33333333333333,6.0,9.333333333333334,12.0,82.03333333333333,79.9,0,,0,0,3,,,,
previous_declared_class_group,REAR_HIGH_PERF_TOP10,CLASS_3,2,0,0.0,200,0,0.0,0,0.0,0.0,0.0,7.0,2.5,2.5,8.35,8.35,0,,0,0,2,,,,
previous_declared_class_group,REAR_HIGH_PERF_TOP10,MAIDEN,1,1,100.0,100,130,130.0,0,0.0,100.0,100.0,3.0,1.0,1.0,3.0,3.0,130,100.0,0,1,1,,,,
signal,REAR_HIGH_LAST3F80,ALL,67,23,34.32835820895522,6700,6640,99.1044776119403,7,57.91044776119403,35.82089552238806,55.223880597014926,5.522388059701493,6.1940298507462686,6.0,29.834328358208957,14.8,1390,20.933734939759034,1,10,10,,,,
odds_band,REAR_HIGH_LAST3F80,<5,14,9,64.28571428571429,1400,1240,88.57142857142857,4,89.28571428571429,64.28571428571429,78.57142857142857,3.4285714285714284,1.5,1.0,3.5142857142857147,3.95,160,12.903225806451612,0,5,7,59.72222222222222,85.69444444444444,4.56349206349207,2.8769841269841265
odds_band,REAR_HIGH_LAST3F80,5-9.9,12,6,50.0,1200,1420,118.33333333333333,2,95.83333333333333,50.0,75.0,4.166666666666667,3.4166666666666665,3.0,7.3999999999999995,7.15,530,37.32394366197183,0,4,7,34.174311926605505,78.27981651376147,15.825688073394495,40.053516819571854
odds_band,REAR_HIGH_LAST3F80,10-29.9,18,6,33.333333333333336,1800,1950,108.33333333333333,1,82.22222222222223,38.88888888888889,61.111111111111114,5.055555555555555,6.388888888888889,6.0,16.583333333333336,16.1,520,26.666666666666668,0,5,7,21.603260869565215,90.05434782608695,11.73007246376812,18.278985507246375
odds_band,REAR_HIGH_LAST3F80,30-99.9,17,1,5.882352941176471,1700,640,37.64705882352941,0,0.0,5.88235294117647,29.411764705882355,7.411764705882353,9.588235294117647,10.0,44.01764705882353,43.0,640,100.0,0,1,8,6.924315619967794,60.01610305958132,-1.0419626787913234,-22.369044236051906
odds_band,REAR_HIGH_LAST3F80,>=100,6,1,16.666666666666668,600,1390,231.66666666666666,0,0.0,16.666666666666664,16.666666666666664,9.166666666666666,12.5,12.5,135.68333333333334,122.55,1390,100.0,1,1,4,2.2883295194508007,73.38672768878719,14.378337147215866,158.27993897787945
popularity_band,REAR_HIGH_LAST3F80,1-3,21,13,61.904761904761905,2100,1940,92.38095238095238,5,89.04761904761905,61.904761904761905,76.19047619047619,3.5238095238095237,1.9523809523809523,2.0,4.619047619047619,4.5,200,10.309278350515465,0,7,8,,,,
popularity_band,REAR_HIGH_LAST3F80,4-6,17,7,41.1764705882353,1700,2150,126.47058823529412,2,118.23529411764706,47.05882352941176,82.35294117647058,4.352941176470588,5.0,5.0,14.223529411764707,13.4,530,24.651162790697676,0,5,8,,,,
popularity_band,REAR_HIGH_LAST3F80,7-9,12,1,8.333333333333334,1200,520,43.333333333333336,0,0.0,8.333333333333332,8.333333333333332,7.666666666666667,7.75,8.0,29.866666666666664,31.95,520,100.0,0,1,7,,,,
popularity_band,REAR_HIGH_LAST3F80,10+,17,2,11.764705882352942,1700,2030,119.41176470588235,0,0.0,11.76470588235294,35.294117647058826,7.647058823529412,11.529411764705882,11.0,76.57058823529412,56.5,1390,68.47290640394088,1,2,8,,,,
target_date,REAR_HIGH_LAST3F80,2026-09-05,7,4,57.142857142857146,700,2410,344.2857142857143,0,0.0,57.14285714285714,71.42857142857143,4.571428571428571,5.857142857142857,4.0,32.285714285714285,11.8,1390,57.67634854771784,1,1,1,,,,
target_date,REAR_HIGH_LAST3F80,2026-09-06,9,1,11.11111111111111,900,110,12.222222222222221,1,26.666666666666668,22.22222222222222,66.66666666666666,5.0,6.111111111111111,5.0,18.933333333333334,14.8,110,100.0,0,1,1,,,,
target_date,REAR_HIGH_LAST3F80,2026-09-12,9,3,33.333333333333336,900,620,68.88888888888889,1,68.88888888888889,33.33333333333333,55.55555555555556,5.333333333333333,4.888888888888889,3.0,18.299999999999997,6.8,250,40.32258064516129,0,1,1,,,,
target_date,REAR_HIGH_LAST3F80,2026-09-13,7,3,42.857142857142854,700,700,100.0,0,0.0,42.857142857142854,57.14285714285714,6.0,7.714285714285714,5.0,33.24285714285715,17.9,320,45.714285714285715,0,1,1,,,,
target_date,REAR_HIGH_LAST3F80,2026-09-19,6,2,33.333333333333336,600,360,60.0,1,70.0,33.33333333333333,33.33333333333333,5.166666666666667,5.5,5.0,23.03333333333333,20.0,200,55.55555555555556,0,1,1,,,,
target_date,REAR_HIGH_LAST3F80,2026-09-20,4,1,25.0,400,270,67.5,1,370.0,25.0,50.0,4.75,5.5,6.5,10.825,12.95,270,100.0,0,1,1,,,,
target_date,REAR_HIGH_LAST3F80,2026-09-21,5,2,40.0,500,270,54.0,1,84.0,40.0,40.0,7.8,7.4,9.0,43.339999999999996,32.8,160,59.25925925925926,0,1,1,,,,
target_date,REAR_HIGH_LAST3F80,2026-09-22,1,1,100.0,100,190,190.0,1,530.0,100.0,100.0,1.0,4.0,4.0,5.3,5.3,190,100.0,0,1,1,,,,
target_date,REAR_HIGH_LAST3F80,2026-09-26,14,5,35.714285714285715,1400,1070,76.42857142857143,1,12.142857142857142,35.714285714285715,50.0,6.071428571428571,5.928571428571429,6.0,42.07857142857142,15.8,520,48.598130841121495,0,1,1,,,,
target_date,REAR_HIGH_LAST3F80,2026-09-27,5,1,20.0,500,640,128.0,0,0.0,20.0,60.0,5.6,8.4,8.0,42.5,46.4,640,100.0,0,1,1,,,,
source_finish_band,REAR_HIGH_LAST3F80,1-3,20,14,70.0,2000,3010,150.5,5,111.5,70.0,75.0,3.4,3.45,3.0,8.805000000000001,5.95,530,17.60797342192691,0,7,8,,,,
source_finish_band,REAR_HIGH_LAST3F80,4-5,18,4,22.22222222222222,1800,970,53.888888888888886,2,91.66666666666667,27.77777777777778,50.0,5.444444444444445,5.722222222222222,5.0,23.005555555555553,14.100000000000001,360,37.11340206185567,0,4,8,,,,
source_finish_band,REAR_HIGH_LAST3F80,6-9,22,4,18.181818181818183,2200,2340,106.36363636363636,0,0.0,18.181818181818183,50.0,6.590909090909091,7.318181818181818,7.5,36.74545454545455,21.45,1390,59.401709401709404,1,4,9,,,,
source_finish_band,REAR_HIGH_LAST3F80,10+,7,1,14.285714285714286,700,320,45.714285714285715,0,0.0,14.285714285714285,28.57142857142857,8.428571428571429,11.714285714285714,13.0,85.75714285714287,58.0,320,100.0,0,1,4,,,,
previous_surface_code,REAR_HIGH_LAST3F80,1,47,18,38.297872340425535,4700,3780,80.42553191489361,6,73.61702127659575,40.42553191489361,63.829787234042556,5.085106382978723,5.297872340425532,5.0,20.84468085106383,11.8,530,14.02116402116402,0,9,10,,,,
previous_surface_code,REAR_HIGH_LAST3F80,2,20,5,25.0,2000,2860,143.0,1,21.0,25.0,35.0,6.55,8.3,8.5,50.959999999999994,32.65,1390,48.6013986013986,1,5,9,,,,
source_distance_band,REAR_HIGH_LAST3F80,<=1400,23,7,30.434782608695652,2300,2340,101.73913043478261,1,10.434782608695652,30.434782608695656,34.78260869565217,7.391304347826087,7.739130434782608,8.0,45.178260869565214,32.5,1390,59.401709401709404,1,5,7,,,,
source_distance_band,REAR_HIGH_LAST3F80,1401-1800,33,14,42.42424242424242,3300,3800,115.15151515151516,5,65.45454545454545,45.45454545454545,66.66666666666666,4.393939393939394,5.333333333333333,4.0,23.524242424242424,11.1,640,16.842105263157894,0,7,10,,,,
source_distance_band,REAR_HIGH_LAST3F80,1801-2200,7,2,28.571428571428573,700,500,71.42857142857143,1,211.42857142857142,28.57142857142857,71.42857142857143,4.571428571428571,4.285714285714286,5.0,10.828571428571427,12.0,270,54.0,0,2,5,,,,
source_distance_band,REAR_HIGH_LAST3F80,>=2201,4,0,0.0,400,0,0.0,0,0.0,0.0,50.0,5.75,7.75,9.0,26.925,29.2,0,,0,0,2,,,,
previous_declared_class_group,REAR_HIGH_LAST3F80,CLASS_1,20,8,40.0,2000,3310,165.5,3,103.5,40.0,60.0,4.95,6.65,6.0,30.0,17.85,1390,41.99395770392749,1,6,8,,,,
previous_declared_class_group,REAR_HIGH_LAST3F80,CLASS_2,13,3,23.076923076923077,1300,570,43.84615384615385,1,40.76923076923077,30.76923076923077,46.15384615384615,6.076923076923077,7.076923076923077,7.0,49.63846153846154,20.6,230,40.35087719298246,0,3,8,,,,
previous_declared_class_group,REAR_HIGH_LAST3F80,CLASS_3,11,3,27.272727272727273,1100,830,75.45454545454545,0,0.0,27.27272727272727,45.45454545454545,6.2727272727272725,5.7272727272727275,5.0,20.363636363636363,9.7,520,62.65060240963855,0,2,5,,,,
previous_declared_class_group,REAR_HIGH_LAST3F80,G1,1,0,0.0,100,0,0.0,0,0.0,0.0,0.0,7.0,1.0,1.0,3.6,3.6,0,,0,0,1,,,,
previous_declared_class_group,REAR_HIGH_LAST3F80,MAIDEN,6,4,66.66666666666667,600,520,86.66666666666667,1,40.0,66.66666666666666,83.33333333333334,4.166666666666667,4.666666666666667,2.0,15.516666666666667,4.9,170,32.69230769230769,0,4,5,,,,
previous_declared_class_group,REAR_HIGH_LAST3F80,NEWCOMER,12,5,41.666666666666664,1200,1410,117.5,2,86.66666666666667,41.66666666666667,66.66666666666666,5.166666666666667,5.583333333333333,4.5,30.15833333333333,10.1,530,37.5886524822695,0,5,8,,,,
previous_declared_class_group,REAR_HIGH_LAST3F80,OPEN,4,0,0.0,400,0,0.0,0,0.0,0.0,25.0,7.25,7.75,9.0,17.75,21.35,0,,0,0,3,,,,
signal,REAR_HIGH_LAST3F90,ALL,43,20,46.51162790697674,4300,5800,134.88372093023256,6,80.46511627906976,48.837209302325576,62.7906976744186,4.813953488372093,5.441860465116279,5.0,23.679069767441863,13.4,1390,23.96551724137931,1,10,10,,,,
odds_band,REAR_HIGH_LAST3F90,<5,8,7,87.5,800,930,116.25,3,103.75,87.5,87.5,2.875,1.5,1.5,3.225,3.35,160,17.204301075268816,0,3,4,59.72222222222222,85.69444444444444,27.77777777777778,30.555555555555557
odds_band,REAR_HIGH_LAST3F90,5-9.9,11,5,45.45454545454545,1100,890,80.9090909090909,2,104.54545454545455,45.45454545454545,72.72727272727273,4.363636363636363,3.3636363636363638,3.0,7.2,6.8,200,22.471910112359552,0,4,7,34.174311926605505,78.27981651376147,11.280233527939949,2.629274395329432
odds_band,REAR_HIGH_LAST3F90,10-29.9,14,6,42.857142857142854,1400,1950,139.28571428571428,1,105.71428571428571,50.0,64.28571428571429,4.357142857142857,6.214285714285714,6.0,16.642857142857146,16.1,520,26.666666666666668,0,5,6,21.603260869565215,90.05434782608695,21.25388198757764,49.231366459627324
odds_band,REAR_HIGH_LAST3F90,30-99.9,8,1,12.5,800,640,80.0,0,0.0,12.5,25.0,8.0,9.125,8.5,44.5625,44.7,640,100.0,0,1,6,6.924315619967794,60.01610305958132,5.575684380032206,19.98389694041868
odds_band,REAR_HIGH_LAST3F90,>=100,2,1,50.0,200,1390,695.0,0,0.0,50.0,50.0,5.5,12.5,12.5,161.85,161.85,1390,100.0,1,1,2,2.2883295194508007,73.38672768878719,47.7116704805492,621.6132723112128
popularity_band,REAR_HIGH_LAST3F90,1-3,15,11,73.33333333333333,1500,1630,108.66666666666667,4,96.66666666666667,73.33333333333333,80.0,3.2666666666666666,2.1333333333333333,2.0,4.906666666666667,4.6,200,12.269938650306749,0,6,7,,,,
popularity_band,REAR_HIGH_LAST3F90,4-6,14,6,42.857142857142854,1400,1620,115.71428571428571,2,143.57142857142858,50.0,85.71428571428571,4.142857142857143,5.071428571428571,5.0,14.971428571428573,14.8,360,22.22222222222222,0,5,7,,,,
popularity_band,REAR_HIGH_LAST3F90,7-9,8,1,12.5,800,520,65.0,0,0.0,12.5,12.5,6.75,7.625,7.5,29.025000000000002,26.0,520,100.0,0,1,5,,,,
popularity_band,REAR_HIGH_LAST3F90,10+,6,2,33.333333333333336,600,2030,338.3333333333333,0,0.0,33.33333333333333,33.33333333333333,7.666666666666667,11.666666666666666,12.0,83.8,57.8,1390,68.47290640394088,1,2,5,,,,
target_date,REAR_HIGH_LAST3F90,2026-09-05,6,3,50.0,600,1880,313.3333333333333,0,0.0,50.0,66.66666666666666,5.0,6.166666666666667,5.0,36.06666666666667,16.1,1390,73.93617021276596,1,1,1,,,,
target_date,REAR_HIGH_LAST3F90,2026-09-06,5,1,20.0,500,110,22.0,1,48.0,40.0,80.0,3.8,3.8,4.0,10.3,8.9,110,100.0,0,1,1,,,,
target_date,REAR_HIGH_LAST3F90,2026-09-12,4,3,75.0,400,620,155.0,1,155.0,75.0,75.0,3.75,3.25,3.0,9.25,6.5,250,40.32258064516129,0,1,1,,,,
target_date,REAR_HIGH_LAST3F90,2026-09-13,4,2,50.0,400,550,137.5,0,0.0,50.0,75.0,5.0,6.25,5.0,20.4,15.649999999999999,320,58.18181818181818,0,1,1,,,,
target_date,REAR_HIGH_LAST3F90,2026-09-19,3,1,33.333333333333336,300,200,66.66666666666667,0,0.0,33.33333333333333,33.33333333333333,5.333333333333333,4.333333333333333,3.0,15.233333333333334,8.6,200,100.0,0,1,1,,,,
target_date,REAR_HIGH_LAST3F90,2026-09-20,3,1,33.333333333333336,300,270,90.0,1,493.3333333333333,33.33333333333333,33.33333333333333,5.0,7.0,7.0,13.766666666666666,14.8,270,100.0,0,1,1,,,,
target_date,REAR_HIGH_LAST3F90,2026-09-21,3,2,66.66666666666667,300,270,90.0,1,140.0,66.66666666666666,66.66666666666666,5.666666666666667,5.0,2.0,20.8,4.2,160,59.25925925925926,0,1,1,,,,
target_date,REAR_HIGH_LAST3F90,2026-09-22,1,1,100.0,100,190,190.0,1,530.0,100.0,100.0,1.0,4.0,4.0,5.3,5.3,190,100.0,0,1,1,,,,
target_date,REAR_HIGH_LAST3F90,2026-09-26,11,5,45.45454545454545,1100,1070,97.27272727272727,1,15.454545454545455,45.45454545454545,63.63636363636363,5.090909090909091,5.454545454545454,6.0,29.86363636363637,14.8,520,48.598130841121495,0,1,1,,,,
target_date,REAR_HIGH_LAST3F90,2026-09-27,3,1,33.333333333333336,300,640,213.33333333333334,0,0.0,33.33333333333333,33.33333333333333,6.0,9.0,8.0,49.5,46.4,640,100.0,0,1,1,,,,
source_finish_band,REAR_HIGH_LAST3F90,1-3,17,12,70.58823529411765,1700,2320,136.47058823529412,4,106.47058823529412,70.58823529411765,70.58823529411765,3.588235294117647,3.7058823529411766,3.0,9.429411764705883,6.2,520,22.413793103448278,0,7,7,,,,
source_finish_band,REAR_HIGH_LAST3F90,4-5,12,4,33.333333333333336,1200,970,80.83333333333333,2,137.5,41.66666666666667,66.66666666666666,4.666666666666667,5.166666666666667,5.0,20.725,14.100000000000001,360,37.11340206185567,0,4,7,,,,
source_finish_band,REAR_HIGH_LAST3F90,6-9,11,3,27.272727272727273,1100,2190,199.0909090909091,0,0.0,27.27272727272727,54.54545454545454,5.909090909090909,7.181818181818182,7.0,30.427272727272733,14.8,1390,63.470319634703195,1,3,7,,,,
source_finish_band,REAR_HIGH_LAST3F90,10+,3,1,33.333333333333336,300,320,106.66666666666667,0,0.0,33.33333333333333,33.33333333333333,8.333333333333334,10.0,12.0,91.5,56.5,320,100.0,0,1,3,,,,
previous_surface_code,REAR_HIGH_LAST3F90,1,34,17,50.0,3400,3250,95.58823529411765,6,101.76470588235294,52.94117647058824,67.64705882352942,4.5588235294117645,4.647058823529412,4.0,15.317647058823528,9.3,360,11.076923076923077,0,9,10,,,,
previous_surface_code,REAR_HIGH_LAST3F90,2,9,3,33.333333333333336,900,2550,283.3333333333333,0,0.0,33.33333333333333,44.44444444444444,5.777777777777778,8.444444444444445,8.0,55.266666666666666,21.8,1390,54.509803921568626,1,3,6,,,,
source_distance_band,REAR_HIGH_LAST3F90,<=1400,12,6,50.0,1200,2190,182.5,1,20.0,50.0,58.333333333333336,5.833333333333333,6.083333333333333,5.5,29.649999999999995,16.35,1390,63.470319634703195,1,5,6,,,,
source_distance_band,REAR_HIGH_LAST3F90,1401-1800,24,12,50.0,2400,3110,129.58333333333334,4,72.5,54.166666666666664,70.83333333333334,4.208333333333333,5.25,4.5,22.97083333333333,11.45,640,20.578778135048232,0,7,10,,,,
source_distance_band,REAR_HIGH_LAST3F90,1801-2200,5,2,40.0,500,500,100.0,1,296.0,40.0,60.0,4.6,4.8,5.0,12.36,13.4,270,54.0,0,2,4,,,,
source_distance_band,REAR_HIGH_LAST3F90,>=2201,2,0,0.0,200,0,0.0,0,0.0,0.0,0.0,6.5,5.5,5.5,24.65,24.65,0,,0,0,2,,,,
previous_declared_class_group,REAR_HIGH_LAST3F90,CLASS_1,15,7,46.666666666666664,1500,3150,210.0,2,110.0,46.666666666666664,66.66666666666666,4.866666666666666,6.2,6.0,26.613333333333337,14.8,1390,44.12698412698413,1,5,7,,,,
previous_declared_class_group,REAR_HIGH_LAST3F90,CLASS_2,9,3,33.333333333333336,900,570,63.333333333333336,1,58.888888888888886,44.44444444444444,55.55555555555556,4.666666666666667,6.333333333333333,6.0,39.144444444444446,19.1,230,40.35087719298246,0,3,6,,,,
previous_declared_class_group,REAR_HIGH_LAST3F90,CLASS_3,6,2,33.333333333333336,600,680,113.33333333333333,0,0.0,33.33333333333333,50.0,6.666666666666667,4.5,4.0,14.949999999999998,9.149999999999999,520,76.47058823529412,0,1,4,,,,
previous_declared_class_group,REAR_HIGH_LAST3F90,MAIDEN,5,4,80.0,500,520,104.0,1,48.0,80.0,80.0,4.0,3.6,1.0,11.120000000000001,3.0,170,32.69230769230769,0,4,5,,,,
previous_declared_class_group,REAR_HIGH_LAST3F90,NEWCOMER,6,4,66.66666666666667,600,880,146.66666666666666,2,173.33333333333334,66.66666666666666,83.33333333333334,3.1666666666666665,4.333333333333333,3.5,15.549999999999999,8.75,320,36.36363636363637,0,4,6,,,,
previous_declared_class_group,REAR_HIGH_LAST3F90,OPEN,2,0,0.0,200,0,0.0,0,0.0,0.0,0.0,6.5,6.5,6.5,14.05,14.05,0,,0,0,2,,,,
signal,REAR_HIGH_LAST3F90_CLOSING_GAIN,ALL,0,0,,0,0,,0,,,,,,,,,0,,0,0,0,,,,
signal,FROZEN_PERF_Q80,ALL,567,199,35.09700176366843,56700,50110,88.37742504409171,76,102.38095238095238,35.626102292768955,52.910052910052904,6.150976909413854,5.386243386243386,4.0,22.486243386243387,9.1,1810,3.6120534823388546,5,10,10,,,,
odds_band,FROZEN_PERF_Q80,<5,162,102,62.96296296296296,16200,14620,90.24691358024691,46,73.08641975308642,63.580246913580254,79.01234567901234,3.9316770186335406,1.4753086419753085,1.0,3.106172839506173,3.0,270,1.8467852257181943,0,10,10,59.72222222222222,85.69444444444444,3.2407407407407405,4.552469135802468
odds_band,FROZEN_PERF_Q80,5-9.9,132,53,40.15151515151515,13200,12380,93.78787878787878,16,80.0,41.66666666666667,64.39393939393939,5.114503816793893,3.492424242424242,3.0,7.129545454545455,7.0,800,6.462035541195476,0,10,10,34.174311926605505,78.27981651376147,5.977203224909644,15.508062274117307
odds_band,FROZEN_PERF_Q80,10-29.9,169,36,21.301775147928993,16900,14900,88.16568047337279,11,119.58579881656804,21.301775147928996,40.828402366863905,7.023952095808383,6.792899408284024,6.0,17.085798816568047,16.6,1230,8.25503355704698,1,10,10,21.603260869565215,90.05434782608695,-0.30148572163622234,-1.8886673527141653
odds_band,FROZEN_PERF_Q80,30-99.9,81,7,8.641975308641975,8100,7150,88.27160493827161,3,190.6172839506173,8.641975308641975,18.51851851851852,9.481481481481481,10.901234567901234,11.0,50.71975308641976,46.6,1810,25.314685314685313,3,5,10,6.924315619967794,60.01610305958132,1.7176596886741802,28.25550187869029
odds_band,FROZEN_PERF_Q80,>=100,23,1,4.3478260869565215,2300,1060,46.08695652173913,0,0.0,4.3478260869565215,13.043478260869565,9.521739130434783,14.043478260869565,14.0,187.37391304347827,170.0,1060,100.0,1,1,8,2.2883295194508007,73.38672768878719,2.059496567505721,-27.299771167048057
popularity_band,FROZEN_PERF_Q80,1-3,236,135,57.20338983050848,23600,23160,98.13559322033899,59,87.92372881355932,58.47457627118644,75.42372881355932,4.268085106382979,1.8432203389830508,2.0,4.277966101694916,3.9,1230,5.310880829015544,1,10,10,,,,
popularity_band,FROZEN_PERF_Q80,4-6,143,40,27.972027972027973,14300,10580,73.98601398601399,8,58.88111888111888,27.972027972027973,53.14685314685315,5.950704225352113,4.986013986013986,5.0,11.226573426573427,10.6,420,3.9697542533081287,0,10,10,,,,
popularity_band,FROZEN_PERF_Q80,7-9,91,16,17.582417582417584,9100,8050,88.46153846153847,7,196.5934065934066,17.582417582417584,31.868131868131865,7.855555555555555,7.956043956043956,8.0,24.14285714285715,20.5,820,10.186335403726709,0,8,9,,,,
popularity_band,FROZEN_PERF_Q80,10+,97,8,8.24742268041237,9700,8320,85.77319587628865,2,113.29896907216495,8.24742268041237,17.525773195876287,9.458333333333334,12.185567010309278,12.0,81.8319587628866,56.5,1810,21.754807692307693,4,6,10,,,,
target_date,FROZEN_PERF_Q80,2026-09-05,82,36,43.90243902439025,8200,8940,109.02439024390245,14,161.58536585365854,45.1219512195122,69.51219512195121,5.219512195121951,4.048780487804878,3.0,16.260975609756095,7.0,1230,13.758389261744966,1,1,1,,,,
target_date,FROZEN_PERF_Q80,2026-09-06,99,38,38.38383838383838,9900,10020,101.21212121212122,11,108.48484848484848,38.38383838383838,51.515151515151516,6.040816326530612,5.414141414141414,5.0,23.809090909090912,10.6,960,9.580838323353293,0,1,1,,,,
target_date,FROZEN_PERF_Q80,2026-09-12,67,20,29.850746268656717,6700,5940,88.65671641791045,9,174.47761194029852,31.343283582089555,46.26865671641791,6.742424242424242,6.567164179104478,6.0,30.604477611940297,13.1,1310,22.053872053872055,1,1,1,,,,
target_date,FROZEN_PERF_Q80,2026-09-13,66,20,30.303030303030305,6600,4770,72.27272727272727,8,60.15151515151515,30.303030303030305,42.42424242424242,7.061538461538461,6.287878787878788,5.5,28.87272727272727,12.35,1060,22.22222222222222,1,1,1,,,,
target_date,FROZEN_PERF_Q80,2026-09-19,30,9,30.0,3000,1580,52.666666666666664,5,67.33333333333333,30.0,53.333333333333336,5.6,4.5,4.0,11.9,7.8,290,18.354430379746834,0,1,1,,,,
target_date,FROZEN_PERF_Q80,2026-09-20,49,16,32.6530612244898,4900,3820,77.95918367346938,8,139.79591836734693,32.6530612244898,46.93877551020408,6.448979591836735,5.3061224489795915,4.0,22.532653061224494,8.1,820,21.465968586387433,0,1,1,,,,
target_date,FROZEN_PERF_Q80,2026-09-21,43,13,30.232558139534884,4300,3930,91.3953488372093,4,47.2093023255814,30.23255813953488,53.48837209302325,6.4186046511627906,6.186046511627907,6.0,27.365116279069763,13.1,1060,26.97201017811705,1,1,1,,,,
target_date,FROZEN_PERF_Q80,2026-09-22,17,9,52.94117647058823,1700,1640,96.47058823529412,4,143.52941176470588,52.94117647058824,82.35294117647058,4.176470588235294,2.9411764705882355,2.0,11.223529411764705,4.3,400,24.390243902439025,0,1,1,,,,
target_date,FROZEN_PERF_Q80,2026-09-26,61,23,37.704918032786885,6100,4110,67.37704918032787,8,42.78688524590164,37.704918032786885,57.377049180327866,5.737704918032787,4.868852459016393,4.0,17.700000000000003,8.7,600,14.598540145985401,0,1,1,,,,
target_date,FROZEN_PERF_Q80,2026-09-27,53,15,28.30188679245283,5300,5360,101.13207547169812,5,46.22641509433962,30.18867924528302,41.509433962264154,6.884615384615385,6.09433962264151,5.0,22.543396226415098,12.2,1810,33.76865671641791,1,1,1,,,,
source_finish_band,FROZEN_PERF_Q80,1-3,350,145,41.42857142857143,35000,29170,83.34285714285714,55,75.11428571428571,42.285714285714285,60.285714285714285,5.551724137931035,3.9285714285714284,3.0,11.144285714285715,6.6,1060,3.633870414809736,1,10,10,,,,
source_finish_band,FROZEN_PERF_Q80,4-5,101,30,29.702970297029704,10100,8310,82.27722772277228,12,111.38613861386139,29.7029702970297,50.495049504950494,6.52,6.237623762376238,5.0,23.37326732673268,12.8,1060,12.755716004813477,1,8,10,,,,
source_finish_band,FROZEN_PERF_Q80,6-9,89,15,16.853932584269664,8900,5240,58.87640449438202,4,99.10112359550561,16.853932584269664,31.46067415730337,7.806818181818182,8.842696629213483,9.0,51.78651685393258,30.2,1310,25.0,1,6,10,,,,
source_finish_band,FROZEN_PERF_Q80,10+,27,9,33.333333333333336,2700,7390,273.7037037037037,5,432.962962962963,33.33333333333333,37.03703703703704,7.111111111111111,9.703703703703704,9.0,69.61111111111111,34.6,1810,24.49255751014885,2,5,8,,,,
previous_surface_code,FROZEN_PERF_Q80,1,383,124,32.37597911227154,38300,35310,92.19321148825065,47,117.59791122715404,33.15926892950392,49.34725848563969,6.494736842105263,5.932114882506528,5.0,27.04360313315927,11.5,1810,5.126026621353724,4,10,10,,,,
previous_surface_code,FROZEN_PERF_Q80,2,184,75,40.76086956521739,18400,14800,80.43478260869566,29,70.70652173913044,40.76086956521739,60.32608695652174,5.437158469945355,4.25,3.0,13.0,6.6,1060,7.162162162162162,1,10,10,,,,
source_distance_band,FROZEN_PERF_Q80,<=1400,194,70,36.08247422680412,19400,17670,91.08247422680412,22,78.4020618556701,36.08247422680412,50.51546391752577,6.27319587628866,5.628865979381444,5.0,24.727835051546396,8.9,1810,10.243350311262025,1,10,10,,,,
source_distance_band,FROZEN_PERF_Q80,1401-1800,248,93,37.5,24800,21720,87.58064516129032,37,98.2258064516129,38.306451612903224,57.66129032258065,5.636734693877551,4.991935483870968,4.0,18.251209677419357,8.8,1310,6.031307550644567,3,10,10,,,,
source_distance_band,FROZEN_PERF_Q80,1801-2200,104,29,27.884615384615383,10400,8470,81.4423076923077,14,159.80769230769232,28.846153846153843,46.15384615384615,7.242718446601942,5.634615384615385,5.0,27.859615384615388,11.15,960,11.334120425029516,0,9,10,,,,
source_distance_band,FROZEN_PERF_Q80,>=2201,21,7,33.333333333333336,2100,2250,107.14285714285714,3,88.57142857142857,33.33333333333333,52.38095238095239,5.666666666666667,6.571428571428571,6.0,25.18095238095238,13.7,1060,47.111111111111114,1,5,9,,,,
previous_declared_class_group,FROZEN_PERF_Q80,CLASS_1,194,67,34.5360824742268,19400,16410,84.58762886597938,28,108.55670103092784,34.5360824742268,56.18556701030928,5.83419689119171,5.046391752577319,4.0,20.15463917525773,8.649999999999999,1810,11.029859841560024,2,10,10,,,,
previous_declared_class_group,FROZEN_PERF_Q80,CLASS_2,64,19,29.6875,6400,4140,64.6875,6,55.78125,29.6875,45.3125,6.359375,5.4375,5.0,21.903125000000003,11.149999999999999,590,14.251207729468598,0,10,10,,,,
previous_declared_class_group,FROZEN_PERF_Q80,CLASS_3,34,11,32.35294117647059,3400,5260,154.7058823529412,5,250.58823529411765,35.294117647058826,52.94117647058824,5.970588235294118,5.882352941176471,5.5,22.835294117647063,12.2,1230,23.38403041825095,1,7,9,,,,
previous_declared_class_group,FROZEN_PERF_Q80,G1,5,1,20.0,500,260,52.0,0,0.0,20.0,20.0,8.8,7.2,7.0,21.16,24.1,260,100.0,0,1,3,,,,
previous_declared_class_group,FROZEN_PERF_Q80,G2,2,0,0.0,200,0,0.0,0,0.0,0.0,0.0,12.5,10.0,10.0,23.8,23.8,0,,0,0,2,,,,
previous_declared_class_group,FROZEN_PERF_Q80,G3,23,7,30.434782608695652,2300,2370,103.04347826086956,3,98.26086956521739,30.434782608695656,34.78260869565217,7.590909090909091,7.826086956521739,7.0,37.595652173913045,18.2,800,33.755274261603375,0,4,5,,,,
previous_declared_class_group,FROZEN_PERF_Q80,MAIDEN,185,62,33.513513513513516,18500,16210,87.62162162162163,19,90.75675675675676,34.054054054054056,47.02702702702703,6.748633879781421,5.762162162162162,5.0,25.80702702702703,10.2,1310,8.081431215299197,2,9,10,,,,
previous_declared_class_group,FROZEN_PERF_Q80,NEWCOMER,47,28,59.57446808510638,4700,4330,92.12765957446808,14,111.06382978723404,61.702127659574465,89.36170212765957,3.4680851063829787,2.6808510638297873,2.0,7.7531914893617015,3.8,450,10.392609699769054,0,9,10,,,,
previous_declared_class_group,FROZEN_PERF_Q80,OPEN,13,4,30.76923076923077,1300,1130,86.92307692307692,1,48.46153846153846,30.76923076923077,46.15384615384615,7.153846153846154,7.615384615384615,7.0,38.82307692307692,20.4,490,43.36283185840708,0,4,6,,,,
signal,FROZEN_PERF_Q90,ALL,283,102,36.042402826855124,28300,21580,76.25441696113074,40,96.7844522968198,36.74911660777385,53.003533568904594,6.180851063829787,4.858657243816254,4.0,18.333922261484098,7.9,1310,6.070435588507878,2,10,10,,,,
odds_band,FROZEN_PERF_Q90,<5,103,65,63.10679611650485,10300,9390,91.16504854368932,29,71.6504854368932,63.10679611650486,76.69902912621359,4.12621359223301,1.4951456310679612,1.0,3.143689320388349,3.0,270,2.8753993610223643,0,10,10,59.72222222222222,85.69444444444444,3.3845738942826316,5.470604099244881
odds_band,FROZEN_PERF_Q90,5-9.9,61,20,32.78688524590164,6100,4580,75.08196721311475,5,55.57377049180328,36.0655737704918,55.73770491803278,5.80327868852459,3.622950819672131,4.0,7.337704918032785,7.2,320,6.986899563318778,0,10,10,34.174311926605505,78.27981651376147,-1.387426680703868,-3.1978493006467232
odds_band,FROZEN_PERF_Q90,10-29.9,81,15,18.51851851851852,8100,5240,64.69135802469135,5,125.18518518518519,18.51851851851852,38.2716049382716,7.275,6.753086419753086,7.0,16.87777777777778,16.4,600,11.450381679389313,0,9,10,21.603260869565215,90.05434782608695,-3.084742351046696,-25.3629898013956
odds_band,FROZEN_PERF_Q90,30-99.9,28,1,3.5714285714285716,2800,1310,46.785714285714285,1,231.42857142857142,3.571428571428571,14.285714285714285,10.392857142857142,11.285714285714286,11.0,47.90714285714286,47.5,1310,100.0,1,1,8,6.924315619967794,60.01610305958132,-3.352887048539223,-13.230388773867034
odds_band,FROZEN_PERF_Q90,>=100,10,1,10.0,1000,1060,106.0,0,0.0,10.0,20.0,9.1,13.7,13.0,170.85999999999999,164.2,1060,100.0,1,1,5,2.2883295194508007,73.38672768878719,7.711670480549199,32.61327231121281
popularity_band,FROZEN_PERF_Q90,1-3,134,74,55.223880597014926,13400,11380,84.92537313432835,33,78.80597014925372,56.71641791044776,70.1492537313433,4.626865671641791,1.7761194029850746,2.0,4.037313432835821,3.6,320,2.81195079086116,0,10,10,,,,
popularity_band,FROZEN_PERF_Q90,4-6,69,20,28.985507246376812,6900,5030,72.89855072463769,3,46.08695652173913,28.985507246376812,52.17391304347826,6.173913043478261,4.898550724637682,5.0,11.01159420289855,10.4,400,7.952286282306163,0,10,10,,,,
popularity_band,FROZEN_PERF_Q90,7-9,41,6,14.634146341463415,4100,2800,68.29268292682927,3,174.8780487804878,14.634146341463413,34.146341463414636,8.146341463414634,7.804878048780488,8.0,21.260975609756095,18.3,600,21.428571428571427,0,4,9,,,,
popularity_band,FROZEN_PERF_Q90,10+,39,2,5.128205128205129,3900,2370,60.76923076923077,1,166.15384615384616,5.128205128205128,15.384615384615385,9.552631578947368,12.282051282051283,12.0,77.33333333333333,52.4,1310,55.27426160337553,2,2,8,,,,
target_date,FROZEN_PERF_Q90,2026-09-05,38,16,42.10526315789474,3800,3310,87.10526315789474,7,208.68421052631578,42.10526315789473,63.1578947368421,5.657894736842105,3.8157894736842106,2.5,10.792105263157893,7.05,510,15.407854984894259,0,1,1,,,,
target_date,FROZEN_PERF_Q90,2026-09-06,43,13,30.232558139534884,4300,2150,50.0,3,16.976744186046513,30.23255813953488,46.51162790697674,6.558139534883721,5.093023255813954,5.0,22.3,8.9,260,12.093023255813954,0,1,1,,,,
target_date,FROZEN_PERF_Q90,2026-09-12,38,10,26.31578947368421,3800,3140,82.63157894736842,4,192.6315789473684,28.947368421052634,44.73684210526316,6.5675675675675675,6.2894736842105265,5.0,28.094736842105267,12.0,1310,41.71974522292994,1,1,1,,,,
target_date,FROZEN_PERF_Q90,2026-09-13,34,9,26.470588235294116,3400,2030,59.705882352941174,5,94.70588235294117,26.47058823529412,38.23529411764706,7.352941176470588,6.705882352941177,6.0,26.141176470588235,15.7,530,26.108374384236452,0,1,1,,,,
target_date,FROZEN_PERF_Q90,2026-09-19,14,6,42.857142857142854,1400,1110,79.28571428571429,3,82.85714285714286,42.857142857142854,64.28571428571429,4.428571428571429,3.5,3.0,7.214285714285714,5.5,290,26.126126126126128,0,1,1,,,,
target_date,FROZEN_PERF_Q90,2026-09-20,30,10,33.333333333333336,3000,1660,55.333333333333336,5,46.666666666666664,33.33333333333333,53.333333333333336,6.1,4.1,3.0,16.040000000000003,6.3,300,18.072289156626507,0,1,1,,,,
target_date,FROZEN_PERF_Q90,2026-09-21,23,9,39.130434782608695,2300,3090,134.34782608695653,2,49.130434782608695,39.130434782608695,56.52173913043478,6.869565217391305,5.913043478260869,5.0,24.604347826086954,11.9,1060,34.3042071197411,1,1,1,,,,
target_date,FROZEN_PERF_Q90,2026-09-22,9,7,77.77777777777777,900,1340,148.88888888888889,3,242.22222222222223,77.77777777777779,100.0,2.3333333333333335,2.111111111111111,1.0,5.977777777777778,4.2,400,29.850746268656717,0,1,1,,,,
target_date,FROZEN_PERF_Q90,2026-09-26,29,15,51.724137931034484,2900,2610,90.0,6,68.27586206896552,51.724137931034484,62.06896551724138,5.379310344827586,3.2413793103448274,2.0,8.151724137931033,4.9,600,22.988505747126435,0,1,1,,,,
target_date,FROZEN_PERF_Q90,2026-09-27,25,7,28.0,2500,1140,45.6,2,13.6,32.0,44.0,6.92,4.92,4.0,16.992,9.7,250,21.92982456140351,0,1,1,,,,
source_finish_band,FROZEN_PERF_Q90,1-3,201,84,41.791044776119406,20100,15830,78.75621890547264,30,53.233830845771145,42.78606965174129,60.19900497512438,5.626865671641791,3.6318407960199006,3.0,9.596019900497511,6.0,1060,6.69614655716993,1,10,10,,,,
source_finish_band,FROZEN_PERF_Q90,4-5,41,11,26.829268292682926,4100,2440,59.51219512195122,6,110.2439024390244,26.82926829268293,41.46341463414634,6.85,5.780487804878049,5.0,18.21951219512195,13.1,350,14.344262295081966,0,6,10,,,,
source_finish_band,FROZEN_PERF_Q90,6-9,33,5,15.151515151515152,3300,2270,68.78787878787878,2,230.3030303030303,15.151515151515152,30.303030303030305,8.212121212121213,9.454545454545455,9.0,55.47272727272727,28.2,1310,57.709251101321584,1,4,9,,,,
source_finish_band,FROZEN_PERF_Q90,10+,8,2,25.0,800,1040,130.0,2,571.25,25.0,25.0,8.375,12.0,12.5,85.26249999999999,46.6,530,50.96153846153846,0,2,5,,,,
previous_surface_code,FROZEN_PERF_Q90,1,197,65,32.994923857868024,19700,15540,78.88324873096447,27,113.85786802030456,34.01015228426396,50.76142131979695,6.48469387755102,5.517766497461929,5.0,22.622842639593912,10.4,1310,8.42985842985843,2,10,10,,,,
previous_surface_code,FROZEN_PERF_Q90,2,86,37,43.02325581395349,8600,6040,70.23255813953489,13,57.674418604651166,43.02325581395349,58.139534883720934,5.488372093023256,3.3488372093023258,2.0,8.509302325581395,4.85,400,6.622516556291391,0,9,10,,,,
source_distance_band,FROZEN_PERF_Q90,<=1400,88,36,40.90909090909091,8800,7180,81.5909090909091,11,65.9090909090909,40.909090909090914,55.68181818181818,5.7727272727272725,4.3522727272727275,4.0,13.263636363636362,7.1,510,7.103064066852368,0,9,10,,,,
source_distance_band,FROZEN_PERF_Q90,1401-1800,130,49,37.69230769230769,13000,9620,74.0,20,118.53846153846153,38.46153846153847,53.07692307692308,5.930232558139535,4.9,4.0,17.747692307692308,7.65,1310,13.617463617463617,1,9,10,,,,
source_distance_band,FROZEN_PERF_Q90,1801-2200,54,12,22.22222222222222,5400,2900,53.7037037037037,6,80.0,24.074074074074073,48.148148148148145,7.722222222222222,5.407407407407407,4.5,27.596296296296302,10.25,600,20.689655172413794,0,7,10,,,,
source_distance_band,FROZEN_PERF_Q90,>=2201,11,5,45.45454545454545,1100,1880,170.9090909090909,3,169.0909090909091,45.45454545454545,54.54545454545454,4.818181818181818,5.7272727272727275,4.0,20.354545454545452,8.0,1060,56.38297872340426,1,3,6,,,,
previous_declared_class_group,FROZEN_PERF_Q90,CLASS_1,98,35,35.714285714285715,9800,7770,79.28571428571429,19,133.87755102040816,35.714285714285715,53.06122448979592,6.1938775510204085,4.86734693877551,4.0,17.331632653061224,7.800000000000001,1060,13.642213642213642,1,10,10,,,,
previous_declared_class_group,FROZEN_PERF_Q90,CLASS_2,29,12,41.37931034482759,2900,2080,71.72413793103448,4,56.206896551724135,41.37931034482759,58.620689655172406,4.931034482758621,4.448275862068965,3.0,22.14137931034482,7.1,320,15.384615384615385,0,9,10,,,,
previous_declared_class_group,FROZEN_PERF_Q90,CLASS_3,13,3,23.076923076923077,1300,640,49.23076923076923,1,61.53846153846154,23.076923076923077,46.15384615384615,6.461538461538462,4.846153846153846,4.0,15.430769230769233,8.0,300,46.875,0,3,8,,,,
previous_declared_class_group,FROZEN_PERF_Q90,G1,4,1,25.0,400,260,65.0,0,0.0,25.0,25.0,8.5,8.25,7.5,24.775000000000002,25.8,260,100.0,0,1,3,,,,
previous_declared_class_group,FROZEN_PERF_Q90,G2,1,0,0.0,100,0,0.0,0,0.0,0.0,0.0,13.0,13.0,13.0,24.3,24.3,0,,0,0,1,,,,
previous_declared_class_group,FROZEN_PERF_Q90,G3,9,2,22.22222222222222,900,330,36.666666666666664,1,31.11111111111111,22.22222222222222,22.22222222222222,8.0,7.0,6.0,19.366666666666664,18.2,200,60.60606060606061,0,2,4,,,,
previous_declared_class_group,FROZEN_PERF_Q90,MAIDEN,94,30,31.914893617021278,9400,7750,82.44680851063829,6,89.36170212765957,32.97872340425532,46.808510638297875,6.914893617021277,5.170212765957447,4.0,21.81914893617022,8.65,1310,16.903225806451612,1,7,9,,,,
previous_declared_class_group,FROZEN_PERF_Q90,NEWCOMER,29,18,62.06896551724138,2900,2480,85.51724137931035,9,108.96551724137932,65.51724137931035,89.65517241379311,3.3793103448275863,2.3793103448275863,2.0,5.258620689655172,3.7,270,10.887096774193548,0,8,9,,,,
previous_declared_class_group,FROZEN_PERF_Q90,OPEN,6,1,16.666666666666668,600,270,45.0,0,0.0,16.666666666666664,33.33333333333333,8.333333333333334,7.0,6.5,24.349999999999998,14.399999999999999,270,100.0,0,1,3,,,,
signal,FROZEN_FINISH_GE6_Q80,ALL,116,24,20.689655172413794,11600,12630,108.87931034482759,9,176.81034482758622,20.689655172413794,32.758620689655174,7.643478260869565,9.043103448275861,9.0,55.9353448275862,30.75,1810,14.330958036421219,3,7,10,,,,
odds_band,FROZEN_FINISH_GE6_Q80,<5,4,1,25.0,400,180,45.0,0,0.0,25.0,75.0,3.3333333333333335,1.75,2.0,3.725,3.8,180,100.0,0,1,4,59.72222222222222,85.69444444444444,-34.72222222222222,-40.69444444444444
odds_band,FROZEN_FINISH_GE6_Q80,5-9.9,13,8,61.53846153846154,1300,2540,195.3846153846154,3,147.69230769230768,61.53846153846154,69.23076923076923,4.076923076923077,3.230769230769231,3.0,6.984615384615386,6.9,800,31.496062992125985,0,5,6,34.174311926605505,78.27981651376147,27.364149611856035,117.10479887085391
odds_band,FROZEN_FINISH_GE6_Q80,10-29.9,39,11,28.205128205128204,3900,5370,137.69230769230768,4,194.87179487179486,28.205128205128204,48.717948717948715,6.051282051282051,7.0,7.0,18.2948717948718,18.2,1230,22.905027932960895,1,7,9,21.603260869565215,90.05434782608695,6.601867335562989,47.637959866220726
odds_band,FROZEN_FINISH_GE6_Q80,30-99.9,43,4,9.30232558139535,4300,4540,105.5813953488372,2,255.58139534883722,9.30232558139535,16.27906976744186,9.232558139534884,11.186046511627907,11.0,55.09069767441861,49.3,1810,39.86784140969163,2,3,10,6.924315619967794,60.01610305958132,2.378009961427555,45.565292289255886
odds_band,FROZEN_FINISH_GE6_Q80,>=100,17,0,0.0,1700,0,0.0,0,0.0,0.0,0.0,10.764705882352942,14.470588235294118,14.0,194.14117647058825,172.3,0,,0,0,8,2.2883295194508007,73.38672768878719,-2.2883295194508007,-73.38672768878719
popularity_band,FROZEN_FINISH_GE6_Q80,1-3,13,8,61.53846153846154,1300,3290,253.07692307692307,4,233.84615384615384,61.53846153846154,84.61538461538461,2.6666666666666665,2.230769230769231,2.0,6.384615384615386,6.2,1230,37.38601823708207,1,4,5,,,,
popularity_band,FROZEN_FINISH_GE6_Q80,4-6,19,6,31.57894736842105,1900,1800,94.73684210526316,0,0.0,31.57894736842105,52.63157894736842,5.842105263157895,5.052631578947368,5.0,12.210526315789473,11.7,420,23.333333333333332,0,4,9,,,,
popularity_band,FROZEN_FINISH_GE6_Q80,7-9,34,7,20.58823529411765,3400,3460,101.76470588235294,3,190.58823529411765,20.588235294117645,35.294117647058826,7.235294117647059,8.176470588235293,8.0,26.855882352941176,24.950000000000003,600,17.341040462427745,0,6,9,,,,
popularity_band,FROZEN_FINISH_GE6_Q80,10+,50,3,6.0,5000,4080,81.6,2,219.8,6.0,10.0,9.8,12.92,13.0,105.208,79.30000000000001,1810,44.36274509803921,2,3,10,,,,
target_date,FROZEN_FINISH_GE6_Q80,2026-09-05,14,5,35.714285714285715,1400,2890,206.42857142857142,3,330.7142857142857,35.714285714285715,57.14285714285714,6.142857142857143,7.0,8.0,57.53571428571429,27.8,1230,42.56055363321799,1,1,1,,,,
target_date,FROZEN_FINISH_GE6_Q80,2026-09-06,17,6,35.294117647058826,1700,2640,155.2941176470588,2,300.5882352941176,35.294117647058826,35.294117647058826,7.3125,8.058823529411764,9.0,50.16470588235294,32.3,960,36.36363636363637,0,1,1,,,,
target_date,FROZEN_FINISH_GE6_Q80,2026-09-12,18,6,33.333333333333336,1800,3140,174.44444444444446,2,466.1111111111111,33.33333333333333,33.33333333333333,8.222222222222221,10.277777777777779,10.0,71.68333333333334,37.55,1310,41.71974522292994,1,1,1,,,,
target_date,FROZEN_FINISH_GE6_Q80,2026-09-13,16,2,12.5,1600,810,50.625,1,110.0,12.5,18.75,9.125,9.4375,8.5,57.26875,23.8,530,65.4320987654321,0,1,1,,,,
target_date,FROZEN_FINISH_GE6_Q80,2026-09-19,4,1,25.0,400,290,72.5,0,0.0,25.0,50.0,6.0,8.25,8.5,29.775,24.2,290,100.0,0,1,1,,,,
target_date,FROZEN_FINISH_GE6_Q80,2026-09-20,12,0,0.0,1200,0,0.0,0,0.0,0.0,16.666666666666664,8.416666666666666,9.416666666666666,9.5,57.800000000000004,32.45,0,,0,0,1,,,,
target_date,FROZEN_FINISH_GE6_Q80,2026-09-21,13,2,15.384615384615385,1300,560,43.07692307692308,1,47.69230769230769,15.384615384615385,46.15384615384615,6.3076923076923075,8.615384615384615,9.0,52.584615384615375,26.6,360,64.28571428571429,0,1,1,,,,
target_date,FROZEN_FINISH_GE6_Q80,2026-09-22,1,0,0.0,100,0,0.0,0,0.0,0.0,0.0,10.0,10.0,10.0,85.2,85.2,0,,0,0,1,,,,
target_date,FROZEN_FINISH_GE6_Q80,2026-09-26,6,0,0.0,600,0,0.0,0,0.0,0.0,50.0,6.833333333333333,8.666666666666666,8.0,49.53333333333333,27.75,0,,0,0,1,,,,
target_date,FROZEN_FINISH_GE6_Q80,2026-09-27,15,2,13.333333333333334,1500,2300,153.33333333333334,0,0.0,13.333333333333334,13.333333333333334,8.266666666666667,10.533333333333333,11.0,49.66,36.7,1810,78.69565217391305,1,1,1,,,,
source_finish_band,FROZEN_FINISH_GE6_Q80,6-9,89,15,16.853932584269664,8900,5240,58.87640449438202,4,99.10112359550561,16.853932584269664,31.46067415730337,7.806818181818182,8.842696629213483,9.0,51.78651685393258,30.2,1310,25.0,1,6,10,,,,
source_finish_band,FROZEN_FINISH_GE6_Q80,10+,27,9,33.333333333333336,2700,7390,273.7037037037037,5,432.962962962963,33.33333333333333,37.03703703703704,7.111111111111111,9.703703703703704,9.0,69.61111111111111,34.6,1810,24.49255751014885,2,5,8,,,,
previous_surface_code,FROZEN_FINISH_GE6_Q80,1,101,23,22.77227722772277,10100,12270,121.48514851485149,9,203.06930693069307,22.772277227722775,29.7029702970297,7.9,9.217821782178218,9.0,58.56435643564355,32.3,1810,14.751426242868785,3,7,10,,,,
previous_surface_code,FROZEN_FINISH_GE6_Q80,2,15,1,6.666666666666667,1500,360,24.0,0,0.0,6.666666666666667,53.333333333333336,5.933333333333334,7.866666666666666,8.0,38.233333333333334,26.6,360,100.0,0,1,7,,,,
source_distance_band,FROZEN_FINISH_GE6_Q80,<=1400,31,6,19.35483870967742,3100,3480,112.25806451612904,2,110.64516129032258,19.35483870967742,41.935483870967744,7.193548387096774,9.806451612903226,10.0,71.97419354838709,53.4,1810,52.01149425287356,1,5,8,,,,
source_distance_band,FROZEN_FINISH_GE6_Q80,1401-1800,52,10,19.23076923076923,5200,5940,114.23076923076923,5,230.19230769230768,19.230769230769234,28.846153846153843,8.038461538461538,8.942307692307692,9.0,46.47692307692308,24.950000000000003,1310,22.053872053872055,2,5,9,,,,
source_distance_band,FROZEN_FINISH_GE6_Q80,1801-2200,24,6,25.0,2400,2840,118.33333333333333,2,212.91666666666666,25.0,25.0,7.695652173913044,8.791666666666666,8.5,65.31666666666666,24.2,960,33.80281690140845,0,3,7,,,,
source_distance_band,FROZEN_FINISH_GE6_Q80,>=2201,9,2,22.22222222222222,900,370,41.111111111111114,0,0.0,22.22222222222222,44.44444444444444,6.777777777777778,7.666666666666667,8.0,30.32222222222222,24.3,190,51.351351351351354,0,2,7,,,,
previous_declared_class_group,FROZEN_FINISH_GE6_Q80,CLASS_1,40,7,17.5,4000,4740,118.5,3,227.0,17.5,42.5,6.975,8.725,8.0,45.33,22.1,1810,38.18565400843882,1,6,9,,,,
previous_declared_class_group,FROZEN_FINISH_GE6_Q80,CLASS_2,12,1,8.333333333333334,1200,170,14.166666666666666,0,0.0,8.333333333333332,8.333333333333332,7.916666666666667,9.0,9.5,62.26666666666667,50.1,170,100.0,0,1,8,,,,
previous_declared_class_group,FROZEN_FINISH_GE6_Q80,CLASS_3,13,5,38.46153846153846,1300,3400,261.53846153846155,2,200.76923076923077,38.46153846153847,53.84615384615385,5.538461538461538,8.153846153846153,9.0,39.09230769230769,30.3,1230,36.1764705882353,1,3,7,,,,
previous_declared_class_group,FROZEN_FINISH_GE6_Q80,G1,3,1,33.333333333333336,300,260,86.66666666666667,0,0.0,33.33333333333333,33.33333333333333,6.0,8.666666666666666,8.0,25.0,27.5,260,100.0,0,1,3,,,,
previous_declared_class_group,FROZEN_FINISH_GE6_Q80,G2,1,0,0.0,100,0,0.0,0,0.0,0.0,0.0,13.0,13.0,13.0,24.3,24.3,0,,0,0,1,,,,
previous_declared_class_group,FROZEN_FINISH_GE6_Q80,G3,5,1,20.0,500,510,102.0,0,0.0,20.0,20.0,9.8,10.6,9.0,60.52,31.2,510,100.0,0,1,3,,,,
previous_declared_class_group,FROZEN_FINISH_GE6_Q80,MAIDEN,33,5,15.151515151515152,3300,2500,75.75757575757575,2,214.54545454545453,15.151515151515152,21.21212121212121,8.9375,9.848484848484848,11.0,82.20606060606062,48.7,1310,52.4,1,3,8,,,,
previous_declared_class_group,FROZEN_FINISH_GE6_Q80,NEWCOMER,3,2,66.66666666666667,300,370,123.33333333333333,2,580.0,66.66666666666666,66.66666666666666,3.0,3.3333333333333335,2.0,11.866666666666665,11.2,200,54.054054054054056,0,2,3,,,,
previous_declared_class_group,FROZEN_FINISH_GE6_Q80,OPEN,6,2,33.333333333333336,600,680,113.33333333333333,0,0.0,33.33333333333333,33.33333333333333,9.666666666666666,9.833333333333334,9.0,44.93333333333333,25.95,490,72.05882352941177,0,2,3,,,,
time_quantile_odds_band,bottom50,<5,69,38,55.072463768115945,6900,5480,79.42028985507247,18,75.5072463768116,57.971014492753625,81.15942028985508,3.782608695652174,1.565217391304348,1.0,3.38695652173913,3.5,240,4.37956204379562,0,10,10,,,,
time_quantile_odds_band,bottom50,5-9.9,142,44,30.985915492957748,14200,10250,72.1830985915493,14,68.16901408450704,33.098591549295776,50.70422535211267,5.816901408450704,3.563380281690141,3.5,7.521830985915494,7.65,1030,10.048780487804878,1,9,10,,,,
time_quantile_odds_band,bottom50,10-29.9,338,72,21.301775147928993,33800,29620,87.63313609467455,18,89.73372781065089,21.301775147928996,40.828402366863905,7.002976190476191,6.772189349112426,7.0,18.84940828402367,18.25,1020,3.4436191762322754,2,10,10,,,,
time_quantile_odds_band,bottom50,30-99.9,390,25,6.410256410256411,39000,20790,53.30769230769231,8,93.51282051282051,6.666666666666667,17.435897435897434,9.035897435897436,10.307692307692308,10.0,56.92051282051282,52.849999999999994,1640,7.8884078884078885,8,9,10,,,,
time_quantile_odds_band,bottom50,>=100,356,7,1.9662921348314606,35600,20180,56.68539325842696,1,69.91573033707866,1.9662921348314606,7.584269662921349,10.583098591549296,12.94943820224719,13.0,212.54775280898878,185.8,4820,23.885034687809714,7,6,10,,,,
time_quantile_popularity_band,bottom50,1-3,143,66,46.15384615384615,14300,11550,80.76923076923077,27,80.41958041958041,49.65034965034965,72.02797202797203,4.335664335664336,2.195804195804196,2.0,5.2622377622377625,5.2,580,5.021645021645021,0,10,10,,,,
time_quantile_popularity_band,bottom50,4-6,251,57,22.709163346613547,25100,18040,71.87250996015936,15,69.88047808764941,23.107569721115535,40.63745019920319,6.717131474103586,5.099601593625498,5.0,16.56374501992032,12.9,1030,5.709534368070954,2,10,10,,,,
time_quantile_popularity_band,bottom50,7-9,308,42,13.636363636363637,30800,26180,85.0,11,98.73376623376623,13.636363636363635,31.16883116883117,7.4267100977198695,8.019480519480519,8.0,46.08311688311689,30.1,3110,11.87929717341482,4,10,10,,,,
time_quantile_popularity_band,bottom50,10+,593,21,3.5413153456998314,59300,30550,51.5177065767285,6,79.47723440134908,3.541315345699832,10.118043844856661,10.380710659898478,12.595278246205734,12.0,145.7593591905565,111.9,4820,15.777414075286416,12,10,10,,,,
time_quantile_odds_band,50-70,<5,79,46,58.22784810126582,7900,6430,81.39240506329114,21,83.79746835443038,59.49367088607595,77.21518987341773,3.9873417721518987,1.6708860759493671,2.0,3.289873417721519,3.4,220,3.421461897356143,0,10,10,,,,
time_quantile_odds_band,50-70,5-9.9,110,35,31.818181818181817,11000,8090,73.54545454545455,12,72.9090909090909,32.72727272727273,55.45454545454545,5.827272727272727,3.6545454545454548,4.0,7.299999999999999,7.0,580,7.169344870210136,0,10,10,,,,
time_quantile_odds_band,50-70,10-29.9,165,35,21.21212121212121,16500,14920,90.42424242424242,7,76.36363636363636,21.21212121212121,37.57575757575757,7.0606060606060606,6.654545454545454,7.0,17.69333333333333,16.6,1440,9.651474530831099,1,10,10,,,,
time_quantile_odds_band,50-70,30-99.9,117,9,7.6923076923076925,11700,7360,62.9059829059829,1,64.35897435897436,7.6923076923076925,23.931623931623932,8.760683760683762,10.632478632478632,10.0,55.13675213675213,50.2,1240,16.847826086956523,3,8,10,,,,
time_quantile_odds_band,50-70,>=100,43,0,0.0,4300,0,0.0,0,0.0,0.0,4.651162790697675,10.785714285714286,13.418604651162791,14.0,166.73488372093024,150.9,0,,0,0,10,,,,
time_quantile_popularity_band,50-70,1-3,130,64,49.23076923076923,13000,10000,76.92307692307692,25,68.61538461538461,50.0,66.15384615384615,4.846153846153846,2.0846153846153848,2.0,4.562307692307693,4.2,580,5.8,0,10,10,,,,
time_quantile_popularity_band,50-70,4-6,139,35,25.179856115107913,13900,9810,70.57553956834532,10,55.827338129496404,25.899280575539567,49.64028776978417,6.179856115107913,4.856115107913669,5.0,12.283453237410072,10.7,530,5.402650356778797,0,10,10,,,,
time_quantile_popularity_band,50-70,7-9,117,20,17.094017094017094,11700,11770,100.5982905982906,4,113.07692307692308,17.094017094017094,29.914529914529915,7.401709401709402,7.923076923076923,8.0,32.42307692307692,24.5,1440,12.234494477485132,2,7,10,,,,
time_quantile_popularity_band,50-70,10+,128,6,4.6875,12800,5220,40.78125,2,37.96875,4.6875,18.75,9.795275590551181,12.34375,12.0,89.91328125,69.35,1240,23.754789272030653,2,5,10,,,,
time_quantile_odds_band,70-80,<5,59,33,55.932203389830505,5900,4910,83.22033898305085,11,55.932203389830505,55.932203389830505,74.57627118644068,4.084745762711864,1.5254237288135593,1.0,3.3355932203389833,3.5,230,4.684317718940937,0,10,10,,,,
time_quantile_odds_band,70-80,5-9.9,61,20,32.78688524590164,6100,4060,66.55737704918033,8,83.11475409836065,32.78688524590164,55.73770491803278,6.213114754098361,3.4918032786885247,3.0,7.103278688524591,6.8,310,7.635467980295567,0,8,9,,,,
time_quantile_odds_band,70-80,10-29.9,79,19,24.050632911392405,7900,8110,102.65822784810126,4,84.0506329113924,25.31645569620253,44.303797468354425,6.227848101265823,6.962025316455696,7.0,18.251898734177217,17.4,850,10.480887792848335,0,7,10,,,,
time_quantile_odds_band,70-80,30-99.9,45,3,6.666666666666667,4500,2930,65.11111111111111,1,100.22222222222223,6.666666666666667,22.22222222222222,8.8,10.488888888888889,10.0,48.90888888888889,45.9,1490,50.85324232081911,1,3,10,,,,
time_quantile_odds_band,70-80,>=100,18,2,11.11111111111111,1800,10830,601.6666666666666,1,1360.5555555555557,11.11111111111111,11.11111111111111,10.444444444444445,13.666666666666666,14.0,208.66666666666663,197.35000000000002,8740,80.70175438596492,2,2,7,,,,
time_quantile_popularity_band,70-80,1-3,93,46,49.46236559139785,9300,7240,77.84946236559139,16,65.91397849462365,49.46236559139785,67.74193548387096,4.763440860215054,1.946236559139785,2.0,4.605376344086022,4.1,240,3.314917127071823,0,10,10,,,,
time_quantile_popularity_band,70-80,4-6,62,18,29.032258064516128,6200,5630,90.80645161290323,5,72.25806451612904,30.64516129032258,56.451612903225815,5.983870967741935,4.983870967741935,5.0,12.64516129032258,10.4,500,8.880994671403197,0,7,10,,,,
time_quantile_popularity_band,70-80,7-9,49,9,18.367346938775512,4900,4690,95.71428571428571,2,89.79591836734694,18.367346938775512,34.69387755102041,6.918367346938775,7.795918367346939,8.0,25.006122448979593,19.1,850,18.12366737739872,0,7,9,,,,
time_quantile_popularity_band,70-80,10+,58,4,6.896551724137931,5800,13280,228.9655172413793,2,500.0,6.896551724137931,17.24137931034483,9.362068965517242,12.051724137931034,12.0,96.40172413793104,55.650000000000006,8740,65.8132530120482,3,3,10,,,,
time_quantile_odds_band,80-90,<5,56,36,64.28571428571429,5600,5050,90.17857142857143,17,79.28571428571429,66.07142857142857,83.92857142857143,3.5090909090909093,1.4642857142857142,1.0,3.0625,2.8499999999999996,220,4.356435643564357,0,10,10,,,,
time_quantile_odds_band,80-90,5-9.9,68,31,45.588235294117645,6800,7330,107.79411764705883,10,96.17647058823529,45.588235294117645,76.47058823529412,4.208955223880597,3.3676470588235294,3.0,6.976470588235294,6.75,800,10.914051841746248,0,9,10,,,,
time_quantile_odds_band,80-90,10-29.9,81,18,22.22222222222222,8100,8390,103.58024691358025,4,80.61728395061728,22.22222222222222,44.44444444444444,6.75,6.7407407407407405,6.0,17.119753086419752,16.8,1230,14.66030989272944,1,7,10,,,,
time_quantile_odds_band,80-90,30-99.9,44,6,13.636363636363637,4400,6190,140.6818181818182,2,248.4090909090909,13.636363636363635,18.181818181818183,9.204545454545455,10.909090909090908,11.0,53.16363636363637,46.95,1810,29.24071082390953,3,5,10,,,,
time_quantile_odds_band,80-90,>=100,11,0,0.0,1100,0,0.0,0,0.0,0.0,18.181818181818183,9.181818181818182,14.090909090909092,14.0,170.85454545454544,163.8,0,,0,0,7,,,,
time_quantile_popularity_band,80-90,1-3,97,59,60.824742268041234,9700,11440,117.9381443298969,25,98.35051546391753,61.855670103092784,86.5979381443299,3.53125,1.958762886597938,2.0,4.6567010309278345,4.3,1230,10.751748251748252,1,10,10,,,,
time_quantile_popularity_band,80-90,4-6,71,17,23.943661971830984,7100,4520,63.66197183098591,4,56.478873239436616,23.943661971830984,50.70422535211267,5.814285714285714,5.042253521126761,5.0,11.374647887323944,10.9,420,9.29203539823009,0,7,10,,,,
time_quantile_popularity_band,80-90,7-9,43,9,20.930232558139537,4300,4700,109.30232558139535,3,195.58139534883722,20.930232558139537,37.2093023255814,7.428571428571429,8.0,8.0,26.14651162790697,21.7,820,17.4468085106383,0,6,9,,,,
time_quantile_popularity_band,80-90,10+,49,6,12.244897959183673,4900,6300,128.57142857142858,1,132.24489795918367,12.244897959183673,18.367346938775512,9.448979591836734,12.244897959183673,12.0,78.93061224489796,60.2,1810,28.73015873015873,3,5,10,,,,
time_quantile_odds_band,top10,<5,97,62,63.91752577319588,9700,8980,92.57731958762886,28,74.12371134020619,63.91752577319587,77.31958762886599,4.061855670103093,1.4845360824742269,1.0,3.1175257731958768,3.0,270,3.0066815144766146,0,10,10,,,,
time_quantile_odds_band,top10,5-9.9,55,19,34.54545454545455,5500,4400,80.0,5,61.63636363636363,38.18181818181819,52.72727272727272,5.963636363636364,3.6545454545454548,4.0,7.394545454545454,7.3,320,7.2727272727272725,0,10,10,,,,
time_quantile_odds_band,top10,10-29.9,73,15,20.54794520547945,7300,5240,71.78082191780823,5,138.9041095890411,20.54794520547945,36.986301369863014,7.416666666666667,6.7534246575342465,7.0,16.89315068493151,15.7,600,11.450381679389313,0,9,10,,,,
time_quantile_odds_band,top10,30-99.9,25,0,0.0,2500,0,0.0,0,0.0,0.0,12.0,10.56,11.16,11.0,47.62,47.2,0,,0,0,8,,,,
time_quantile_odds_band,top10,>=100,9,1,11.11111111111111,900,1060,117.77777777777777,0,0.0,11.11111111111111,11.11111111111111,9.555555555555555,14.0,13.0,176.07777777777778,164.2,1060,100.0,1,1,5,,,,
time_quantile_popularity_band,top10,1-3,124,70,56.45161290322581,12400,10790,87.01612903225806,32,83.62903225806451,58.06451612903226,69.35483870967742,4.620967741935484,1.75,2.0,3.974193548387097,3.6,320,2.9657089898053752,0,10,10,,,,
time_quantile_popularity_band,top10,4-6,64,20,31.25,6400,5030,78.59375,3,49.6875,31.25,53.125,6.234375,4.875,5.0,10.9265625,10.4,400,7.952286282306163,0,10,10,,,,
time_quantile_popularity_band,top10,7-9,36,6,16.666666666666668,3600,2800,77.77777777777777,3,199.16666666666666,16.666666666666664,30.555555555555557,8.416666666666666,7.861111111111111,8.0,21.783333333333328,18.95,600,21.428571428571427,0,4,9,,,,
time_quantile_popularity_band,top10,10+,35,1,2.857142857142857,3500,1060,30.285714285714285,0,0.0,2.857142857142857,11.428571428571429,9.735294117647058,12.314285714285715,12.0,78.32,51.0,1060,100.0,1,1,8,,,,
