target_date,grade,target_race_key,target_race_horse_key,venue_code,race_no,horse_no,horse_id,horse_name,matched_rules,exact_combo,matched_rule_descriptions,previous_race_date,previous_race_key,previous_finish,performance_signal,previous_time_delta_per_1000m,last3f_speed_percentile,overall_position_gain,performance_vs_prior3,last3f_pct_vs_prior3,result_finish,final_win_odds,final_win_popularity,place_hit,place_payout_yen
2026-09-05,S,01262504,0126250410,01,4,10,23104027,ダンツアラーム,HV01|HV03|HV05|HV07|HV11,HV01+HV03+HV05+HV07+HV11,4着以下 + performance_signal 上位20% / 4着以下 + 上がり速度percentile 90以上 / 4着以下 + performance上位20% + 上がり80以上 / 4着以下 + 強い位置取り改善 + 上がり80以上 / 4着以下 + performance上位20% + 自身過去3走比改善,2026-08-30,01262403,5,-0.00588235294117948,0.00588235294117948,100.0,0.5384615384615384,1.030827886710236,51.58730158730159,5,19.5,8,0,0
2026-09-05,S,01262506,0126250607,01,6,7,23106148,ヒメヒオウギ,HV01|HV03|HV05|HV13,HV01+HV03+HV05+HV13,4着以下 + performance_signal 上位20% / 4着以下 + 上がり速度percentile 90以上 / 4着以下 + performance上位20% + 上がり80以上 / 4着以下 + performance上位10% + 上がり90以上,2026-08-29,01262306,4,0.21388888888889332,-0.21388888888889332,92.3076923076923,,0.2967236467236468,10.287490287490286,10,15.7,7,0,0
2026-09-05,S,01262506,0126250610,01,6,10,23105260,サトノリアファル,HV01|HV03|HV05|HV07,HV01+HV03+HV05+HV07,4着以下 + performance_signal 上位20% / 4着以下 + 上がり速度percentile 90以上 / 4着以下 + performance上位20% + 上がり80以上 / 4着以下 + 強い位置取り改善 + 上がり80以上,2026-08-22,01262104,4,-0.019230769230759392,0.019230769230759392,93.33333333333333,0.8,0.3191951566951606,9.841269841269835,2,15.5,6,1,370
2026-09-05,S,06264110,0626411004,06,10,4,21102755,ジョウゲンノツキ,HV01|HV02|HV05|HV06|HV11|HV12,HV01+HV02+HV05+HV06+HV11+HV12,4着以下 + performance_signal 上位20% / 6着以下 + performance_signal 上位20% / 4着以下 + performance上位20% + 上がり80以上 / 6着以下 + performance上位20% + 上がり80以上 / 4着以下 + performance上位20% + 自身過去3走比改善 / 6着以下 + performance上位20% + 自身過去3走比改善,2026-07-05,03262409,6,0.05555555555556424,-0.05555555555556424,80.0,,0.852843915343926,60.769230769230774,10,54.5,9,0,0
2026-09-05,S,09264108,0926410808,09,8,8,23103996,オモイヲノセテ,HV01|HV03|HV05|HV07|HV11|HV13,HV01+HV03+HV05+HV07+HV11+HV13,4着以下 + performance_signal 上位20% / 4着以下 + 上がり速度percentile 90以上 / 4着以下 + performance上位20% + 上がり80以上 / 4着以下 + 強い位置取り改善 + 上がり80以上 / 4着以下 + performance上位20% + 自身過去3走比改善 / 4着以下 + performance上位10% + 上がり90以上,2026-08-23,07263205,5,0.5250000000000057,-0.5250000000000057,90.0,0.6,0.9390211640211703,23.33333333333333,1,26.0,7,1,300
2026-09-05,A,01262501,0126250105,01,1,5,24105270,ロードリバイバル,HV03,HV03,4着以下 + 上がり速度percentile 90以上,2026-08-22,01262105,7,-0.3858974358974289,0.3858974358974289,92.3076923076923,0.23076923076923073,,,3,51.1,6,1,210
2026-09-05,A,01262501,0126250111,01,1,11,24106754,ロジアコース,HV01|HV02,HV01+HV02,4着以下 + performance_signal 上位20% / 6着以下 + performance_signal 上位20%,2026-07-19,02261c05,7,1.125000000000003,-1.125000000000003,30.76923076923077,-0.3846153846153847,,,1,11.2,2,1,170
2026-09-05,A,01262502,0126250206,01,2,6,24101510,ハミングリップス,HV03,HV03,4着以下 + 上がり速度percentile 90以上,2026-08-15,01261705,5,-1.5694444444444382,1.5694444444444382,90.9090909090909,,,,8,47.5,9,0,0
2026-09-05,A,01262502,0126250207,01,2,7,24106839,アワードリームス,HV03,HV03,4着以下 + 上がり速度percentile 90以上,2026-08-30,01262402,9,-0.2608974358974455,0.2608974358974455,100.0,,1.7418803418803392,90.9090909090909,5,9.4,5,0,0
2026-09-05,A,01262504,0126250413,01,4,13,23106605,フェイスリフト,HV03,HV03,4着以下 + 上がり速度percentile 90以上,2026-08-29,01262304,7,-1.3411764705882305,1.3411764705882305,90.9090909090909,,-1.3188138800670763,4.242424242424235,8,17.4,5,0,0
2026-09-05,A,01262506,0126250604,01,6,4,23102669,ワダツミ,HV03|HV07,HV03+HV07,4着以下 + 上がり速度percentile 90以上 / 4着以下 + 強い位置取り改善 + 上がり80以上,2026-08-30,01262404,4,-0.21923076923076934,0.21923076923076934,100.0,0.8,0.01965811965812017,45.656565656565654,7,6.7,3,0,0
2026-09-05,A,01262506,0126250606,01,6,6,23103757,シーラス,HV01|HV11,HV01+HV11,4着以下 + performance_signal 上位20% / 4着以下 + performance上位20% + 自身過去3走比改善,2026-08-22,01262104,5,-0.019230769230759392,0.019230769230759392,66.66666666666667,0.13333333333333341,2.2307692307692406,66.66666666666667,16,16.5,8,0,0
2026-09-05,A,01262506,0126250614,01,6,14,23103867,アート,HV07,HV07,4着以下 + 強い位置取り改善 + 上がり80以上,2026-08-30,01262404,5,-0.2692307692307736,0.2692307692307736,80.0,0.4666666666666667,-0.1951566951567006,13.504273504273513,4,26.3,12,0,0
2026-09-05,A,01262507,0126250711,01,7,11,21105694,ホウオウペトリュス,HV03|HV07,HV03+HV07,4着以下 + 上がり速度percentile 90以上 / 4着以下 + 強い位置取り改善 + 上がり80以上,2026-08-23,01262206,9,-0.5,0.5,100.0,0.3076923076923077,0.1860398860398833,42.26190476190476,9,37.4,10,0,0
2026-09-05,A,01262508,0126250801,01,8,1,23105032,メイショウコシュウ,HV03|HV07,HV03+HV07,4着以下 + 上がり速度percentile 90以上 / 4着以下 + 強い位置取り改善 + 上がり80以上,2026-08-22,01262112,4,-0.6617647058823529,0.6617647058823529,90.0,0.29999999999999993,-0.4014161220043568,2.564102564102555,1,15.8,6,1,240
2026-09-05,A,01262509,0126250903,01,9,3,22105153,ディヒターリーベ,HV01|HV05,HV01+HV05,4着以下 + performance_signal 上位20% / 4着以下 + performance上位20% + 上がり80以上,2026-08-15,01261707,4,-0.02841880341880909,0.02841880341880909,85.71428571428571,0.0714285714285714,0.29102564102563694,-14.285714285714292,4,6.4,3,0,0
2026-09-05,A,01262509,0126250905,01,9,5,23105021,メイショウテンク,HV03|HV07,HV03+HV07,4着以下 + 上がり速度percentile 90以上 / 4着以下 + 強い位置取り改善 + 上がり80以上,2026-08-23,01262209,4,-0.3333333333333357,0.3333333333333357,91.66666666666667,0.75,0.12450142450142443,35.303030303030305,5,7.5,4,0,0
2026-09-05,A,01262509,0126250914,01,9,14,22104092,サクラアドリア,HV03,HV03,4着以下 + 上がり速度percentile 90以上,2026-08-23,01262208,9,-0.8888888888888857,0.8888888888888857,90.0,0.19999999999999996,-0.06759259259258821,6.732026143790861,11,49.8,11,0,0
2026-09-05,A,01262510,0126251007,01,10,7,22101405,ララバニュルス,HV01|HV05,HV01+HV05,4着以下 + performance_signal 上位20% / 4着以下 + performance上位20% + 上がり80以上,2026-08-30,01262410,4,0.15576923076923305,-0.15576923076923305,86.66666666666667,,0.32749287749288514,11.944444444444443,2,12.1,5,1,290
2026-09-05,A,01262512,0126251201,01,12,1,22101462,クラインシュミット,HV03,HV03,4着以下 + 上がり速度percentile 90以上,2026-08-23,01262206,12,-0.9000000000000057,0.9000000000000057,92.3076923076923,0.15384615384615385,-0.1129629629629686,55.01165501165501,12,193.1,13,0,0
2026-09-05,A,01262512,0126251202,01,12,2,22101473,ライラックデューン,HV03,HV03,4着以下 + 上がり速度percentile 90以上,2026-08-30,01262406,6,-0.9411764705882404,0.9411764705882404,100.0,0.09090909090909083,-0.20000000000000195,34.01709401709401,10,34.9,10,0,0
2026-09-05,A,06264101,0626410101,06,1,1,22104929,バニーラビット,HV01|HV11,HV01+HV11,4着以下 + performance_signal 上位20% / 4着以下 + performance上位20% + 自身過去3走比改善,2026-04-18,06263707,5,1.2562500000000085,-1.2562500000000085,11.11111111111111,-0.4444444444444444,1.5111111111111246,-13.373015873015873,3,10.7,4,1,230
2026-09-05,A,06264102,0626410208,06,2,8,23103366,ココナッツコースト,HV01|HV05,HV01+HV05,4着以下 + performance_signal 上位20% / 4着以下 + performance上位20% + 上がり80以上,2026-08-22,04263105,5,0.1910714285714299,-0.1910714285714299,82.3529411764706,,-0.42767857142857135,25.490196078431374,3,5.4,3,1,180
2026-09-05,A,06264102,0626410210,06,2,10,23106471,マイネルヴェーゼン,HV03,HV03,4着以下 + 上がり速度percentile 90以上,2026-07-18,03262704,7,-1.0000000000000024,1.0000000000000024,93.33333333333333,,-0.8129208754208883,41.10177404295051,8,46.2,11,0,0
2026-09-05,A,06264102,0626410212,06,2,12,23102378,ブルームコード,HV01,HV01,4着以下 + performance_signal 上位20%,2026-08-22,04263105,4,0.2535714285714352,-0.2535714285714352,47.05882352941177,,-0.18733766233764992,-42.94117647058823,12,3.8,2,0,0
2026-09-05,A,06264103,0626410302,06,3,2,24104736,パルセノスミハ,HV03,HV03,4着以下 + 上がり速度percentile 90以上,2026-08-16,04262803,6,-1.0694444444444549,1.0694444444444549,92.85714285714286,,0.8083333333333205,92.85714285714286,6,14.5,6,0,0
2026-09-05,A,06264107,0626410711,06,7,11,23103624,レプレセンタル,HV03|HV07,HV03+HV07,4着以下 + 上がり速度percentile 90以上 / 4着以下 + 強い位置取り改善 + 上がり80以上,2026-08-16,04262812,5,-0.465277777777773,0.465277777777773,92.85714285714286,0.3571428571428572,3.6691468253968296,79.52380952380953,10,22.9,8,0,0
2026-09-05,A,06264107,0626410715,06,7,15,23105322,ホウオウファミリー,HV01|HV02,HV01+HV02,4着以下 + performance_signal 上位20% / 6着以下 + performance_signal 上位20%,2026-06-28,02261604,6,-0.0705128205128329,0.0705128205128329,40.0,-0.1333333333333333,0.3372888685388535,-23.924963924963926,2,2.9,1,1,180
2026-09-05,A,06264108,0626410807,06,8,7,23100722,マーガレットクレア,HV03,HV03,4着以下 + 上がり速度percentile 90以上,2026-05-31,05262c05,4,-0.28571428571427965,0.28571428571427965,91.66666666666667,,0.24156746031746895,3.333333333333343,6,14.8,6,0,0
2026-09-05,A,06264108,0626410815,06,8,15,23101039,ベアアッコチャン,HV03,HV03,4着以下 + 上がり速度percentile 90以上,2026-08-09,04262605,5,-0.6736111111111143,0.6736111111111143,100.0,,-0.265197262479874,22.22222222222223,7,4.5,2,0,0
2026-09-05,A,06264109,0626410902,06,9,2,23102730,ショウナンダイン,HV03,HV03,4着以下 + 上がり速度percentile 90以上,2026-08-16,04262805,5,-1.1444444444444535,1.1444444444444535,100.0,,-0.6067460317460431,54.343434343434346,3,11.8,4,1,360
2026-09-05,A,06264109,0626410903,06,9,3,22104851,アレクレア,HV01|HV02|HV11|HV12,HV01+HV02+HV11+HV12,4着以下 + performance_signal 上位20% / 6着以下 + performance_signal 上位20% / 4着以下 + performance上位20% + 自身過去3走比改善 / 6着以下 + performance上位20% + 自身過去3走比改善,2026-07-19,03262808,7,-0.013888888888884152,0.013888888888884152,66.66666666666667,0.06666666666666665,0.7579772079772159,-0.7407407407407334,5,38.8,8,0,0
2026-09-05,A,06264109,0626410905,06,9,5,22101272,スタニングヴュー,HV01|HV11,HV01+HV11,4着以下 + performance_signal 上位20% / 4着以下 + performance上位20% + 自身過去3走比改善,2026-08-08,04262510,5,-0.06944444444444642,0.06944444444444642,50.0,,0.8987154049654098,11.624649859943979,1,12.3,5,1,300
2026-09-05,A,06264109,0626410908,06,9,8,23102403,ルンベーラ,HV01|HV02|HV11|HV12,HV01+HV02+HV11+HV12,4着以下 + performance_signal 上位20% / 6着以下 + performance_signal 上位20% / 4着以下 + performance上位20% + 自身過去3走比改善 / 6着以下 + performance上位20% + 自身過去3走比改善,2026-08-02,04262408,10,-0.07569444444444666,0.07569444444444666,38.46153846153846,,0.7947751322751297,-1.8559218559218564,4,16.7,6,0,0
2026-09-05,A,06264110,0626411002,06,10,2,23103934,ルディドゥゲンジ,HV01|HV02|HV11|HV12,HV01+HV02+HV11+HV12,4着以下 + performance_signal 上位20% / 6着以下 + performance_signal 上位20% / 4着以下 + performance上位20% + 自身過去3走比改善 / 6着以下 + performance上位20% + 自身過去3走比改善,2026-08-30,04263405,14,-0.07142857142856737,0.07142857142856737,41.1764705882353,,0.736904761904765,-34.509803921568626,11,398.0,12,0,0
2026-09-05,A,06264111,0626411102,06,11,2,21104854,ミナデオロ,HV01,HV01,4着以下 + performance_signal 上位20%,2026-08-16,07262807,5,0.23390151515152446,-0.23390151515152446,33.333333333333336,,0.29568602693604157,5.893126481361779,9,11.5,6,0,0
2026-09-05,A,06264111,0626411106,06,11,6,22105836,ファンダム,HV01|HV05,HV01+HV05,4着以下 + performance_signal 上位20% / 4着以下 + performance上位20% + 上がり80以上,2026-06-21,09263611,4,0.14166666666667105,-0.14166666666667105,82.3529411764706,,0.22625661375661538,43.901458019105085,4,7.2,4,0,0
2026-09-05,A,06264111,0626411114,06,11,14,21103519,リラボニート,HV01|HV02,HV01+HV02,4着以下 + performance_signal 上位20% / 6着以下 + performance_signal 上位20%,2026-08-02,01261411,7,0.08888888888888699,-0.08888888888888699,46.15384615384615,0.0,0.1931878306878277,-17.19457013574661,12,87.8,15,0,0
2026-09-05,A,06264112,0626411201,06,12,1,22101987,シルバードン,HV03,HV03,4着以下 + 上がり速度percentile 90以上,2026-08-23,04263209,9,-1.4999999999999978,1.4999999999999978,100.0,,-0.23363095238094744,64.44444444444444,2,123.6,12,1,1390
2026-09-05,A,06264112,0626411202,06,12,2,23105784,ピュール,HV03,HV03,4着以下 + 上がり速度percentile 90以上,2026-05-03,05262406,10,-0.7901785714285735,0.7901785714285735,93.33333333333333,,0.3219246031746007,38.97435897435897,12,27.3,6,0,0
2026-09-05,A,09264101,0926410102,09,1,2,24107177,ラブシンフォニー,HV03,HV03,4着以下 + 上がり速度percentile 90以上,2026-08-15,07262701,6,-1.5634920634920797,1.5634920634920797,100.0,,0.9484126984126817,75.0,7,30.5,8,0,0
2026-09-05,A,09264101,0926410108,09,1,8,24106237,スクワミッシュ,HV01|HV05,HV01+HV05,4着以下 + performance_signal 上位20% / 4着以下 + performance上位20% + 上がり80以上,2026-07-25,04262102,4,-0.0555555555555524,0.0555555555555524,84.61538461538461,,,,5,3.1,2,0,0
2026-09-05,A,09264102,0926410203,09,2,3,24104977,デススパイラル,HV03,HV03,4着以下 + 上がり速度percentile 90以上,2026-08-23,04263203,4,-0.6339285714285747,0.6339285714285747,90.9090909090909,,,,3,9.2,4,0,0
2026-09-05,A,09264102,0926410204,09,2,4,24106356,ブックオブケルズ,HV01,HV01,4着以下 + performance_signal 上位20%,2026-07-04,03262305,4,0.21944444444444222,-0.21944444444444222,69.23076923076923,0.07692307692307687,,,2,2.2,2,1,140
2026-09-05,A,09264102,0926410205,09,2,5,24106219,ドミナント,HV03,HV03,4着以下 + 上がり速度percentile 90以上,2026-08-23,04263203,5,-0.6964285714285801,0.6964285714285801,100.0,,,,4,4.1,3,0,0
2026-09-05,A,09264103,0926410302,09,3,2,23104048,カワキタベレッタ,HV03,HV03,4着以下 + 上がり速度percentile 90以上,2026-08-08,07262510,6,-0.33918128654971014,0.33918128654971014,100.0,,0.9627250315330771,51.74603174603175,4,76.5,10,0,0
2026-09-05,A,09264103,0926410303,09,3,3,23105122,サラサダンディー,HV03|HV07,HV03+HV07,4着以下 + 上がり速度percentile 90以上 / 4着以下 + 強い位置取り改善 + 上がり80以上,2026-08-01,07262305,6,-0.8690476190476283,0.8690476190476283,93.33333333333333,0.33333333333333337,-0.3743664717349028,50.85470085470085,7,25.4,7,0,0
2026-09-05,A,09264104,0926410401,09,4,1,23100918,ウイングサンライズ,HV01|HV02|HV11|HV12,HV01+HV02+HV11+HV12,4着以下 + performance_signal 上位20% / 6着以下 + performance_signal 上位20% / 4着以下 + performance上位20% + 自身過去3走比改善 / 6着以下 + performance上位20% + 自身過去3走比改善,2026-08-08,07262512,6,0.6428571428571368,-0.6428571428571368,70.58823529411765,,1.120899470899461,11.9514472455649,4,27.5,8,0,0
2026-09-05,A,09264104,0926410407,09,4,7,23105372,シャロン,HV01|HV02|HV11|HV12,HV01+HV02+HV11+HV12,4着以下 + performance_signal 上位20% / 6着以下 + performance_signal 上位20% / 4着以下 + performance上位20% + 自身過去3走比改善 / 6着以下 + performance上位20% + 自身過去3走比改善,2026-06-28,10262202,7,0.44444444444445075,-0.44444444444445075,73.33333333333333,0.19999999999999996,1.4187169312169408,41.96078431372548,0,,99,0,0
2026-09-05,A,09264104,0926410410,09,4,10,23105522,エイシンニケ,HV03,HV03,4着以下 + 上がり速度percentile 90以上,2026-08-22,07263111,5,-0.40625000000000355,0.40625000000000355,100.0,,0.38819444444443674,33.33333333333333,10,32.5,10,0,0
2026-09-05,A,09264104,0926410412,09,4,12,23107332,バロッカネーラ,HV01|HV02,HV01+HV02,4着以下 + performance_signal 上位20% / 6着以下 + performance_signal 上位20%,2026-06-27,10262103,8,0.2777777777777778,-0.2777777777777778,13.333333333333334,-0.4666666666666667,0.2527777777777739,-63.13725490196078,7,7.0,2,0,0
2026-09-05,A,09264104,0926410414,09,4,14,23107266,セイロンブリーズ,HV01|HV02,HV01+HV02,4着以下 + performance_signal 上位20% / 6着以下 + performance_signal 上位20%,2026-07-25,07262105,9,-0.07575757575757791,0.07575757575757791,53.333333333333336,,,,16,34.6,11,0,0
2026-09-05,A,09264104,0926410417,09,4,17,23106404,ペアピーターソン,HV01|HV03|HV05,HV01+HV03+HV05,4着以下 + performance_signal 上位20% / 4着以下 + 上がり速度percentile 90以上 / 4着以下 + performance上位20% + 上がり80以上,2026-08-15,07262704,5,0.08273809523809104,-0.08273809523809104,100.0,,0.37109788359788165,48.03418803418803,1,20.5,7,1,410
2026-09-05,A,09264107,0926410704,09,7,4,23107269,ムーンリットアイル,HV03,HV03,4着以下 + 上がり速度percentile 90以上,2026-07-11,10262512,4,-0.5833333333333357,0.5833333333333357,93.33333333333333,,-0.422222222222229,30.730837789661315,3,5.1,2,1,160
2026-09-05,A,09264107,0926410711,09,7,11,22102122,モズレイラココナ,HV01|HV02,HV01+HV02,4着以下 + performance_signal 上位20% / 6着以下 + performance_signal 上位20%,2025-08-23,07254104,7,0.825757575757559,-0.825757575757559,23.529411764705884,,0.48385942760941,-24.33239962651728,10,80.7,11,0,0
2026-09-05,A,09264108,0926410803,09,8,3,23105292,サンダーバード,HV01,HV01,4着以下 + performance_signal 上位20%,2026-07-25,07262108,4,-0.000757575757582174,0.000757575757582174,0.0,-0.2857142857142858,-0.2280303030303159,-63.78205128205128,5,5.7,3,0,0
2026-09-05,A,09264109,0926410908,09,9,8,22110123,クロノスバレット,HV03,HV03,4着以下 + 上がり速度percentile 90以上,2026-08-09,07262608,4,-1.031746031746034,1.031746031746034,90.0,0.09999999999999998,-0.1372041214146449,9.943019943019934,2,8.0,3,1,130
2026-09-05,A,09264109,0926410910,09,9,10,20106101,シュヴァルツリーベ,HV03,HV03,4着以下 + 上がり速度percentile 90以上,2026-08-09,07262608,6,-1.198412698412699,1.198412698412699,90.0,0.09999999999999998,0.11008403361344188,20.505050505050505,5,34.7,8,0,0
2026-09-05,A,09264110,0926411003,09,10,3,21105704,コルレオニス,HV01|HV02,HV01+HV02,4着以下 + performance_signal 上位20% / 6着以下 + performance_signal 上位20%,2026-08-09,04262606,10,0.05902777777777936,-0.05902777777777936,16.666666666666668,,0.0046296296296382475,-31.39083139083139,1,7.0,2,1,800
2026-09-05,A,09264110,0926411006,09,10,6,22105475,レディーミコノス,HV01|HV02,HV01+HV02,4着以下 + performance_signal 上位20% / 6着以下 + performance_signal 上位20%,2026-08-22,04263106,12,0.03482142857143877,-0.03482142857143877,23.529411764705884,,0.0026244588744720465,-33.58785822021116,2,10.7,3,1,1230
2026-09-05,A,09264111,0926411102,09,11,2,21110148,ノーブルロジャー,HV03,HV03,4着以下 + 上がり速度percentile 90以上,2026-07-26,07262207,7,-1.892857142857147,1.892857142857147,100.0,,-1.3482142857142878,4.444444444444443,2,6.8,4,1,230
2026-09-05,A,09264111,0926411108,09,11,8,22102493,トリリオンボーイ,HV03,HV03,4着以下 + 上がり速度percentile 90以上,2026-07-26,07262207,6,-1.892857142857147,1.892857142857147,92.3076923076923,,-0.9280753968254042,29.76800976800977,6,21.4,9,0,0
2026-09-05,A,09264112,0926411204,09,12,4,23103674,フィアーブル,HV03,HV03,4着以下 + 上がり速度percentile 90以上,2026-05-31,08263c06,6,-0.7439431913116071,0.7439431913116071,92.3076923076923,,-0.07324991400068148,45.48229548229548,8,25.7,7,0,0
2026-09-05,A,09264112,0926411207,09,12,7,21105098,ディーエストッキー,HV03,HV03,4着以下 + 上がり速度percentile 90以上,2026-06-14,09263406,4,-0.2738095238095184,0.2738095238095184,93.33333333333333,,0.11507936507936817,2.857142857142847,5,17.6,5,0,0
2026-09-05,A,09264112,0926411210,09,12,10,22105921,アーリントンロウ,HV01,HV01,4着以下 + performance_signal 上位20%,2026-08-09,07262611,4,-0.054166666666664774,0.054166666666664774,50.0,,0.4164847883597908,8.450046685340801,4,8.6,4,0,0
2026-09-05,A,09264112,0926411211,09,12,11,23105792,エンヴェロップ,HV01|HV02|HV11|HV12,HV01+HV02+HV11+HV12,4着以下 + performance_signal 上位20% / 6着以下 + performance_signal 上位20% / 4着以下 + performance上位20% + 自身過去3走比改善 / 6着以下 + performance上位20% + 自身過去3走比改善,2026-08-23,07263211,11,0.26785714285714285,-0.26785714285714285,18.75,,0.704960317460313,-45.05952380952382,1,28.1,8,1,510
2026-09-06,S,01262601,0126260105,01,1,5,23107068,サンセリテ,HV01|HV03|HV05|HV07|HV13,HV01+HV03+HV05+HV07+HV13,4着以下 + performance_signal 上位20% / 4着以下 + 上がり速度percentile 90以上 / 4着以下 + performance上位20% + 上がり80以上 / 4着以下 + 強い位置取り改善 + 上がり80以上 / 4着以下 + performance上位10% + 上がり90以上,2026-08-30,01262401,4,0.17058823529412134,-0.17058823529412134,92.3076923076923,0.6923076923076923,0.34651416122004736,17.747611865258918,6,16.4,6,0,0
2026-09-06,S,01262603,0126260311,01,3,11,23102517,ジャストグレース,HV01|HV02|HV03|HV05|HV06|HV07|HV11|HV12,HV01+HV02+HV03+HV05+HV06+HV07+HV11+HV12,4着以下 + performance_signal 上位20% / 6着以下 + performance_signal 上位20% / 4着以下 + 上がり速度percentile 90以上 / 4着以下 + performance上位20% + 上がり80以上 / 6着以下 + performance上位20% + 上がり80以上 / 4着以下 + 強い位置取り改善 + 上がり80以上 / 4着以下 + performance上位20% + 自身過去3走比改善 / 6着以下 + performance上位20% + 自身過去3走比改善,2026-08-30,01262403,6,-0.06470588235294085,0.06470588235294085,92.3076923076923,0.3076923076923077,0.874754901960787,25.641025641025635,10,48.7,9,0,0
2026-09-06,S,01262605,0126260504,01,5,4,23106617,レッドレグルス,HV01|HV02|HV05|HV06,HV01+HV02+HV05+HV06,4着以下 + performance_signal 上位20% / 6着以下 + performance_signal 上位20% / 4着以下 + performance上位20% + 上がり80以上 / 6着以下 + performance上位20% + 上がり80以上,2026-02-28,10261b06,6,7.105427357601002e-15,-7.105427357601002e-15,86.66666666666667,-0.06666666666666665,0.1365079365079443,23.770739064856713,1,6.0,3,1,350
2026-09-06,S,06264207,0626420715,06,7,15,23103550,ワイズファミリア,HV01|HV03|HV05|HV11|HV13,HV01+HV03+HV05+HV11+HV13,4着以下 + performance_signal 上位20% / 4着以下 + 上がり速度percentile 90以上 / 4着以下 + performance上位20% + 上がり80以上 / 4着以下 + performance上位20% + 自身過去3走比改善 / 4着以下 + performance上位10% + 上がり90以上,2026-08-23,04263205,5,0.2777777777777778,-0.2777777777777778,100.0,,0.7782407407407435,10.065359477124176,8,14.7,5,0,0
2026-09-06,S,06264210,0626421003,06,10,3,20102535,トーセントラム,HV01|HV02|HV05|HV06|HV11|HV12,HV01+HV02+HV05+HV06+HV11+HV12,4着以下 + performance_signal 上位20% / 6着以下 + performance_signal 上位20% / 4着以下 + performance上位20% + 上がり80以上 / 6着以下 + performance上位20% + 上がり80以上 / 4着以下 + performance上位20% + 自身過去3走比改善 / 6着以下 + performance上位20% + 自身過去3走比改善,2026-05-03,08263410,8,0.1666666666666572,-0.1666666666666572,88.23529411764706,,0.7185185185185164,-6.209150326797385,7,47.3,9,0,0
2026-09-06,S,06264212,0626421211,06,12,11,23106845,ラエトゥス,HV01|HV02|HV03|HV05|HV06|HV11|HV12,HV01+HV02+HV03+HV05+HV06+HV11+HV12,4着以下 + performance_signal 上位20% / 6着以下 + performance_signal 上位20% / 4着以下 + 上がり速度percentile 90以上 / 4着以下 + performance上位20% + 上がり80以上 / 6着以下 + performance上位20% + 上がり80以上 / 4着以下 + performance上位20% + 自身過去3走比改善 / 6着以下 + performance上位20% + 自身過去3走比改善,2026-07-11,03262508,6,0.1099744245524285,-0.1099744245524285,93.33333333333333,,0.9589492922772929,60.83333333333332,6,32.6,10,0,0
2026-09-06,S,09264202,0926420201,09,2,1,23104199,ミスジェイド,HV01|HV05|HV11,HV01+HV05+HV11,4着以下 + performance_signal 上位20% / 4着以下 + performance上位20% + 上がり80以上 / 4着以下 + performance上位20% + 自身過去3走比改善,2026-08-15,07262712,5,0.15277777777778095,-0.15277777777778095,80.0,,0.9894179894179957,14.76190476190476,2,38.5,10,1,730
2026-09-06,S,09264202,0926420215,09,2,15,23106339,ペコリズム,HV01|HV03|HV05|HV11,HV01+HV03+HV05+HV11,4着以下 + performance_signal 上位20% / 4着以下 + 上がり速度percentile 90以上 / 4着以下 + performance上位20% + 上がり80以上 / 4着以下 + performance上位20% + 自身過去3走比改善,2026-08-15,07262712,4,0.15277777777778095,-0.15277777777778095,93.33333333333333,,1.3965063803299087,37.83882783882783,13,58.9,11,0,0
2026-09-06,S,09264211,0926421101,09,11,1,19105394,ママコチャ,HV01|HV02|HV05|HV06|HV11|HV12,HV01+HV02+HV05+HV06+HV11+HV12,4着以下 + performance_signal 上位20% / 6着以下 + performance_signal 上位20% / 4着以下 + performance上位20% + 上がり80以上 / 6着以下 + performance上位20% + 上がり80以上 / 4着以下 + performance上位20% + 自身過去3走比改善 / 6着以下 + performance上位20% + 自身過去3走比改善,2026-03-29,07261611,9,0.5520833333333405,-0.5520833333333405,82.3529411764706,,1.1402777777777788,29.01960784313726,3,10.8,5,1,260
2026-09-06,A,01262601,0126260106,01,1,6,23105555,ウォータースパウト,HV01,HV01,4着以下 + performance_signal 上位20%,2026-08-30,01262401,5,0.1117647058823516,-0.1117647058823516,69.23076923076923,0.3846153846153846,0.2333333333333273,-8.71794871794873,3,5.6,3,1,210
2026-09-06,A,01262601,0126260107,01,1,7,23103191,ワンダーアスク,HV07,HV07,4着以下 + 強い位置取り改善 + 上がり80以上,2026-08-29,01262301,4,-0.38235294117646557,0.38235294117646557,84.61538461538461,0.5384615384615384,-0.37941176470587445,30.470085470085472,1,19.4,9,1,490
2026-09-06,A,01262601,0126260112,01,1,12,23107042,ティンクルバレット,HV01|HV02|HV11|HV12,HV01+HV02+HV11+HV12,4着以下 + performance_signal 上位20% / 6着以下 + performance_signal 上位20% / 4着以下 + performance上位20% + 自身過去3走比改善 / 6着以下 + performance上位20% + 自身過去3走比改善,2026-07-26,01261203,6,-0.0416666666666643,0.0416666666666643,33.333333333333336,,1.242877492877494,14.146825396825399,13,56.9,10,0,0
2026-09-06,A,01262602,0126260207,01,2,7,24105151,マサノブルスカイ,HV03|HV07,HV03+HV07,4着以下 + 上がり速度percentile 90以上 / 4着以下 + 強い位置取り改善 + 上がり80以上,2026-08-16,01261805,5,-1.4194444444444403,1.4194444444444403,100.0,0.5454545454545454,,,5,23.5,7,0,0
2026-09-06,A,01262602,0126260210,01,2,10,24104133,ブライトシーン,HV07,HV07,4着以下 + 強い位置取り改善 + 上がり80以上,2026-08-01,01261302,5,-0.5111111111111042,0.5111111111111042,87.5,0.375,-0.18333333333332846,44.642857142857146,6,95.0,8,0,0
2026-09-06,A,01262603,0126260305,01,3,5,23103830,ブルーアンビエンス,HV07,HV07,4着以下 + 強い位置取り改善 + 上がり80以上,2026-08-23,01262203,5,-1.0147058823529462,1.0147058823529462,83.33333333333333,0.3846153846153846,0.4709500466853378,37.777777777777764,6,36.3,8,0,0
2026-09-06,A,01262603,0126260308,01,3,8,23102128,マコトアディントン,HV03|HV07,HV03+HV07,4着以下 + 上がり速度percentile 90以上 / 4着以下 + 強い位置取り改善 + 上がり80以上,2026-08-16,01261807,7,-0.4096153846153783,0.4096153846153783,93.33333333333333,0.6,-0.43418803418803026,13.888888888888872,2,6.9,4,1,210
2026-09-06,A,01262604,0126260401,01,4,1,23104685,ロジスカヤ,HV03,HV03,4着以下 + 上がり速度percentile 90以上,2026-08-23,01262204,5,-0.19999999999999574,0.19999999999999574,92.3076923076923,,0.0652421652421688,14.529914529914521,6,18.2,9,0,0
2026-09-06,A,01262604,0126260404,01,4,4,23104933,ブラックジャック,HV03,HV03,4着以下 + 上がり速度percentile 90以上,2026-07-04,02261704,9,-0.24999999999999764,0.24999999999999764,100.0,,0.22380952380952338,36.11111111111111,7,12.3,6,0,0
2026-09-06,A,01262604,0126260411,01,4,11,23100215,スピットブレイク,HV03,HV03,4着以下 + 上がり速度percentile 90以上,2026-07-11,02261903,8,-0.48611111111111904,0.48611111111111904,93.33333333333333,,0.010515873015863375,36.47058823529411,13,60.5,12,0,0
2026-09-06,A,01262605,0126260509,01,5,9,23105892,ブライスフェアリー,HV01|HV02,HV01+HV02,4着以下 + performance_signal 上位20% / 6着以下 + performance_signal 上位20%,2026-08-22,01262104,7,-0.06923076923075655,0.06923076923075655,66.66666666666667,0.1333333333333333,-0.09244505494503841,-11.633986928104576,2,17.4,6,1,420
2026-09-06,A,01262605,0126260510,01,5,10,23104486,ゴコウコイコイ,HV01|HV02,HV01+HV02,4着以下 + performance_signal 上位20% / 6着以下 + performance_signal 上位20%,2026-08-22,01262104,6,-0.019230769230759392,0.019230769230759392,53.333333333333336,-0.2666666666666666,0.1200854700854753,-36.96969696969696,0,3.6,2,0,0
2026-09-06,A,01262605,0126260515,01,5,15,23103196,フクチャンブラック,HV03|HV07,HV03+HV07,4着以下 + 上がり速度percentile 90以上 / 4着以下 + 強い位置取り改善 + 上がり80以上,2026-08-22,01262106,5,-0.354487179487185,0.354487179487185,91.66666666666667,0.46153846153846156,0.21822523881346567,41.32996632996633,10,67.0,13,0,0
2026-09-06,A,01262606,0126260610,01,6,10,23105806,ロードヴィゴラス,HV03,HV03,4着以下 + 上がり速度percentile 90以上,2026-04-19,09262806,8,-0.7500000000000048,0.7500000000000048,100.0,,0.0059523809523771565,36.868686868686865,1,5.9,3,1,250
2026-09-06,A,01262609,0126260902,01,9,2,22103515,ユウェンタース,HV03|HV07,HV03+HV07,4着以下 + 上がり速度percentile 90以上 / 4着以下 + 強い位置取り改善 + 上がり80以上,2026-08-23,01262210,6,-0.691176470588242,0.691176470588242,92.3076923076923,0.3076923076923077,0.6549953314659126,29.066951566951573,11,75.3,11,0,0
2026-09-06,A,01262609,0126260912,01,9,12,21103002,アラナコア,HV01,HV01,4着以下 + performance_signal 上位20%,2026-08-29,01262312,4,0.02941176470588068,-0.02941176470588068,72.72727272727273,-0.18181818181818177,0.4312169312169358,-4.256854256854254,2,7.1,3,1,180
2026-09-06,A,01262610,0126261001,01,10,1,21103790,フナデ,HV03|HV07,HV03+HV07,4着以下 + 上がり速度percentile 90以上 / 4着以下 + 強い位置取り改善 + 上がり80以上,2026-07-12,02261a09,6,-0.2972222222222282,0.2972222222222282,92.3076923076923,0.46153846153846156,0.18240740740739836,31.268731268731266,10,47.5,10,0,0
2026-09-06,A,01262610,0126261005,01,10,5,21105321,エーデル,HV01|HV02|HV11|HV12,HV01+HV02+HV11+HV12,4着以下 + performance_signal 上位20% / 6着以下 + performance_signal 上位20% / 4着以下 + performance上位20% + 自身過去3走比改善 / 6着以下 + performance上位20% + 自身過去3走比改善,2026-07-19,02261c09,10,0.3472222222222143,-0.3472222222222143,58.333333333333336,0.0,0.7944444444444392,-9.920634920634917,8,164.2,12,0,0
2026-09-06,A,01262611,0126261111,01,11,11,20102870,ブレイヴロッカー,HV01|HV02|HV11|HV12,HV01+HV02+HV11+HV12,4着以下 + performance_signal 上位20% / 6着以下 + performance_signal 上位20% / 4着以下 + performance上位20% + 自身過去3走比改善 / 6着以下 + performance上位20% + 自身過去3走比改善,2026-03-28,06263111,12,0.22999999999999546,-0.22999999999999546,14.285714285714286,-0.5,1.1139460784313682,-34.66117216117216,13,24.3,13,0,0
2026-09-06,A,01262611,0126261112,01,11,12,20106909,ゴールデンスナップ,HV01|HV02|HV11|HV12,HV01+HV02+HV11+HV12,4着以下 + performance_signal 上位20% / 6着以下 + performance_signal 上位20% / 4着以下 + performance上位20% + 自身過去3走比改善 / 6着以下 + performance上位20% + 自身過去3走比改善,2026-05-10,05262610,6,0.14583333333331913,-0.14583333333331913,27.272727272727273,-0.18181818181818188,0.6769078144077982,-44.88636363636365,2,5.8,2,1,190
2026-09-06,A,01262612,0126261203,01,12,3,22100557,ロードスカイブルー,HV03|HV07,HV03+HV07,4着以下 + 上がり速度percentile 90以上 / 4着以下 + 強い位置取り改善 + 上がり80以上,2026-08-22,01262112,6,-1.0147058823529378,1.0147058823529378,90.0,0.4,0.10239651416122353,52.06349206349206,8,120.8,11,0,0
2026-09-06,A,06264203,0626420309,06,3,9,23101841,ユイノサダハル,HV07,HV07,4着以下 + 強い位置取り改善 + 上がり80以上,2026-08-08,04262505,4,-0.41666666666667457,0.41666666666667457,85.71428571428571,0.4285714285714286,0.16294071976615815,20.50061050061049,3,9.8,4,1,190
2026-09-06,A,06264203,0626420311,06,3,11,23106795,ルシアージュ,HV03|HV07,HV03+HV07,4着以下 + 上がり速度percentile 90以上 / 4着以下 + 強い位置取り改善 + 上がり80以上,2026-08-22,04263104,5,-0.5555555555555556,0.5555555555555556,100.0,0.3571428571428572,-0.43750000000000083,13.725490196078411,2,5.4,2,1,170
2026-09-06,A,06264203,0626420313,06,3,13,23103533,アルティソナンテ,HV03|HV07,HV03+HV07,4着以下 + 上がり速度percentile 90以上 / 4着以下 + 強い位置取り改善 + 上がり80以上,2026-07-19,03262804,5,-0.5728900255754484,0.5728900255754484,100.0,0.7142857142857143,0.4308190063464937,49.84126984126984,13,47.0,11,0,0
2026-09-06,A,06264204,0626420402,06,4,2,23102399,アクロスメモリア,HV03,HV03,4着以下 + 上がり速度percentile 90以上,2026-07-05,02261802,10,-1.6588235294117624,1.6588235294117624,100.0,,-0.22843331777154563,68.88888888888889,11,60.6,10,0,0
2026-09-06,A,06264207,0626420706,06,7,6,23106422,マイネルオラクル,HV01|HV02,HV01+HV02,4着以下 + performance_signal 上位20% / 6着以下 + performance_signal 上位20%,2026-08-02,04262411,7,-0.08579545454545402,0.08579545454545402,41.666666666666664,-0.3076923076923077,0.1767045454545449,-14.019607843137258,12,42.8,10,0,0
2026-09-06,A,06264207,0626420716,06,7,16,23102410,ブリックアブラック,HV03|HV07,HV03+HV07,4着以下 + 上がり速度percentile 90以上 / 4着以下 + 強い位置取り改善 + 上がり80以上,2026-08-29,04263305,4,-0.983360389610394,0.983360389610394,100.0,0.5294117647058824,-0.41021224146224844,36.41025641025641,6,51.8,11,0,0
2026-09-06,A,06264207,0626420718,06,7,18,23104002,ハルノアメ,HV03|HV07,HV03+HV07,4着以下 + 上がり速度percentile 90以上 / 4着以下 + 強い位置取り改善 + 上がり80以上,2026-08-22,04263111,4,-0.3901785714285708,0.3901785714285708,100.0,0.6363636363636364,-0.23077686202685974,22.22222222222223,9,55.1,12,0,0
2026-09-06,A,06264208,0626420802,06,8,2,23106694,ノーウェアマン,HV01|HV11,HV01+HV11,4着以下 + performance_signal 上位20% / 4着以下 + performance上位20% + 自身過去3走比改善,2026-07-19,03262812,4,0.08695652173912549,-0.08695652173912549,21.428571428571427,-0.1428571428571429,1.0952898550724584,5.238095238095237,8,8.9,5,0,0
2026-09-06,A,06264209,0626420904,06,9,4,19105041,ホウオウプレミア,HV03,HV03,4着以下 + 上がり速度percentile 90以上,2026-07-12,03262612,5,-0.8721227621483477,0.8721227621483477,100.0,,-0.21240053992611863,25.555555555555557,5,18.2,8,0,0
2026-09-06,A,06264209,0626420914,06,9,14,22100757,イノキ,HV03,HV03,4着以下 + 上がり速度percentile 90以上,2026-06-27,03262109,9,-0.7647058823529378,0.7647058823529378,93.33333333333333,,-0.06557260585393165,13.333333333333329,10,16.0,7,0,0
2026-09-06,A,06264210,0626421002,06,10,2,20106901,メイショウピース,HV01|HV02|HV11|HV12,HV01+HV02+HV11+HV12,4着以下 + performance_signal 上位20% / 6着以下 + performance_signal 上位20% / 4着以下 + performance上位20% + 自身過去3走比改善 / 6着以下 + performance上位20% + 自身過去3走比改善,2026-05-03,08263410,12,-1.1842378929335004e-14,1.1842378929335004e-14,64.70588235294117,,0.5833333333333278,2.875816993464049,3,32.3,8,1,460
2026-09-06,A,06264211,0626421104,06,11,4,23106810,マスターソアラ,HV01,HV01,4着以下 + performance_signal 上位20%,2026-02-14,05261511,4,-0.0,0.0,73.33333333333333,,-0.6785714285714306,-26.66666666666667,1,12.7,6,1,340
2026-09-06,A,06264212,0626421207,06,12,7,22106203,カシオペア,HV01,HV01,4着以下 + performance_signal 上位20%,2026-08-15,04262705,4,0.06190476190475636,-0.06190476190475636,11.764705882352942,,0.46541005291004417,-83.79084967320262,2,9.1,5,1,270
2026-09-06,A,06264212,0626421213,06,12,13,21106419,ココボロ,HV03,HV03,4着以下 + 上がり速度percentile 90以上,2026-08-15,04262705,14,-0.509523809523813,0.509523809523813,94.11764705882354,,0.17976190476189868,9.990662931839395,9,115.5,15,0,0
2026-09-06,A,09264201,0926420103,09,1,3,24106712,ニクスルーナ,HV01,HV01,4着以下 + performance_signal 上位20%,2026-06-20,05263504,5,0.1339285714285613,-0.1339285714285613,20.0,,,,2,3.5,2,1,160
2026-09-06,A,09264201,0926420104,09,1,4,24102172,マッセート,HV01|HV05,HV01+HV05,4着以下 + performance_signal 上位20% / 4着以下 + performance上位20% + 上がり80以上,2026-08-01,07262302,4,0.02142857142857224,-0.02142857142857224,83.33333333333333,,,,9,10.6,5,0,0
2026-09-06,A,09264201,0926420105,09,1,5,24101678,テラレガル,HV03,HV03,4着以下 + 上がり速度percentile 90以上,2026-08-16,07262803,4,-1.052556818181829,1.052556818181829,100.0,,,,4,8.9,4,0,0
2026-09-06,A,09264202,0926420202,09,2,2,23104328,アルムアポジェ,HV01|HV11,HV01+HV11,4着以下 + performance_signal 上位20% / 4着以下 + performance上位20% + 自身過去3走比改善,2026-08-22,07263105,4,-0.05263157894736383,0.05263157894736383,66.66666666666667,,0.6167583992661367,10.76923076923078,14,14.0,6,0,0
2026-09-06,A,09264203,0926420305,09,3,5,23102092,ジーティーピカソ,HV07,HV07,4着以下 + 強い位置取り改善 + 上がり80以上,2026-08-09,07262604,4,-0.22222222222222537,0.22222222222222537,86.66666666666667,0.6000000000000001,0.48888888888888377,21.294261294261304,5,5.9,3,0,0
2026-09-06,A,09264203,0926420306,09,3,6,23106271,ニシノエビガタメ,HV03|HV07,HV03+HV07,4着以下 + 上がり速度percentile 90以上 / 4着以下 + 強い位置取り改善 + 上がり80以上,2026-08-23,07263204,4,-0.3574561403508812,0.3574561403508812,100.0,0.7857142857142857,0.660783904204953,8.8888888888889,2,14.8,6,1,290
2026-09-06,A,09264204,0926420404,09,4,4,23102310,パンキー,HV03|HV07,HV03+HV07,4着以下 + 上がり速度percentile 90以上 / 4着以下 + 強い位置取り改善 + 上がり80以上,2026-08-29,07263305,4,-1.3000000000000043,1.3000000000000043,91.66666666666667,0.25,-0.8398504273504357,7.2222222222222285,7,6.5,3,0,0
2026-09-06,A,09264204,0926420407,09,4,7,23104773,ドットカモン,HV01|HV02|HV11|HV12,HV01+HV02+HV11+HV12,4着以下 + performance_signal 上位20% / 6着以下 + performance_signal 上位20% / 4着以下 + performance上位20% + 自身過去3走比改善 / 6着以下 + performance上位20% + 自身過去3走比改善,2026-08-16,07262804,12,0.44015151515151985,-0.44015151515151985,76.47058823529412,0.17647058823529405,1.4896825396825502,36.19281045751634,12,276.8,15,0,0
2026-09-06,A,09264204,0926420408,09,4,8,23102060,オーマイラッキーン,HV01|HV11,HV01+HV11,4着以下 + performance_signal 上位20% / 4着以下 + performance上位20% + 自身過去3走比改善,2026-08-16,07262804,4,0.8901515151515156,-0.8901515151515156,76.47058823529412,0.11764705882352944,1.1026184463684434,41.20098039215686,3,8.3,4,1,250
2026-09-06,A,09264204,0926420411,09,4,11,23106414,ライツェントライゼ,HV01|HV02,HV01+HV02,4着以下 + performance_signal 上位20% / 6着以下 + performance_signal 上位20%,2026-06-27,10262103,13,-0.055555555555552395,0.055555555555552395,26.666666666666668,-0.33333333333333337,0.41097883597884055,-37.46031746031744,15,14.9,5,0,0
2026-09-06,A,09264207,0926420706,09,7,6,22104556,リガーレ,HV03,HV03,4着以下 + 上がり速度percentile 90以上,2026-06-20,09263512,7,-1.7013888888888928,1.7013888888888928,94.11764705882354,,-0.5566077441077544,50.466853408029884,10,14.5,5,0,0
2026-09-06,A,09264207,0926420707,09,7,7,23103474,アイガーリー,HV01|HV02|HV11|HV12,HV01+HV02+HV11+HV12,4着以下 + performance_signal 上位20% / 6着以下 + performance_signal 上位20% / 4着以下 + performance上位20% + 自身過去3走比改善 / 6着以下 + performance上位20% + 自身過去3走比改善,2026-05-16,08263709,10,-0.06428571428571672,0.06428571428571672,0.0,-0.7777777777777778,0.8160052910052862,-45.925925925925924,1,45.1,11,1,960
2026-09-06,A,09264208,0926420801,09,8,1,23105241,テーオーアルアイン,HV03,HV03,4着以下 + 上がり速度percentile 90以上,2026-06-14,05263409,4,-0.580357142857153,0.580357142857153,100.0,,0.020337301587298406,24.16666666666667,1,3.5,2,1,210
2026-09-06,A,09264208,0926420805,09,8,5,22104590,ショウナンバルドル,HV03,HV03,4着以下 + 上がり速度percentile 90以上,2026-08-08,07262506,5,-0.15178571428571708,0.15178571428571708,100.0,,0.7824525012025014,25.0,3,19.1,5,0,0
2026-09-06,A,09264209,0926420902,09,9,2,23101953,メイショウサッソウ,HV07,HV07,4着以下 + 強い位置取り改善 + 上がり80以上,2026-08-15,07262709,5,-0.4305555555555508,0.4305555555555508,86.66666666666667,0.4,0.013471177944870794,26.313131313131315,12,31.4,8,0,0
2026-09-06,A,09264209,0926420904,09,9,4,23105821,ロードヴェリタス,HV01|HV02,HV01+HV02,4着以下 + performance_signal 上位20% / 6着以下 + performance_signal 上位20%,2026-06-20,09263508,6,-0.0069444444444460235,0.0069444444444460235,73.33333333333333,0.4,0.28057992202729043,-14.747474747474755,9,23.3,7,0,0
2026-09-06,A,09264209,0926420908,09,9,8,22102710,エイユーファイヤー,HV07,HV07,4着以下 + 強い位置取り改善 + 上がり80以上,2026-08-08,07262508,5,-0.45029239766081885,0.45029239766081885,81.81818181818181,0.2727272727272727,0.07748538011696049,32.92929292929293,7,49.9,11,0,0
2026-09-06,A,09264210,0926421004,09,10,4,22102202,ヨリノレジェンド,HV01|HV05,HV01+HV05,4着以下 + performance_signal 上位20% / 4着以下 + performance上位20% + 上がり80以上,2026-08-22,07263107,5,-0.05263157894736383,0.05263157894736383,80.0,,0.08473614592036582,-14.4055944055944,1,6.6,3,1,220
2026-09-06,A,09264211,0926421104,09,11,4,20110090,ティニア,HV01,HV01,4着以下 + performance_signal 上位20%,2026-06-27,02261511,5,-0.0,0.0,61.53846153846154,,0.26216931216931116,-17.435897435897424,5,170.0,15,0,0
2026-09-06,A,09264211,0926421106,09,11,6,20103325,プロトポロス,HV01|HV11,HV01+HV11,4着以下 + performance_signal 上位20% / 4着以下 + performance上位20% + 自身過去3走比改善,2026-08-09,07262607,4,-0.08333333333334045,0.08333333333334045,76.47058823529412,,1.174768518518514,70.91503267973856,7,226.5,16,0,0
2026-09-06,A,09264211,0926421113,09,11,13,22104960,カルプスペルシュ,HV01,HV01,4着以下 + performance_signal 上位20%,2026-06-13,02261111,5,-0.0,0.0,45.45454545454545,,0.15284391534392297,-2.5193107546048807,12,87.7,12,0,0
2026-09-06,A,09264212,0926421206,09,12,6,22106699,ダイシンリンク,HV03,HV03,4着以下 + 上がり速度percentile 90以上,2026-05-30,05262b09,6,-0.5000000000000021,0.5000000000000021,100.0,,0.14021164021164356,14.949494949494962,4,14.8,6,0,0
2026-09-12,S,06264302,0626430206,06,2,6,24102809,マーズワース,HV01|HV02|HV03|HV05|HV06|HV11|HV12|HV13,HV01+HV02+HV03+HV05+HV06+HV11+HV12+HV13,4着以下 + performance_signal 上位20% / 6着以下 + performance_signal 上位20% / 4着以下 + 上がり速度percentile 90以上 / 4着以下 + performance上位20% + 上がり80以上 / 6着以下 + performance上位20% + 上がり80以上 / 4着以下 + performance上位20% + 自身過去3走比改善 / 6着以下 + performance上位20% + 自身過去3走比改善 / 4着以下 + performance上位10% + 上がり90以上,2026-07-26,04262201,7,0.28571428571429996,-0.28571428571429996,100.0,,1.2857142857142905,7.692307692307693,3,6.5,4,1,240
2026-09-12,S,06264303,0626430301,06,3,1,23102931,ミクロスギガース,HV01|HV05|HV11,HV01+HV05+HV11,4着以下 + performance_signal 上位20% / 4着以下 + performance上位20% + 上がり80以上 / 4着以下 + performance上位20% + 自身過去3走比改善,2026-08-30,04263405,4,0.5000000000000021,-0.5000000000000021,88.23529411764706,,0.7792658730158744,30.637254901960787,13,47.2,12,0,0
2026-09-12,S,06264310,0626431001,06,10,1,22110054,デルアヴァー,HV01|HV05|HV11,HV01+HV05+HV11,4着以下 + performance_signal 上位20% / 4着以下 + performance上位20% + 上がり80以上 / 4着以下 + performance上位20% + 自身過去3走比改善,2026-08-09,04262606,4,0.33680555555555713,-0.33680555555555713,83.33333333333333,,0.7971230158730269,-8.8888888888889,7,4.6,1,0,0
2026-09-12,S,09264303,0926430307,09,3,7,24105800,ホットロッドハート,HV01|HV03|HV05|HV07|HV11|HV13,HV01+HV03+HV05+HV07+HV11+HV13,4着以下 + performance_signal 上位20% / 4着以下 + 上がり速度percentile 90以上 / 4着以下 + performance上位20% + 上がり80以上 / 4着以下 + 強い位置取り改善 + 上がり80以上 / 4着以下 + performance上位20% + 自身過去3走比改善 / 4着以下 + performance上位10% + 上がり90以上,2026-08-29,07263301,4,0.4357142857142833,-0.4357142857142833,90.0,0.3999999999999999,1.1857142857142802,32.857142857142854,1,1.6,1,1,140
2026-09-12,S,09264304,0926430401,09,4,1,23102639,ランスオブラヴ,HV01|HV02|HV05|HV06|HV11|HV12,HV01+HV02+HV05+HV06+HV11+HV12,4着以下 + performance_signal 上位20% / 6着以下 + performance_signal 上位20% / 4着以下 + performance上位20% + 上がり80以上 / 6着以下 + performance上位20% + 上がり80以上 / 4着以下 + performance上位20% + 自身過去3走比改善 / 6着以下 + performance上位20% + 自身過去3走比改善,2026-07-26,01261203,7,-0.0416666666666643,0.0416666666666643,80.0,,0.8098544973545021,40.93514328808447,6,66.4,13,0,0
2026-09-12,S,09264304,0926430410,09,4,10,23101585,メイショウプレマ,HV01|HV05|HV11,HV01+HV05+HV11,4着以下 + performance_signal 上位20% / 4着以下 + performance上位20% + 上がり80以上 / 4着以下 + performance上位20% + 自身過去3走比改善,2026-09-05,09264104,5,0.3500000000000014,-0.3500000000000014,87.5,,1.1077050264550272,50.05835667600373,9,9.3,5,0,0
2026-09-12,S,09264304,0926430411,09,4,11,23107100,ダノンケリー,HV01|HV02|HV05|HV06,HV01+HV02+HV05+HV06,4着以下 + performance_signal 上位20% / 6着以下 + performance_signal 上位20% / 4着以下 + performance上位20% + 上がり80以上 / 6着以下 + performance上位20% + 上がり80以上,2026-08-22,04263105,10,0.0035714285714316674,-0.0035714285714316674,88.23529411764706,,0.4836970899470974,30.065359477124183,13,49.3,12,0,0
2026-09-12,S,09264304,0926430414,09,4,14,23103887,レイアン,HV01|HV02|HV03|HV05|HV06|HV07|HV11|HV12|HV13,HV01+HV02+HV03+HV05+HV06+HV07+HV11+HV12+HV13,4着以下 + performance_signal 上位20% / 6着以下 + performance_signal 上位20% / 4着以下 + 上がり速度percentile 90以上 / 4着以下 + performance上位20% + 上がり80以上 / 6着以下 + performance上位20% + 上がり80以上 / 4着以下 + 強い位置取り改善 + 上がり80以上 / 4着以下 + performance上位20% + 自身過去3走比改善 / 6着以下 + performance上位20% + 自身過去3走比改善 / 4着以下 + performance上位10% + 上がり90以上,2026-08-29,07263304,9,0.7402597402597295,-0.7402597402597295,93.33333333333333,0.4,1.5129449254449177,57.12418300653594,8,210.4,16,0,0
2026-09-12,S,09264307,0926430709,09,7,9,23105058,イッタレイッタレ,HV01|HV05|HV11,HV01+HV05+HV11,4着以下 + performance_signal 上位20% / 4着以下 + performance上位20% + 上がり80以上 / 4着以下 + performance上位20% + 自身過去3走比改善,2026-08-23,07263212,4,0.16228070175439296,-0.16228070175439296,80.0,,0.8792119186856102,20.40404040404041,1,8.9,4,1,290
2026-09-12,S,09264307,0926430713,09,7,13,23101700,ユウトザイシン,HV01|HV03|HV05|HV11,HV01+HV03+HV05+HV11,4着以下 + performance_signal 上位20% / 4着以下 + 上がり速度percentile 90以上 / 4着以下 + performance上位20% + 上がり80以上 / 4着以下 + performance上位20% + 自身過去3走比改善,2026-09-06,09264202,4,-0.05555555555556424,0.05555555555556424,93.33333333333333,,0.5049342105263004,33.98692810457516,6,5.4,2,0,0
2026-09-12,S,09264312,0926431202,09,12,2,21107255,ゼットスパンキー,HV01|HV02|HV03|HV05|HV06|HV11|HV12,HV01+HV02+HV03+HV05+HV06+HV11+HV12,4着以下 + performance_signal 上位20% / 6着以下 + performance_signal 上位20% / 4着以下 + 上がり速度percentile 90以上 / 4着以下 + performance上位20% + 上がり80以上 / 6着以下 + performance上位20% + 上がり80以上 / 4着以下 + performance上位20% + 自身過去3走比改善 / 6着以下 + performance上位20% + 自身過去3走比改善,2026-05-24,04261807,7,-0.08333333333334045,0.08333333333334045,100.0,,0.7552910052909962,0.0,13,83.5,12,0,0
2026-09-12,A,06264301,0626430108,06,1,8,24105829,ヴィシーチェック,HV03|HV07,HV03+HV07,4着以下 + 上がり速度percentile 90以上 / 4着以下 + 強い位置取り改善 + 上がり80以上,2026-08-02,04262402,9,-2.4583333333333317,2.4583333333333317,100.0,0.2727272727272727,,,5,4.8,3,0,0
2026-09-12,A,06264301,0626430109,06,1,9,24101195,サクセスボーイ,HV07,HV07,4着以下 + 強い位置取り改善 + 上がり80以上,2026-08-22,04263102,4,-1.0069444444444364,1.0069444444444364,81.81818181818181,0.6363636363636364,2.5930555555555577,81.81818181818181,1,7.8,4,1,180
2026-09-12,A,06264303,0626430304,06,3,4,23105062,フレンチブラッサム,HV01,HV01,4着以下 + performance_signal 上位20%,2026-08-29,01262306,5,0.21388888888889332,-0.21388888888889332,61.53846153846154,,0.45310457516340286,-18.22066822066821,11,16.9,9,0,0
2026-09-12,A,06264303,0626430313,06,3,13,23104484,エンジェルサン,HV01|HV11,HV01+HV11,4着以下 + performance_signal 上位20% / 4着以下 + performance上位20% + 自身過去3走比改善,2026-09-06,01262604,4,0.3999999999999915,-0.3999999999999915,33.333333333333336,,0.9127314814814764,-20.859010270774974,2,13.1,6,1,300
2026-09-12,A,06264303,0626430316,06,3,16,23105242,ポンテヴェッキオ,HV07,HV07,4着以下 + 強い位置取り改善 + 上がり80以上,2026-04-26,03261603,9,-0.85294117647059,0.85294117647059,85.71428571428571,0.3571428571428572,1.119281045751639,7.142857142857139,15,79.4,14,0,0
2026-09-12,A,06264304,0626430404,06,4,4,23103347,カーヴドヴァン,HV01|HV02|HV11|HV12,HV01+HV02+HV11+HV12,4着以下 + performance_signal 上位20% / 6着以下 + performance_signal 上位20% / 4着以下 + performance上位20% + 自身過去3走比改善 / 6着以下 + performance上位20% + 自身過去3走比改善,2026-07-26,04262204,8,0.1875000000000071,-0.1875000000000071,64.70588235294117,,0.6162457912458041,2.4836601307189525,1,64.8,16,1,1310
2026-09-12,A,06264304,0626430406,06,4,6,23102434,グランフルス,HV07,HV07,4着以下 + 強い位置取り改善 + 上がり80以上,2026-08-29,04263311,4,-0.6151785714285722,0.6151785714285722,88.23529411764706,0.7647058823529411,-0.46286375661376045,6.013071895424844,7,38.4,13,0,0
2026-09-12,A,06264304,0626430415,06,4,15,23100234,イーガービーバー,HV01|HV02|HV11|HV12,HV01+HV02+HV11+HV12,4着以下 + performance_signal 上位20% / 6着以下 + performance_signal 上位20% / 4着以下 + performance上位20% + 自身過去3走比改善 / 6着以下 + performance上位20% + 自身過去3走比改善,2026-07-26,04262204,9,0.1875000000000071,-0.1875000000000071,76.47058823529412,,1.1556216931216978,25.61085972850679,17,32.3,11,0,0
2026-09-12,A,06264308,0626430804,06,8,4,20101916,ペネトレイトゴー,HV01|HV11,HV01+HV11,4着以下 + performance_signal 上位20% / 4着以下 + performance上位20% + 自身過去3走比改善,2026-04-26,03261606,4,0.18141025641024444,-0.18141025641024444,41.666666666666664,0.5,0.7548183760683743,-55.555555555555564,8,17.7,7,0,0
2026-09-12,A,06264309,0626430901,06,9,1,21103533,ホウオウシンデレラ,HV01|HV11,HV01+HV11,4着以下 + performance_signal 上位20% / 4着以下 + performance上位20% + 自身過去3走比改善,2026-06-28,03262209,4,0.5499999999999972,-0.5499999999999972,75.0,0.3846153846153846,0.7274621212121156,2.7056277056277054,5,14.2,5,0,0
2026-09-12,A,06264309,0626430904,06,9,4,20102803,エリム,HV01|HV02|HV11|HV12,HV01+HV02+HV11+HV12,4着以下 + performance_signal 上位20% / 6着以下 + performance_signal 上位20% / 4着以下 + performance上位20% + 自身過去3走比改善 / 6着以下 + performance上位20% + 自身過去3走比改善,2026-07-19,02261c09,8,0.5138888888888794,-0.5138888888888794,58.333333333333336,0.25,0.9411195286195232,24.16083916083916,6,164.2,13,0,0
2026-09-12,A,06264309,0626430908,06,9,8,22105317,ミーントゥビー,HV03|HV07,HV03+HV07,4着以下 + 上がり速度percentile 90以上 / 4着以下 + 強い位置取り改善 + 上がり80以上,2026-08-23,01262212,5,-0.6444444444444425,0.6444444444444425,100.0,0.6153846153846154,-0.22599206349205325,34.242424242424235,7,15.3,6,0,0
2026-09-12,A,06264309,0626430910,06,9,10,22105233,ルナルーチェット,HV01|HV02,HV01+HV02,4着以下 + performance_signal 上位20% / 6着以下 + performance_signal 上位20%,2026-07-25,04262106,9,0.1499999999999968,-0.1499999999999968,28.571428571428573,,0.288194444444437,-26.274509803921564,3,7.3,3,1,170
2026-09-12,A,06264310,0626431004,06,10,4,22106813,マイネルフーガ,HV01|HV02,HV01+HV02,4着以下 + performance_signal 上位20% / 6着以下 + performance_signal 上位20%,2026-08-01,01261311,8,-0.08611111111110858,0.08611111111110858,46.666666666666664,-0.20000000000000007,-0.0388047138047059,-21.06190106190106,3,8.5,5,1,310
2026-09-12,A,06264310,0626431005,06,10,5,20100809,アマイ,HV01|HV02|HV11|HV12,HV01+HV02+HV11+HV12,4着以下 + performance_signal 上位20% / 6着以下 + performance_signal 上位20% / 4着以下 + performance上位20% + 自身過去3走比改善 / 6着以下 + performance上位20% + 自身過去3走比改善,2026-07-18,03262711,11,0.027777777777768305,-0.027777777777768305,13.333333333333334,-0.5333333333333333,0.6902777777777708,2.5,1,19.1,9,1,600
2026-09-12,A,06264311,0626431111,06,11,11,22104994,ブラウンラチェット,HV01|HV02|HV11|HV12,HV01+HV02+HV11+HV12,4着以下 + performance_signal 上位20% / 6着以下 + performance_signal 上位20% / 4着以下 + performance上位20% + 自身過去3走比改善 / 6着以下 + performance上位20% + 自身過去3走比改善,2026-06-21,05263611,7,0.2222222222222175,-0.2222222222222175,33.333333333333336,-0.33333333333333337,2.6595238095238023,12.156862745098042,12,31.2,9,0,0
2026-09-12,A,06264311,0626431115,06,11,15,20101174,ユキマル,HV01,HV01,4着以下 + performance_signal 上位20%,2026-07-19,03262811,5,-0.08695652173913786,0.08695652173913786,66.66666666666667,,0.26119162640900556,-1.5873015873015817,1,6.3,3,1,180
2026-09-12,A,06264312,0626431201,06,12,1,23102352,タイセツナヒ,HV07,HV07,4着以下 + 強い位置取り改善 + 上がり80以上,2026-08-15,01261708,8,-1.0205882352941174,1.0205882352941174,88.88888888888889,0.30000000000000004,-0.010723335227814879,18.74236874236874,11,45.3,9,0,0
2026-09-12,A,06264312,0626431216,06,12,16,22100485,スーパーホース,HV07,HV07,4着以下 + 強い位置取り改善 + 上がり80以上,2026-08-02,04262409,7,-0.8333333333333413,0.8333333333333413,85.71428571428571,0.2857142857142857,0.4414471102450652,47.14285714285713,13,155.4,14,0,0
2026-09-12,A,09264301,0926430102,09,1,2,21102905,ホルトバージ,HV01|HV11,HV01+HV11,4着以下 + performance_signal 上位20% / 4着以下 + performance上位20% + 自身過去3走比改善,2026-06-27,03262111,5,0.07083333333332575,-0.07083333333332575,62.5,0.125,0.9203042328042286,18.727106227106226,6,7.6,3,0,0
2026-09-12,A,09264301,0926430104,09,1,4,22103576,インターステラ,HV07,HV07,4着以下 + 強い位置取り改善 + 上がり80以上,2025-07-05,02251706,7,-0.8676470588235344,0.8676470588235344,80.0,0.36363636363636365,-0.26880835667600755,21.709401709401703,4,13.2,4,0,0
2026-09-12,A,09264303,0926430302,09,3,2,24107194,ジュンヴァグネル,HV07,HV07,4着以下 + 強い位置取り改善 + 上がり80以上,2026-08-29,07263302,4,-0.6805555555555602,0.6805555555555602,81.81818181818181,0.5454545454545455,0.5416666666666636,67.53246753246752,4,3.3,2,0,0
2026-09-12,A,09264304,0926430408,09,4,8,23105323,バックドラフト,HV01|HV02|HV11|HV12,HV01+HV02+HV11+HV12,4着以下 + performance_signal 上位20% / 6着以下 + performance_signal 上位20% / 4着以下 + performance上位20% + 自身過去3走比改善 / 6着以下 + performance上位20% + 自身過去3走比改善,2026-08-16,07262804,9,0.5901515151515184,-0.5901515151515184,35.294117647058826,-0.3529411764705882,1.0382996632996697,-8.235294117647058,7,15.3,7,0,0
2026-09-12,A,09264307,0926430701,09,7,1,23102968,キャスケード,HV01,HV01,4着以下 + performance_signal 上位20%,2026-08-22,07263105,5,-0.05263157894736383,0.05263157894736383,60.0,,0.2495822890559736,-7.521367521367509,11,23.3,10,0,0
2026-09-12,A,09264307,0926430706,09,7,6,23103250,マイベスティー,HV01,HV01,4着以下 + performance_signal 上位20%,2026-09-06,09264202,5,-0.05555555555556424,0.05555555555556424,66.66666666666667,,0.3994360902255513,0.8058608058608172,5,13.1,7,0,0
2026-09-12,A,09264307,0926430711,09,7,11,23106909,バルフルール,HV01,HV01,4着以下 + performance_signal 上位20%,2026-08-30,07263411,4,0.4607142857142829,-0.4607142857142829,64.70588235294117,,0.39642857142856447,-11.633986928104576,3,10.9,5,1,350
2026-09-12,A,09264308,0926430802,09,8,2,22101608,オーシンエス,HV01|HV11,HV01+HV11,4着以下 + performance_signal 上位20% / 4着以下 + performance上位20% + 自身過去3走比改善,2026-07-19,10262812,4,0.2013888888888873,-0.2013888888888873,75.0,0.5,0.9991161616161658,31.64335664335664,5,123.9,11,0,0
2026-09-12,A,09264308,0926430803,09,8,3,23100967,バークシャーシチー,HV01|HV02|HV11|HV12,HV01+HV02+HV11+HV12,4着以下 + performance_signal 上位20% / 6着以下 + performance_signal 上位20% / 4着以下 + performance上位20% + 自身過去3走比改善 / 6着以下 + performance上位20% + 自身過去3走比改善,2026-08-30,07263410,7,-0.03214285714285836,0.03214285714285836,33.333333333333336,-0.6666666666666666,0.608399470899475,-47.34848484848485,13,42.8,8,0,0
2026-09-12,A,09264308,0926430805,09,8,5,22105814,サイモンノーブル,HV01|HV02,HV01+HV02,4着以下 + performance_signal 上位20% / 6着以下 + performance_signal 上位20%,2026-08-30,07263410,6,0.017857142857145902,-0.017857142857145902,55.55555555555556,0.0,-0.32994227994227593,-14.267040149393083,12,284.9,14,0,0
2026-09-12,A,09264308,0926430806,09,8,6,23105965,コレオシークエンス,HV01,HV01,4着以下 + performance_signal 上位20%,2026-03-21,09261911,4,0.3583333333333343,-0.3583333333333343,72.72727272727273,-0.09090909090909083,0.10932539682539755,15.78282828282829,4,4.0,3,0,0
2026-09-12,A,09264308,0926430812,09,8,12,23104390,エンジェルボイス,HV03,HV03,4着以下 + 上がり速度percentile 90以上,2026-06-06,09263109,4,-0.20277777777777492,0.20277777777777492,100.0,,0.4351957070707021,47.77777777777778,9,28.0,6,0,0
2026-09-12,A,09264309,0926430913,09,9,13,22100642,キャッスルレイク,HV01,HV01,4着以下 + performance_signal 上位20%,2026-08-29,07263308,4,-0.05714285714285593,0.05714285714285593,23.076923076923077,,0.25922619047619155,-19.700854700854695,13,22.9,8,0,0
2026-09-12,A,09264310,0926431004,09,10,4,20106660,スズカダブル,HV01|HV02|HV11|HV12,HV01+HV02+HV11+HV12,4着以下 + performance_signal 上位20% / 6着以下 + performance_signal 上位20% / 4着以下 + performance上位20% + 自身過去3走比改善 / 6着以下 + performance上位20% + 自身過去3走比改善,2026-05-24,08263a11,8,0.6701388888888952,-0.6701388888888952,25.0,,0.8041456228956274,25.0,14,30.2,9,0,0
2026-09-12,A,09264310,0926431007,09,10,7,22105021,マテンロウブレイブ,HV03|HV07,HV03+HV07,4着以下 + 上がり速度percentile 90以上 / 4着以下 + 強い位置取り改善 + 上がり80以上,2026-05-30,08263b10,4,-1.0555555555555587,1.0555555555555587,100.0,0.5333333333333333,-1.0063647681294736,0.0,9,3.7,2,0,0
2026-09-12,A,09264311,0926431103,09,11,3,22101648,センツブラッド,HV01,HV01,4着以下 + performance_signal 上位20%,2026-07-12,03262611,4,0.2916666666666643,-0.2916666666666643,73.33333333333333,-0.06666666666666665,0.20925925925925554,39.56196581196581,12,50.0,13,0,0
2026-09-12,A,09264311,0926431108,09,11,8,22104896,カラマティアノス,HV01|HV02,HV01+HV02,4着以下 + performance_signal 上位20% / 6着以下 + performance_signal 上位20%,2026-07-12,03262611,7,0.0416666666666643,-0.0416666666666643,53.333333333333336,0.06666666666666665,0.13981481481481056,0.7692307692307736,2,18.5,9,1,510
2026-09-12,A,09264311,0926431110,09,11,10,21106548,タガノデュード,HV03|HV07,HV03+HV07,4着以下 + 上がり速度percentile 90以上 / 4着以下 + 強い位置取り改善 + 上がり80以上,2026-06-14,09263411,5,-1.5757575757575766,1.5757575757575766,93.75,0.7647058823529411,-1.1663825757575783,5.654761904761912,11,8.5,4,0,0
2026-09-12,A,09264311,0926431113,09,11,13,20103522,グランヴィノス,HV01|HV11,HV01+HV11,4着以下 + performance_signal 上位20% / 4着以下 + performance上位20% + 自身過去3走比改善,2025-12-06,09255111,4,1.3333333333333364,-1.3333333333333364,69.23076923076923,,1.3236111111111115,10.76516076516075,0,26.0,11,0,0
2026-09-12,A,09264311,0926431116,09,11,16,19105546,マテンロウスカイ,HV01|HV02|HV11|HV12,HV01+HV02+HV11+HV12,4着以下 + performance_signal 上位20% / 6着以下 + performance_signal 上位20% / 4着以下 + performance上位20% + 自身過去3走比改善 / 6着以下 + performance上位20% + 自身過去3走比改善,2026-07-26,04262207,6,8.881784197001252e-15,-8.881784197001252e-15,61.53846153846154,,1.6736928104575248,52.43482008187891,14,155.1,15,0,0
2026-09-12,A,09264312,0926431207,09,12,7,23104805,オプティモ,HV01|HV05,HV01+HV05,4着以下 + performance_signal 上位20% / 4着以下 + performance上位20% + 上がり80以上,2026-08-23,07263208,5,-0.00438596491227609,0.00438596491227609,86.66666666666667,,0.3567251461988348,11.111111111111114,4,30.1,9,0,0
2026-09-12,A,09264312,0926431215,09,12,15,22104448,ガビーズブラザー,HV03,HV03,4着以下 + 上がり速度percentile 90以上,2026-08-09,07262610,7,-0.4761904761904745,0.4761904761904745,100.0,,1.1281288156288163,64.44444444444444,6,20.3,8,0,0
2026-09-13,S,06264404,0626440403,06,4,3,23100573,ブライティアロード,HV01|HV02|HV03|HV05|HV06|HV11|HV12,HV01+HV02+HV03+HV05+HV06+HV11+HV12,4着以下 + performance_signal 上位20% / 6着以下 + performance_signal 上位20% / 4着以下 + 上がり速度percentile 90以上 / 4着以下 + performance上位20% + 上がり80以上 / 6着以下 + performance上位20% + 上がり80以上 / 4着以下 + performance上位20% + 自身過去3走比改善 / 6着以下 + performance上位20% + 自身過去3走比改善,2026-07-05,02261804,10,-0.0833333333333286,0.0833333333333286,100.0,,1.3888888888888928,42.15686274509804,14,221.0,14,0,0
2026-09-13,S,06264407,0626440703,06,7,3,22104179,ツインピークス,HV01|HV02|HV05|HV06|HV11|HV12,HV01+HV02+HV05+HV06+HV11+HV12,4着以下 + performance_signal 上位20% / 6着以下 + performance_signal 上位20% / 4着以下 + performance上位20% + 上がり80以上 / 6着以下 + performance上位20% + 上がり80以上 / 4着以下 + performance上位20% + 自身過去3走比改善 / 6着以下 + performance上位20% + 自身過去3走比改善,2026-08-22,04263110,8,0.5035714285714388,-0.5035714285714388,85.71428571428571,,1.656382275132291,48.77450980392156,12,17.0,7,0,0
2026-09-13,S,09264404,0926440404,09,4,4,23103743,シャリキモン,HV01|HV05|HV07|HV11,HV01+HV05+HV07+HV11,4着以下 + performance_signal 上位20% / 4着以下 + performance上位20% + 上がり80以上 / 4着以下 + 強い位置取り改善 + 上がり80以上 / 4着以下 + performance上位20% + 自身過去3走比改善,2026-08-16,04262802,5,0.10416666666666667,-0.10416666666666667,81.25,0.6875,0.5074252136752082,29.02777777777778,14,46.6,11,0,0
2026-09-13,S,09264404,0926440413,09,4,13,23106998,ジュンヴァッテッド,HV01|HV02|HV05|HV06|HV07|HV11|HV12,HV01+HV02+HV05+HV06+HV07+HV11+HV12,4着以下 + performance_signal 上位20% / 6着以下 + performance_signal 上位20% / 4着以下 + performance上位20% + 上がり80以上 / 6着以下 + performance上位20% + 上がり80以上 / 4着以下 + 強い位置取り改善 + 上がり80以上 / 4着以下 + performance上位20% + 自身過去3走比改善 / 6着以下 + performance上位20% + 自身過去3走比改善,2026-08-29,07263304,6,0.7857142857142724,-0.7857142857142724,86.66666666666667,0.5333333333333334,1.1482142857142672,34.56582633053222,12,239.6,18,0,0
2026-09-13,S,09264406,0926440614,09,6,14,23102022,ペプチドアロン,HV01|HV02|HV05|HV06,HV01+HV02+HV05+HV06,4着以下 + performance_signal 上位20% / 6着以下 + performance_signal 上位20% / 4着以下 + performance上位20% + 上がり80以上 / 6着以下 + performance上位20% + 上がり80以上,2026-09-06,09264202,6,-0.05555555555556424,0.05555555555556424,86.66666666666667,,-0.3062169312169364,-6.666666666666657,4,4.0,2,0,0
2026-09-13,S,09264408,0926440802,09,8,2,23105041,ココロヅヨサ,HV01|HV05|HV07,HV01+HV05+HV07,4着以下 + performance_signal 上位20% / 4着以下 + performance上位20% + 上がり80以上 / 4着以下 + 強い位置取り改善 + 上がり80以上,2026-06-20,09263508,4,0.15972222222222696,-0.15972222222222696,80.0,0.4,0.34081384015595473,19.814107461166287,2,3.9,2,1,150
2026-09-13,A,06264401,0626440109,06,1,9,21101216,ストラクチャー,HV01|HV02|HV11|HV12,HV01+HV02+HV11+HV12,4着以下 + performance_signal 上位20% / 6着以下 + performance_signal 上位20% / 4着以下 + performance上位20% + 自身過去3走比改善 / 6着以下 + performance上位20% + 自身過去3走比改善,2024-09-21,07243607,12,-0.02499999999999858,0.02499999999999858,60.0,0.20000000000000007,0.8260129490392677,44.44444444444444,7,7.9,7,0,0
2026-09-13,A,06264403,0626440304,06,3,4,24105692,アルニタク,HV03,HV03,4着以下 + 上がり速度percentile 90以上,2026-07-19,03262806,12,-2.0555555555555456,2.0555555555555456,93.33333333333333,,,,2,17.9,5,1,320
2026-09-13,A,06264404,0626440405,06,4,5,23106986,グランマエストロ,HV01|HV02,HV01+HV02,4着以下 + performance_signal 上位20% / 6着以下 + performance_signal 上位20%,2026-07-19,03262803,8,-0.06944444444443655,0.06944444444443655,46.666666666666664,0.19999999999999996,0.12169312169312942,-11.24183006535948,8,10.6,7,0,0
2026-09-13,A,06264404,0626440412,06,4,12,23104689,ニシノオールワン,HV03,HV03,4着以下 + 上がり速度percentile 90以上,2026-07-18,02261b04,7,-0.7275641025641022,0.7275641025641022,100.0,,-0.7634437321937347,48.47222222222222,12,41.7,12,0,0
2026-09-13,A,06264404,0626440415,06,4,15,23102737,ポポラヴィスタ,HV01|HV11,HV01+HV11,4着以下 + performance_signal 上位20% / 4着以下 + performance上位20% + 自身過去3走比改善,2026-08-23,04263205,4,0.33333333333333015,-0.33333333333333015,47.05882352941177,,0.5712962962962925,-2.6237161531279085,5,36.6,11,0,0
2026-09-13,A,06264406,0626440605,06,6,5,23101825,ヨドノサファイア,HV01|HV11,HV01+HV11,4着以下 + performance_signal 上位20% / 4着以下 + performance上位20% + 自身過去3走比改善,2026-08-30,01262403,4,0.05294117647059024,-0.05294117647059024,53.84615384615385,0.07692307692307687,0.9830568124685778,9.157509157509153,2,38.5,10,1,1060
2026-09-13,A,06264406,0626440611,06,6,11,23105614,レッドフリーマン,HV01|HV02|HV11|HV12,HV01+HV02+HV11+HV12,4着以下 + performance_signal 上位20% / 6着以下 + performance_signal 上位20% / 4着以下 + performance上位20% + 自身過去3走比改善 / 6着以下 + performance上位20% + 自身過去3走比改善,2026-07-19,03262803,9,-0.06944444444443655,0.06944444444443655,40.0,-0.4666666666666667,0.5819444444444499,-2.7350427350427324,10,37.1,9,0,0
2026-09-13,A,06264407,0626440701,06,7,1,21105473,ラヴスコール,HV01|HV11,HV01+HV11,4着以下 + performance_signal 上位20% / 4着以下 + performance上位20% + 自身過去3走比改善,2026-08-22,04263110,5,0.5660714285714352,-0.5660714285714352,50.0,,1.050297017797022,-23.33333333333333,5,28.9,12,0,0
2026-09-13,A,06264407,0626440702,06,7,2,23107078,スマイルカーブ,HV01|HV02|HV11|HV12,HV01+HV02+HV11+HV12,4着以下 + performance_signal 上位20% / 6着以下 + performance_signal 上位20% / 4着以下 + performance上位20% + 自身過去3走比改善 / 6着以下 + performance上位20% + 自身過去3走比改善,2026-08-22,04263110,11,0.44107142857143344,-0.44107142857143344,57.142857142857146,,0.7813492063492096,-38.41269841269841,1,17.6,8,1,530
2026-09-13,A,06264407,0626440704,06,7,4,22104275,ノーブルライナー,HV01|HV02|HV11|HV12,HV01+HV02+HV11+HV12,4着以下 + performance_signal 上位20% / 6着以下 + performance_signal 上位20% / 4着以下 + performance上位20% + 自身過去3走比改善 / 6着以下 + performance上位20% + 自身過去3走比改善,2025-09-15,06254504,9,0.8055555555555483,-0.8055555555555483,20.0,-0.1333333333333333,0.7870370370370279,-26.666666666666664,9,33.7,13,0,0
2026-09-13,A,06264407,0626440707,06,7,7,23106747,ダイヤテソーロ,HV01|HV02,HV01+HV02,4着以下 + performance_signal 上位20% / 6着以下 + performance_signal 上位20%,2026-08-22,04263110,7,0.5035714285714388,-0.5035714285714388,28.571428571428573,,0.4429232804232974,-36.74719887955182,15,19.0,9,0,0
2026-09-13,A,06264407,0626440712,06,7,12,22105191,スペードギニー,HV01|HV02|HV11|HV12,HV01+HV02+HV11+HV12,4着以下 + performance_signal 上位20% / 6着以下 + performance_signal 上位20% / 4着以下 + performance上位20% + 自身過去3走比改善 / 6着以下 + performance上位20% + 自身過去3走比改善,2026-08-23,04263210,9,0.3999999999999986,-0.3999999999999986,45.45454545454545,,0.9949074074074045,-17.622377622377634,14,105.3,15,0,0
2026-09-13,A,06264407,0626440713,06,7,13,22105216,ソレエスピアージャ,HV01|HV11,HV01+HV11,4着以下 + performance_signal 上位20% / 4着以下 + performance上位20% + 自身過去3走比改善,2025-09-06,01252504,5,0.05833333333333002,-0.05833333333333002,46.666666666666664,-0.2666666666666666,0.531481481481473,-1.739567621920564,13,44.8,14,0,0
2026-09-13,A,06264407,0626440716,06,7,16,22106150,スワローシチー,HV01|HV05,HV01+HV05,4着以下 + performance_signal 上位20% / 4着以下 + performance上位20% + 上がり80以上,2026-07-25,04262105,4,0.5111111111111121,-0.5111111111111121,80.0,,0.45103114478114287,31.666666666666664,7,28.7,11,0,0
2026-09-13,A,06264408,0626440811,06,8,11,23105067,トップマジシャン,HV03,HV03,4着以下 + 上がり速度percentile 90以上,2026-05-16,05262707,10,-0.7544642857142797,0.7544642857142797,93.33333333333333,,0.550429894179901,40.158730158730144,10,52.0,10,0,0
2026-09-13,A,06264409,0626440905,06,9,5,22104171,スナークピカソ,HV01,HV01,4着以下 + performance_signal 上位20%,2026-08-08,07262506,4,-0.0267857142857153,0.0267857142857153,70.0,,0.48095238095238635,-7.7777777777777715,7,21.5,6,0,0
2026-09-13,A,06264409,0626440909,06,9,9,21106826,レッセパッセ,HV03,HV03,4着以下 + 上がり速度percentile 90以上,2026-08-23,01262212,10,-1.033333333333333,1.033333333333333,92.3076923076923,0.23076923076923084,-0.7226851851851803,22.73698523698522,9,94.0,10,0,0
2026-09-13,A,06264409,0626440911,06,9,11,22106817,マイネルアレス,HV01|HV02,HV01+HV02,4着以下 + performance_signal 上位20% / 6着以下 + performance_signal 上位20%,2026-08-29,04263307,6,0.04285714285714448,-0.04285714285714448,25.0,,-0.2139550264550218,-43.031968031968034,8,8.4,4,0,0
2026-09-13,A,06264410,0626441004,06,10,4,21100623,スプランドゥール,HV03,HV03,4着以下 + 上がり速度percentile 90以上,2026-08-15,04262707,10,-1.8055555555555596,1.8055555555555596,92.85714285714286,,-0.31597222222222543,19.444444444444443,6,47.5,7,0,0
2026-09-13,A,06264411,0626441102,06,11,2,23107321,アウダーシア,HV07,HV07,4着以下 + 強い位置取り改善 + 上がり80以上,2026-05-31,05262c11,11,-0.4375000000000048,0.4375000000000048,88.23529411764706,0.3529411764705882,-0.3190972222222238,-8.98692810457517,3,11.6,6,1,390
2026-09-13,A,06264411,0626441103,06,11,3,23107278,バドリナート,HV03|HV07,HV03+HV07,4着以下 + 上がり速度percentile 90以上 / 4着以下 + 強い位置取り改善 + 上がり80以上,2026-06-28,03262211,4,-0.6527777777777762,0.6527777777777762,93.33333333333333,0.5333333333333333,-0.5669432419432379,38.095238095238095,8,40.5,10,0,0
2026-09-13,A,06264411,0626441108,06,11,8,23105378,ゴーイントゥスカイ,HV03|HV07,HV03+HV07,4着以下 + 上がり速度percentile 90以上 / 4着以下 + 強い位置取り改善 + 上がり80以上,2026-05-31,05262c11,4,-0.2291666666666714,0.2291666666666714,100.0,0.6470588235294117,-0.14973544973545874,15.833333333333329,6,4.3,1,0,0
2026-09-13,A,06264411,0626441112,06,11,12,23105560,ラージアンサンブル,HV01|HV02|HV11|HV12,HV01+HV02+HV11+HV12,4着以下 + performance_signal 上位20% / 6着以下 + performance_signal 上位20% / 4着以下 + performance上位20% + 自身過去3走比改善 / 6着以下 + performance上位20% + 自身過去3走比改善,2026-04-19,06263811,8,0.5988636363636317,-0.5988636363636317,52.94117647058823,-0.11764705882352933,0.8380636724386671,-30.392156862745097,7,27.5,8,0,0
2026-09-13,A,06264412,0626441202,06,12,2,21103033,ハイラント,HV01|HV02,HV01+HV02,4着以下 + performance_signal 上位20% / 6着以下 + performance_signal 上位20%,2026-07-11,03262509,9,-0.02777777777778895,0.02777777777778895,64.28571428571429,0.2142857142857143,-0.07507122507123686,13.174603174603178,13,67.7,11,0,0
2026-09-13,A,06264412,0626441207,06,12,7,22105556,ラストレガシー,HV03|HV07,HV03+HV07,4着以下 + 上がり速度percentile 90以上 / 4着以下 + 強い位置取り改善 + 上がり80以上,2026-08-16,04262808,4,-0.35416666666666036,0.35416666666666036,100.0,0.5833333333333334,-0.26479468599033396,14.550264550264558,6,6.3,2,0,0
2026-09-13,A,06264412,0626441212,06,12,12,21101195,コーリンカルベラ,HV03|HV07,HV03+HV07,4着以下 + 上がり速度percentile 90以上 / 4着以下 + 強い位置取り改善 + 上がり80以上,2026-08-16,04262808,7,-0.5763888888888857,0.5763888888888857,91.66666666666667,0.5,0.14351851851851727,-0.541125541125524,9,14.5,5,0,0
2026-09-13,A,09264403,0926440305,09,3,5,23110041,クロレ,HV01|HV03|HV05,HV01+HV03+HV05,4着以下 + performance_signal 上位20% / 4着以下 + 上がり速度percentile 90以上 / 4着以下 + performance上位20% + 上がり80以上,2026-08-29,07263312,4,0.001984126984121796,-0.001984126984121796,100.0,0.07692307692307687,0.23892195767195537,24.444444444444443,4,4.1,2,0,0
2026-09-13,A,09264403,0926440313,09,3,13,23104048,カワキタベレッタ,HV07,HV07,4着以下 + 強い位置取り改善 + 上がり80以上,2026-09-05,09264103,4,-0.6269841269841218,0.6269841269841218,83.33333333333333,0.41666666666666663,0.23705669402264373,8.412698412698404,5,30.0,9,0,0
2026-09-13,A,09264404,0926440406,09,4,6,23103758,ヴィスメンティス,HV01|HV11,HV01+HV11,4着以下 + performance_signal 上位20% / 4着以下 + performance上位20% + 自身過去3走比改善,2026-08-29,07263304,5,0.8311688311688152,-0.8311688311688152,20.0,-0.1333333333333333,1.0943362193362092,-27.83068783068783,16,22.0,7,0,0
2026-09-13,A,09264404,0926440407,09,4,7,23105232,ヴァンドゥーヴル,HV07,HV07,4着以下 + 強い位置取り改善 + 上がり80以上,2026-08-16,07262809,6,-0.6396780303030363,0.6396780303030363,82.3529411764706,0.588235294117647,0.20185636123135697,27.03548085901027,5,105.0,16,0,0
2026-09-13,A,09264404,0926440411,09,4,11,23105805,ロールスワン,HV01,HV01,4着以下 + performance_signal 上位20%,2026-09-06,09264204,4,0.057142857142849834,-0.057142857142849834,71.42857142857143,0.20000000000000007,0.32103174603173557,6.722689075630257,7,75.1,14,0,0
2026-09-13,A,09264406,0926440613,09,6,13,23106243,ナムラヴンダー,HV01|HV11,HV01+HV11,4着以下 + performance_signal 上位20% / 4着以下 + performance上位20% + 自身過去3走比改善,2026-08-29,07263304,4,0.9220779220779138,-0.9220779220779138,73.33333333333333,0.1333333333333333,1.1022276334776249,0.5664488017429221,8,14.7,7,0,0
2026-09-13,A,09264407,0926440710,09,7,10,23101577,フレイムスター,HV01|HV02|HV11|HV12,HV01+HV02+HV11+HV12,4着以下 + performance_signal 上位20% / 6着以下 + performance_signal 上位20% / 4着以下 + performance上位20% + 自身過去3走比改善 / 6着以下 + performance上位20% + 自身過去3走比改善,2026-08-29,07263311,8,0.0982142857142776,-0.0982142857142776,16.666666666666668,,0.6104166666666556,-9.615384615384613,2,6.0,4,1,280
2026-09-13,A,09264408,0926440804,09,8,4,23104395,レッドホット,HV03|HV07,HV03+HV07,4着以下 + 上がり速度percentile 90以上 / 4着以下 + 強い位置取り改善 + 上がり80以上,2026-08-22,07263110,8,-1.2222222222222239,1.2222222222222239,90.9090909090909,0.2727272727272727,-0.6661793372319671,13.13131313131312,6,27.3,8,0,0
2026-09-13,A,09264408,0926440812,09,8,12,21106078,ブルーストレイル,HV03|HV07,HV03+HV07,4着以下 + 上がり速度percentile 90以上 / 4着以下 + 強い位置取り改善 + 上がり80以上,2026-08-22,07263110,9,-1.3888888888888888,1.3888888888888888,100.0,0.2727272727272727,-0.02781258702311118,42.2077922077922,11,366.2,12,0,0
2026-09-13,A,09264409,0926440904,09,9,4,20103647,ダイヤモンドハンズ,HV03,HV03,4着以下 + 上がり速度percentile 90以上,2026-08-09,07262606,4,-1.1458333333333357,1.1458333333333357,100.0,0.16666666666666663,-0.6498346560846584,48.78205128205128,2,13.4,5,1,230
2026-09-13,A,09264410,0926441004,09,10,4,21104153,エポックヴィーナス,HV03,HV03,4着以下 + 上がり速度percentile 90以上,2026-08-01,07262307,7,-1.1625000000000085,1.1625000000000085,100.0,,-1.0180555555555622,17.948717948717942,4,8.6,3,0,0
2026-09-13,A,09264410,0926441006,09,10,6,20100976,ハギノアルデバラン,HV01|HV11,HV01+HV11,4着以下 + performance_signal 上位20% / 4着以下 + performance上位20% + 自身過去3走比改善,2026-08-09,04262606,5,0.33680555555555713,-0.33680555555555713,75.0,,0.6099537037037016,45.146520146520146,7,12.1,4,0,0
2026-09-13,A,09264410,0926441009,09,10,9,22101676,サンタンカ,HV01|HV02,HV01+HV02,4着以下 + performance_signal 上位20% / 6着以下 + performance_signal 上位20%,2026-06-14,09263410,11,-0.06250000000001421,0.06250000000001421,69.23076923076923,,0.18019480519479272,-4.145854145854159,6,20.1,8,0,0
2026-09-13,A,09264410,0926441011,09,10,11,20103969,ヨウシタンレイ,HV03,HV03,4着以下 + 上がり速度percentile 90以上,2026-05-31,08263c12,5,-0.14999999999999555,0.14999999999999555,94.11764705882354,,0.40621693121693503,11.895424836601308,14,19.1,7,0,0
2026-09-13,A,09264410,0926441014,09,10,14,20105354,サクセスアイ,HV01|HV02|HV11|HV12,HV01+HV02+HV11+HV12,4着以下 + performance_signal 上位20% / 6着以下 + performance_signal 上位20% / 4着以下 + performance上位20% + 自身過去3走比改善 / 6着以下 + performance上位20% + 自身過去3走比改善,2026-08-30,01262411,6,0.4057692307692283,-0.4057692307692283,61.53846153846154,,0.9070754477004439,-3.167420814479634,11,81.7,14,0,0
2026-09-13,A,09264410,0926441015,09,10,15,22106793,コスモアンソロジー,HV01|HV11,HV01+HV11,4着以下 + performance_signal 上位20% / 4着以下 + performance上位20% + 自身過去3走比改善,2026-07-18,03262711,4,0.5277777777777715,-0.5277777777777715,53.333333333333336,0.0,0.6525462962962904,-18.055555555555564,13,15.2,5,0,0
2026-09-13,A,09264411,0926441101,09,11,1,23103807,アンジュドジョワ,HV07,HV07,4着以下 + 強い位置取り改善 + 上がり80以上,2026-05-24,05262a11,9,-1.3819444444444549,1.3819444444444549,82.3529411764706,0.3529411764705882,-1.466071428571431,-11.397058823529406,9,11.9,5,0,0
2026-09-13,A,09264411,0926441102,09,11,2,23102102,エンネ,HV03|HV07,HV03+HV07,4着以下 + 上がり速度percentile 90以上 / 4着以下 + 強い位置取り改善 + 上がり80以上,2026-05-24,05262a11,7,-1.3402777777777906,1.3402777777777906,100.0,0.588235294117647,-1.2680555555555744,0.0,2,5.9,3,1,150
2026-09-19,S,06264507,0626450705,06,7,5,21104155,サトノリアン,HV01|HV03|HV05|HV07|HV11|HV13,HV01+HV03+HV05+HV07+HV11+HV13,4着以下 + performance_signal 上位20% / 4着以下 + 上がり速度percentile 90以上 / 4着以下 + performance上位20% + 上がり80以上 / 4着以下 + 強い位置取り改善 + 上がり80以上 / 4着以下 + performance上位20% + 自身過去3走比改善 / 4着以下 + performance上位10% + 上がり90以上,2026-07-12,02261a08,5,0.6544117647058911,-0.6544117647058911,100.0,0.6,1.0178376906318143,8.461538461538453,6,5.0,3,0,0
2026-09-19,S,09264507,0926450711,09,7,11,23107379,サトノビダーヤ,HV01|HV05|HV07|HV11,HV01+HV05+HV07+HV11,4着以下 + performance_signal 上位20% / 4着以下 + performance上位20% + 上がり80以上 / 4着以下 + 強い位置取り改善 + 上がり80以上 / 4着以下 + performance上位20% + 自身過去3走比改善,2026-08-22,07263103,4,0.3039772727272805,-0.3039772727272805,85.71428571428571,0.2857142857142857,0.844633838383841,48.67724867724867,12,17.3,8,0,0
2026-09-19,S,09264507,0926450712,09,7,12,23107125,ディアーモルタル,HV01|HV02|HV03|HV05|HV06|HV07,HV01+HV02+HV03+HV05+HV06+HV07,4着以下 + performance_signal 上位20% / 6着以下 + performance_signal 上位20% / 4着以下 + 上がり速度percentile 90以上 / 4着以下 + performance上位20% + 上がり80以上 / 6着以下 + performance上位20% + 上がり80以上 / 4着以下 + 強い位置取り改善 + 上がり80以上,2026-09-06,09264204,6,0.007142857142852677,-0.007142857142852677,100.0,0.6000000000000001,0.13096440596439846,34.2483660130719,10,60.2,11,0,0
2026-09-19,S,09264511,0926451116,09,11,16,20110100,シゲルソロソロ,HV01|HV05|HV11,HV01+HV05+HV11,4着以下 + performance_signal 上位20% / 4着以下 + performance上位20% + 上がり80以上 / 4着以下 + performance上位20% + 自身過去3走比改善,2026-08-22,07263107,4,-0.05263157894736383,0.05263157894736383,80.0,,0.7833472570314834,8.8888888888889,8,32.5,8,0,0
2026-09-19,A,06264507,0626450701,06,7,1,23102977,ダイシンパルス,HV03,HV03,4着以下 + 上がり速度percentile 90以上,2026-08-30,01262404,11,-0.4192307692307722,0.4192307692307722,93.33333333333333,0.06666666666666665,0.5749821937321947,57.385620915032675,14,65.0,11,0,0
2026-09-19,A,06264507,0626450703,06,7,3,19103219,ブレイクザアイス,HV01|HV02,HV01+HV02,4着以下 + performance_signal 上位20% / 6着以下 + performance_signal 上位20%,2026-07-12,02261a08,7,0.2794117647058888,-0.2794117647058888,50.0,0.30000000000000004,0.31413398692811834,-16.75213675213675,4,18.9,8,0,0
2026-09-19,A,06264507,0626450707,06,7,7,23106827,ラブトゥエニイワン,HV07,HV07,4着以下 + 強い位置取り改善 + 上がり80以上,2026-09-06,06264203,6,-0.9166666666666619,0.9166666666666619,85.71428571428571,0.6428571428571428,-0.07247023809522701,28.157724628312856,13,79.4,12,0,0
2026-09-19,A,06264507,0626450710,06,7,10,23106531,ゴーントゥファー,HV03,HV03,4着以下 + 上がり速度percentile 90以上,2026-08-15,01261701,7,-1.6176470588235294,1.6176470588235294,90.9090909090909,0.07692307692307687,1.5061683006535969,52.34580234580235,9,125.6,13,0,0
2026-09-19,A,06264510,0626451001,06,10,1,22105633,ノラリクラリ,HV03,HV03,4着以下 + 上がり速度percentile 90以上,2026-05-31,05262c08,7,-0.2708333333333239,0.2708333333333239,92.3076923076923,-0.23076923076923073,-0.05985449735448692,6.267806267806279,2,8.3,5,1,250
2026-09-19,A,06264510,0626451007,06,10,7,22104856,ブリヤディアマンテ,HV03|HV07,HV03+HV07,4着以下 + 上がり速度percentile 90以上 / 4着以下 + 強い位置取り改善 + 上がり80以上,2026-08-16,01261812,4,-0.8211538461538427,0.8211538461538427,100.0,0.3846153846153846,-0.09476495726495338,65.71428571428572,12,78.7,10,0,0
2026-09-19,A,06264510,0626451010,06,10,10,22104980,ダノンピクチャー,HV01|HV02,HV01+HV02,4着以下 + performance_signal 上位20% / 6着以下 + performance_signal 上位20%,2026-08-15,04262706,9,-0.04848484848484314,0.04848484848484314,45.45454545454545,-0.07692307692307698,0.038199624449637155,-48.27764827764827,8,29.5,9,0,0
2026-09-19,A,09264501,0926450102,09,1,2,24106761,ルボワ,HV03|HV07,HV03+HV07,4着以下 + 上がり速度percentile 90以上 / 4着以下 + 強い位置取り改善 + 上がり80以上,2026-08-29,01262305,8,-0.8823529411764706,0.8823529411764706,92.3076923076923,0.46153846153846156,,,5,14.9,6,0,0
2026-09-19,A,09264501,0926450104,09,1,4,24105349,ロンバルディア,HV03|HV07,HV03+HV07,4着以下 + 上がり速度percentile 90以上 / 4着以下 + 強い位置取り改善 + 上がり80以上,2026-08-29,01262305,5,-0.5294117647058857,0.5294117647058857,100.0,0.46153846153846156,,,6,3.0,1,0,0
2026-09-19,A,09264501,0926450107,09,1,7,24107158,アイシテルヨナオミ,HV03,HV03,4着以下 + 上がり速度percentile 90以上,2026-08-15,07262701,12,-2.134920634920649,2.134920634920649,93.33333333333333,,0.16091269841267808,86.19047619047619,8,100.0,8,0,0
2026-09-19,A,09264502,0926450203,09,2,3,24105837,サイモンジェセル,HV07,HV07,4着以下 + 強い位置取り改善 + 上がり80以上,2026-08-30,07263403,5,-0.5946428571428655,0.5946428571428655,80.0,0.6,,,7,14.7,5,0,0
2026-09-19,A,09264502,0926450204,09,2,4,24100208,ロードフローリス,HV03|HV07,HV03+HV07,4着以下 + 上がり速度percentile 90以上 / 4着以下 + 強い位置取り改善 + 上がり80以上,2026-08-30,07263403,4,-0.5946428571428655,0.5946428571428655,90.0,0.6,,,2,5.4,2,1,130
2026-09-19,A,09264503,0926450304,09,3,4,24104245,ツーエムマドンナ,HV03,HV03,4着以下 + 上がり速度percentile 90以上,2026-09-05,09264106,10,-1.8571428571428532,1.8571428571428532,91.66666666666667,,,,8,111.5,11,0,0
2026-09-19,A,09264504,0926450403,09,4,3,19105654,シホノスペランツァ,HV01|HV02,HV01+HV02,4着以下 + performance_signal 上位20% / 6着以下 + performance_signal 上位20%,2024-11-09,08246309,10,0.28125,-0.28125,53.84615384615385,0.07692307692307698,0.2334490740740757,15.512820512820511,4,11.5,3,0,0
2026-09-19,A,09264507,0926450704,09,7,4,23102376,ベルシュヴァル,HV01|HV02|HV11|HV12,HV01+HV02+HV11+HV12,4着以下 + performance_signal 上位20% / 6着以下 + performance_signal 上位20% / 4着以下 + performance上位20% + 自身過去3走比改善 / 6着以下 + performance上位20% + 自身過去3走比改善,2026-08-23,07263205,7,0.4750000000000085,-0.4750000000000085,60.0,-0.19999999999999996,1.133112373737383,-12.698412698412696,2,10.5,5,1,290
2026-09-19,A,09264509,0926450903,09,9,3,23103590,リーチグローリー,HV03|HV07,HV03+HV07,4着以下 + 上がり速度percentile 90以上 / 4着以下 + 強い位置取り改善 + 上がり80以上,2026-03-08,09261605,4,-0.2777777777777778,0.2777777777777778,100.0,0.6666666666666667,-0.008737120579222435,8.838383838383834,2,4.9,2,1,200
2026-09-19,A,09264509,0926450908,09,9,8,23100463,ナムラハリス,HV03,HV03,4着以下 + 上がり速度percentile 90以上,2026-09-05,01262512,5,-1.0970588235294172,1.0970588235294172,100.0,0.16666666666666674,-0.3520697167756063,54.54545454545454,1,11.9,5,1,350
2026-09-19,A,09264510,0926451002,09,10,2,22103039,スネーフリンガ,HV01,HV01,4着以下 + performance_signal 上位20%,2026-07-11,10262510,5,-0.08333333333334045,0.08333333333334045,52.94117647058823,,0.2999999999999917,7.941176470588232,4,17.6,6,0,0
2026-09-19,A,09264510,0926451010,09,10,10,21106661,ヒーローインチーフ,HV03,HV03,4着以下 + 上がり速度percentile 90以上,2026-08-15,07262706,6,-0.5833333333333357,0.5833333333333357,100.0,,-0.1849206349206432,17.19548425430777,7,31.4,7,0,0
2026-09-19,A,09264511,0926451106,09,11,6,22103262,メイショウツヨキ,HV01|HV11,HV01+HV11,4着以下 + performance_signal 上位20% / 4着以下 + performance上位20% + 自身過去3走比改善,2026-06-06,05263111,4,-0.07142857142855723,0.07142857142855723,28.571428571428573,,0.6828703703703886,1.5873015873015852,13,10.3,4,0,0
2026-09-20,S,06264607,0626460708,06,7,8,23105275,ノーザンタイタン,HV01|HV02|HV03|HV05|HV06|HV11|HV12,HV01+HV02+HV03+HV05+HV06+HV11+HV12,4着以下 + performance_signal 上位20% / 6着以下 + performance_signal 上位20% / 4着以下 + 上がり速度percentile 90以上 / 4着以下 + performance上位20% + 上がり80以上 / 6着以下 + performance上位20% + 上がり80以上 / 4着以下 + performance上位20% + 自身過去3走比改善 / 6着以下 + performance上位20% + 自身過去3走比改善,2026-08-02,04262408,9,-0.07569444444444666,0.07569444444444666,92.3076923076923,,0.8121272246272235,35.77991452991453,7,15.4,8,0,0
2026-09-20,S,06264607,0626460710,06,7,10,22104851,アレクレア,HV01|HV03|HV05|HV07,HV01+HV03+HV05+HV07,4着以下 + performance_signal 上位20% / 4着以下 + 上がり速度percentile 90以上 / 4着以下 + performance上位20% + 上がり80以上 / 4着以下 + 強い位置取り改善 + 上がり80以上,2026-09-05,06264109,5,-0.027777777777776198,0.027777777777776198,100.0,0.6428571428571429,0.49871794871795033,37.03703703703703,9,19.0,10,0,0
2026-09-20,S,06264607,0626460716,06,7,16,22106792,コスモアチーブ,HV01|HV02|HV05|HV06|HV07|HV11|HV12,HV01+HV02+HV05+HV06+HV07+HV11+HV12,4着以下 + performance_signal 上位20% / 6着以下 + performance_signal 上位20% / 4着以下 + performance上位20% + 上がり80以上 / 6着以下 + performance上位20% + 上がり80以上 / 4着以下 + 強い位置取り改善 + 上がり80以上 / 4着以下 + performance上位20% + 自身過去3走比改善 / 6着以下 + performance上位20% + 自身過去3走比改善,2026-07-19,03262808,8,-0.013888888888884152,0.013888888888884152,86.66666666666667,0.4,0.6055962555962651,-5.925925925925924,8,13.1,5,0,0
2026-09-20,S,06264607,0626460717,06,7,17,23100582,ソロンゴ,HV01|HV02|HV05|HV06,HV01+HV02+HV05+HV06,4着以下 + performance_signal 上位20% / 6着以下 + performance_signal 上位20% / 4着以下 + performance上位20% + 上がり80以上 / 6着以下 + performance上位20% + 上がり80以上,2026-08-23,04263205,6,0.16666666666666508,-0.16666666666666508,82.3529411764706,,0.36266835016834775,-6.535947712418306,15,72.3,13,0,0
2026-09-20,S,06264608,0626460811,06,8,11,21106724,チェルシー,HV01|HV05|HV11,HV01+HV05+HV11,4着以下 + performance_signal 上位20% / 4着以下 + performance上位20% + 上がり80以上 / 4着以下 + performance上位20% + 自身過去3走比改善,2026-09-05,06264108,4,-0.0,0.0,86.66666666666667,,0.6106848536516093,70.07936507936509,14,12.8,4,0,0
2026-09-20,S,09264608,0926460813,09,8,13,22104738,パスコード,HV01|HV03|HV05|HV11,HV01+HV03+HV05+HV11,4着以下 + performance_signal 上位20% / 4着以下 + 上がり速度percentile 90以上 / 4着以下 + performance上位20% + 上がり80以上 / 4着以下 + performance上位20% + 自身過去3走比改善,2026-08-01,07262312,4,-0.04999999999999005,0.04999999999999005,90.0,,0.8484788359788423,27.737556561085974,3,6.1,4,1,160
2026-09-20,S,09264609,0926460901,09,9,1,22105032,エバーグルーヴ,HV01|HV03|HV05|HV07|HV11|HV13,HV01+HV03+HV05+HV07+HV11+HV13,4着以下 + performance_signal 上位20% / 4着以下 + 上がり速度percentile 90以上 / 4着以下 + performance上位20% + 上がり80以上 / 4着以下 + 強い位置取り改善 + 上がり80以上 / 4着以下 + performance上位20% + 自身過去3走比改善 / 4着以下 + performance上位10% + 上がり90以上,2026-06-28,03262209,5,0.5499999999999972,-0.5499999999999972,100.0,0.5384615384615384,1.2433020683020564,31.944444444444443,9,7.3,3,0,0
2026-09-20,S,09264612,0926461202,09,12,2,22106540,イーブンベター,HV01|HV02|HV05|HV06|HV11|HV12,HV01+HV02+HV05+HV06+HV11+HV12,4着以下 + performance_signal 上位20% / 6着以下 + performance_signal 上位20% / 4着以下 + performance上位20% + 上がり80以上 / 6着以下 + performance上位20% + 上がり80以上 / 4着以下 + performance上位20% + 自身過去3走比改善 / 6着以下 + performance上位20% + 自身過去3走比改善,2026-07-25,07262109,6,0.2559523809523715,-0.2559523809523715,80.0,,0.7885860484544609,-4.444444444444443,4,28.2,7,0,0
2026-09-20,S,09264612,0926461207,09,12,7,23100566,ハッピーラブソング,HV01|HV02|HV03|HV05|HV06,HV01+HV02+HV03+HV05+HV06,4着以下 + performance_signal 上位20% / 6着以下 + performance_signal 上位20% / 4着以下 + 上がり速度percentile 90以上 / 4着以下 + performance上位20% + 上がり80以上 / 6着以下 + performance上位20% + 上がり80以上,2026-08-29,07263310,8,-0.08531746031746731,0.08531746031746731,100.0,,0.45634920634920406,46.66666666666667,5,53.4,11,0,0
2026-09-20,A,06264601,0626460112,06,1,12,24102123,サスケソルトバーン,HV03|HV07,HV03+HV07,4着以下 + 上がり速度percentile 90以上 / 4着以下 + 強い位置取り改善 + 上がり80以上,2026-09-05,06264103,4,-1.2916666666666603,1.2916666666666603,100.0,0.6666666666666667,0.7222222222222285,54.54545454545455,8,51.2,10,0,0
2026-09-20,A,06264603,0626460302,06,3,2,24105416,ハンデンブレイズ,HV07,HV07,4着以下 + 強い位置取り改善 + 上がり80以上,2026-08-30,04263403,4,-0.75555555555556,0.75555555555556,85.71428571428571,0.2857142857142857,-0.8083333333333292,16.483516483516482,3,15.3,6,1,280
2026-09-20,A,06264603,0626460303,06,3,3,24103837,セイウンオオゾラ,HV03|HV07,HV03+HV07,4着以下 + 上がり速度percentile 90以上 / 4着以下 + 強い位置取り改善 + 上がり80以上,2026-08-09,04262601,6,-0.4854166666666657,0.4854166666666657,100.0,0.5333333333333334,-0.22847222222221814,44.44444444444444,6,5.5,3,0,0
2026-09-20,A,06264603,0626460307,06,3,7,24106408,スカーレットクラン,HV03,HV03,4着以下 + 上がり速度percentile 90以上,2026-08-02,04262403,7,-1.1535714285714338,1.1535714285714338,91.66666666666667,,,,7,13.9,5,0,0
2026-09-20,A,06264606,0626460605,06,6,5,22106099,ハルノアラシ,HV03|HV07,HV03+HV07,4着以下 + 上がり速度percentile 90以上 / 4着以下 + 強い位置取り改善 + 上がり80以上,2026-07-25,04262108,7,-0.7916666666666572,0.7916666666666572,100.0,0.41666666666666663,0.17027336296838758,11.1111111111111,11,24.7,10,0,0
2026-09-20,A,06264606,0626460612,06,6,12,21105123,グランコネクシオン,HV03|HV07,HV03+HV07,4着以下 + 上がり速度percentile 90以上 / 4着以下 + 強い位置取り改善 + 上がり80以上,2026-08-22,04263109,7,-1.1736111111111096,1.1736111111111096,91.66666666666667,0.2857142857142857,-0.3758465946765177,5.952380952380949,10,71.8,11,0,0
2026-09-20,A,06264606,0626460614,06,6,14,23104031,タイセイエムロード,HV03,HV03,4着以下 + 上がり速度percentile 90以上,2026-06-06,05263112,7,-0.8303571428571299,0.8303571428571299,93.33333333333333,,-0.6822089947089797,38.51851851851851,7,11.1,7,0,0
2026-09-20,A,06264607,0626460709,06,7,9,21101801,ケイツールピア,HV01|HV02|HV11|HV12,HV01+HV02+HV11+HV12,4着以下 + performance_signal 上位20% / 6着以下 + performance_signal 上位20% / 4着以下 + performance上位20% + 自身過去3走比改善 / 6着以下 + performance上位20% + 自身過去3走比改善,2026-08-30,04263411,6,0.1666666666666572,-0.1666666666666572,75.0,,0.9925925925925819,25.303030303030305,6,191.2,17,0,0
2026-09-20,A,06264607,0626460712,06,7,12,21106811,マイネルモメンタム,HV01|HV02|HV11|HV12,HV01+HV02+HV11+HV12,4着以下 + performance_signal 上位20% / 6着以下 + performance_signal 上位20% / 4着以下 + performance上位20% + 自身過去3走比改善 / 6着以下 + performance上位20% + 自身過去3走比改善,2026-08-23,04263210,7,0.5499999999999972,-0.5499999999999972,36.36363636363637,,0.7919515669515657,-45.85858585858586,12,9.2,4,0,0
2026-09-20,A,06264607,0626460715,06,7,15,22104362,キョウエイグッド,HV01|HV02|HV11|HV12,HV01+HV02+HV11+HV12,4着以下 + performance_signal 上位20% / 6着以下 + performance_signal 上位20% / 4着以下 + performance上位20% + 自身過去3走比改善 / 6着以下 + performance上位20% + 自身過去3走比改善,2026-08-23,04263210,6,0.6999999999999957,-0.6999999999999957,63.63636363636363,,1.5929894179894144,4.112554112554115,10,58.6,12,0,0
2026-09-20,A,06264609,0626460902,06,9,2,20102760,ビッグベルーガ,HV01|HV02|HV11|HV12,HV01+HV02+HV11+HV12,4着以下 + performance_signal 上位20% / 6着以下 + performance_signal 上位20% / 4着以下 + performance上位20% + 自身過去3走比改善 / 6着以下 + performance上位20% + 自身過去3走比改善,2026-07-11,03262509,10,-0.06623931623932522,0.06623931623932522,57.142857142857146,0.0,2.604670329670321,34.523809523809526,10,34.6,7,0,0
2026-09-20,A,06264609,0626460909,06,9,9,22101234,オオタチ,HV01|HV02,HV01+HV02,4着以下 + performance_signal 上位20% / 6着以下 + performance_signal 上位20%,2026-05-10,05262609,6,0.010989010989013488,-0.010989010989013488,62.5,0.0,0.131359381359377,-35.27777777777777,6,6.0,4,0,0
2026-09-20,A,06264610,0626461003,06,10,3,22106656,ハッピーウィズユー,HV03,HV03,4着以下 + 上がり速度percentile 90以上,2026-08-09,04262609,7,-1.0069444444444287,1.0069444444444287,92.85714285714286,,-0.5023148148148,29.603174603174608,10,54.9,11,0,0
2026-09-20,A,06264610,0626461012,06,10,12,19105041,ホウオウプレミア,HV03,HV03,4着以下 + 上がり速度percentile 90以上,2026-09-06,06264209,5,-0.6111111111111119,0.6111111111111119,100.0,,0.32542980960500767,25.555555555555557,4,21.2,6,0,0
2026-09-20,A,09264602,0926460211,09,2,11,24100742,グランモンターナ,HV03,HV03,4着以下 + 上がり速度percentile 90以上,2026-07-26,01261201,5,-1.711764705882345,1.711764705882345,90.9090909090909,,-0.24702111613875388,81.81818181818181,2,8.1,5,1,270
2026-09-20,A,09264606,0926460610,09,6,10,23105513,エイシンビーコン,HV03,HV03,4着以下 + 上がり速度percentile 90以上,2026-08-08,07262505,5,-0.6499999999999915,0.6499999999999915,100.0,0.1428571428571429,-0.4816798941798843,1.9607843137254832,1,14.8,6,1,270
2026-09-20,A,09264607,0926460712,09,7,12,21101448,タイセイリアル,HV03|HV07,HV03+HV07,4着以下 + 上がり速度percentile 90以上 / 4着以下 + 強い位置取り改善 + 上がり80以上,2024-02-18,08242806,4,-0.1359649122806903,0.1359649122806903,100.0,0.6,0.21522556390978492,23.33333333333333,9,23.6,8,0,0
2026-09-20,A,09264608,0926460810,09,8,10,23104373,グランドオーパス,HV01|HV11,HV01+HV11,4着以下 + performance_signal 上位20% / 4着以下 + performance上位20% + 自身過去3走比改善,2026-06-28,10262208,4,0.2777777777777857,-0.2777777777777857,37.5,0.25,1.2529431216931282,-11.70634920634921,6,5.8,3,0,0
2026-09-20,A,09264608,0926460814,09,8,14,23102639,ランスオブラヴ,HV01|HV02|HV11|HV12,HV01+HV02+HV11+HV12,4着以下 + performance_signal 上位20% / 6着以下 + performance_signal 上位20% / 4着以下 + performance上位20% + 自身過去3走比改善 / 6着以下 + performance上位20% + 自身過去3走比改善,2026-09-12,09264304,6,0.22222222222222537,-0.22222222222222537,70.58823529411765,,0.6458333333333381,12.549019607843142,11,181.3,13,0,0
2026-09-20,A,09264610,0926461006,09,10,6,22106998,ニシノジェダイ,HV07,HV07,4着以下 + 強い位置取り改善 + 上がり80以上,2026-08-22,07263106,4,-0.3304093567251461,0.3304093567251461,84.61538461538461,0.5384615384615384,0.17993922715284932,17.948717948717942,8,8.7,5,0,0
2026-09-20,A,09264611,0926461108,09,11,8,20102140,アンビバレント,HV01|HV02|HV11|HV12,HV01+HV02+HV11+HV12,4着以下 + performance_signal 上位20% / 6着以下 + performance_signal 上位20% / 4着以下 + performance上位20% + 自身過去3走比改善 / 6着以下 + performance上位20% + 自身過去3走比改善,2026-08-30,01262411,7,0.4057692307692283,-0.4057692307692283,53.84615384615385,,1.0336627492877482,-14.221073044602456,7,30.3,12,0,0
2026-09-20,A,09264611,0926461113,09,11,13,18105996,サムハンター,HV03,HV03,4着以下 + 上がり速度percentile 90以上,2026-07-04,02261711,5,-0.3750000000000024,0.3750000000000024,100.0,,0.09930555555555787,42.48366013071895,14,31.1,13,0,0
2026-09-20,A,09264611,0926461115,09,11,15,19100566,ミロワール,HV01|HV03|HV05,HV01+HV03+HV05,4着以下 + performance_signal 上位20% / 4着以下 + 上がり速度percentile 90以上 / 4着以下 + performance上位20% + 上がり80以上,2026-07-18,10262711,4,-0.06666666666666525,0.06666666666666525,100.0,,0.3870370370370324,4.166666666666671,10,16.5,8,0,0
2026-09-21,S,09264707,0926470701,09,7,1,21105529,ルクスノア,HV01|HV02|HV03|HV05|HV06|HV11|HV12|HV13,HV01+HV02+HV03+HV05+HV06+HV11+HV12+HV13,4着以下 + performance_signal 上位20% / 6着以下 + performance_signal 上位20% / 4着以下 + 上がり速度percentile 90以上 / 4着以下 + performance上位20% + 上がり80以上 / 6着以下 + performance上位20% + 上がり80以上 / 4着以下 + performance上位20% + 自身過去3走比改善 / 6着以下 + performance上位20% + 自身過去3走比改善 / 4着以下 + performance上位10% + 上がり90以上,2026-08-23,07263211,10,0.26785714285714285,-0.26785714285714285,100.0,,0.6295634920634879,16.7420814479638,14,56.5,12,0,0
2026-09-21,S,09264707,0926470710,09,7,10,22104817,ペールノエル,HV01|HV02|HV05|HV06|HV11|HV12,HV01+HV02+HV05+HV06+HV11+HV12,4着以下 + performance_signal 上位20% / 6着以下 + performance_signal 上位20% / 4着以下 + performance上位20% + 上がり80以上 / 6着以下 + performance上位20% + 上がり80以上 / 4着以下 + performance上位20% + 自身過去3走比改善 / 6着以下 + performance上位20% + 自身過去3走比改善,2026-08-23,07263211,6,0.4821428571428653,-0.4821428571428653,87.5,,0.71560846560847,5.2777777777777715,5,11.7,5,0,0
2026-09-21,S,09264708,0926470802,09,8,2,22107325,レーンアジリティ,HV01|HV02|HV03|HV05|HV06|HV07|HV11|HV12,HV01+HV02+HV03+HV05+HV06+HV07+HV11+HV12,4着以下 + performance_signal 上位20% / 6着以下 + performance_signal 上位20% / 4着以下 + 上がり速度percentile 90以上 / 4着以下 + performance上位20% + 上がり80以上 / 6着以下 + performance上位20% + 上がり80以上 / 4着以下 + 強い位置取り改善 + 上がり80以上 / 4着以下 + performance上位20% + 自身過去3走比改善 / 6着以下 + performance上位20% + 自身過去3走比改善,2026-09-06,09264209,8,0.0833333333333207,-0.0833333333333207,93.33333333333333,0.4666666666666667,0.9070847052271085,55.780885780885775,3,26.6,9,1,360
2026-09-21,S,09264712,0926471204,09,12,4,23103931,ゴーゴーパンチ,HV01|HV02|HV03|HV05|HV06|HV11|HV12,HV01+HV02+HV03+HV05+HV06+HV11+HV12,4着以下 + performance_signal 上位20% / 6着以下 + performance_signal 上位20% / 4着以下 + 上がり速度percentile 90以上 / 4着以下 + performance上位20% + 上がり80以上 / 6着以下 + performance上位20% + 上がり80以上 / 4着以下 + performance上位20% + 自身過去3走比改善 / 6着以下 + performance上位20% + 自身過去3走比改善,2026-08-30,04263412,6,0.1666666666666572,-0.1666666666666572,92.85714285714286,,0.6287982584337979,17.301587301587304,4,17.3,5,0,0
2026-09-21,A,09264702,0926470208,09,2,8,24103479,パルフェクシオン,HV03,HV03,4着以下 + 上がり速度percentile 90以上,2026-08-29,07263303,5,-1.6285714285714294,1.6285714285714294,100.0,,,,8,7.8,5,0,0
2026-09-21,A,09264703,0926470306,09,3,6,24107104,ノヴァーリス,HV01|HV02,HV01+HV02,4着以下 + performance_signal 上位20% / 6着以下 + performance_signal 上位20%,2026-08-01,07262302,6,-0.05000000000000528,0.05000000000000528,33.333333333333336,,,,1,6.2,2,1,200
2026-09-21,A,09264706,0926470601,09,6,1,22103770,ビゾー,HV01|HV02|HV11|HV12,HV01+HV02+HV11+HV12,4着以下 + performance_signal 上位20% / 6着以下 + performance_signal 上位20% / 4着以下 + performance上位20% + 自身過去3走比改善 / 6着以下 + performance上位20% + 自身過去3走比改善,2026-06-20,09263507,14,-0.07196969696970257,0.07196969696970257,26.666666666666668,-0.8,0.7503367003366918,-32.401960784313715,6,66.1,13,0,0
2026-09-21,A,09264706,0926470606,09,6,6,22102710,エイユーファイヤー,HV01|HV02|HV11|HV12,HV01+HV02+HV11+HV12,4着以下 + performance_signal 上位20% / 6着以下 + performance_signal 上位20% / 4着以下 + performance上位20% + 自身過去3走比改善 / 6着以下 + performance上位20% + 自身過去3走比改善,2026-09-06,09264209,7,0.0833333333333207,-0.0833333333333207,66.66666666666667,0.33333333333333326,0.6448064605959223,7.171717171717184,4,4.4,2,0,0
2026-09-21,A,09264706,0926470612,09,6,12,22100044,ディープサミット,HV01|HV02|HV11|HV12,HV01+HV02+HV11+HV12,4着以下 + performance_signal 上位20% / 6着以下 + performance_signal 上位20% / 4着以下 + performance上位20% + 自身過去3走比改善 / 6着以下 + performance上位20% + 自身過去3走比改善,2026-08-22,07263103,7,0.0767045454545532,-0.0767045454545532,14.285714285714286,-0.7142857142857143,1.129071574137372,-52.38095238095239,9,20.9,9,0,0
2026-09-21,A,09264707,0926470702,09,7,2,23103886,ダンデノン,HV01|HV11,HV01+HV11,4着以下 + performance_signal 上位20% / 4着以下 + performance上位20% + 自身過去3走比改善,2026-08-23,07263211,4,0.5535714285714327,-0.5535714285714327,50.0,,1.0670965608465692,-8.963585434173673,1,3.3,2,1,160
2026-09-21,A,09264707,0926470704,09,7,4,23101313,リピ,HV01|HV11,HV01+HV11,4着以下 + performance_signal 上位20% / 4着以下 + performance上位20% + 自身過去3走比改善,2026-08-23,07263211,5,0.4821428571428653,-0.4821428571428653,37.5,,1.1620370370370443,-10.305788982259571,17,34.1,10,0,0
2026-09-21,A,09264707,0926470714,09,7,14,22103702,アイスヴィレッジ,HV01|HV02,HV01+HV02,4着以下 + performance_signal 上位20% / 6着以下 + performance_signal 上位20%,2025-09-07,01252604,7,0.11666666666666714,-0.11666666666666714,66.66666666666667,,0.06574074074074346,38.56209150326798,7,129.5,14,0,0
2026-09-21,A,09264707,0926470718,09,7,18,21105868,バーケンティン,HV01|HV02|HV11|HV12,HV01+HV02+HV11+HV12,4着以下 + performance_signal 上位20% / 6着以下 + performance_signal 上位20% / 4着以下 + performance上位20% + 自身過去3走比改善 / 6着以下 + performance上位20% + 自身過去3走比改善,2026-08-23,07263211,9,0.41071428571428775,-0.41071428571428775,62.5,,1.5760895293790083,9.830447330447328,12,129.2,13,0,0
2026-09-21,A,09264708,0926470803,09,8,3,22100637,ロードアルディート,HV03|HV07,HV03+HV07,4着以下 + 上がり速度percentile 90以上 / 4着以下 + 強い位置取り改善 + 上がり80以上,2026-08-29,01262308,4,-0.4411764705882353,0.4411764705882353,100.0,0.5,-0.13185496420790238,21.54882154882155,1,2.7,1,1,120
2026-09-21,A,09264709,0926470904,09,9,4,22106699,ダイシンリンク,HV01|HV03|HV05,HV01+HV03+HV05,4着以下 + performance_signal 上位20% / 4着以下 + 上がり速度percentile 90以上 / 4着以下 + performance上位20% + 上がり80以上,2026-09-06,09264212,4,0.027777777777769432,-0.027777777777769432,100.0,,0.4312169312169293,8.28282828282829,9,13.6,6,0,0
2026-09-21,A,09264710,0926471002,09,10,2,21102246,テーオーダグラス,HV03,HV03,4着以下 + 上がり速度percentile 90以上,2026-09-05,09264110,4,-2.1041666666666714,2.1041666666666714,100.0,,-1.9056267806267837,34.72222222222223,10,27.1,12,0,0
2026-09-21,A,09264710,0926471011,09,10,11,22103787,ジョイボーイ,HV01|HV11,HV01+HV11,4着以下 + performance_signal 上位20% / 4着以下 + performance上位20% + 自身過去3走比改善,2026-06-14,05263410,4,0.2708333333333239,-0.2708333333333239,76.92307692307692,0.6923076923076923,0.9693716006215929,-19.373219373219385,1,8.0,4,1,300
2026-09-21,A,09264710,0926471015,09,10,15,21104976,ベトルス,HV01|HV02,HV01+HV02,4着以下 + performance_signal 上位20% / 6着以下 + performance_signal 上位20%,2026-06-14,05263410,6,0.10416666666666667,-0.10416666666666667,46.15384615384615,-0.15384615384615374,-0.06590354090354304,-43.84615384615385,4,6.9,3,0,0
2026-09-21,A,09264711,0926471104,09,11,4,23103480,アルトラムス,HV03|HV07,HV03+HV07,4着以下 + 上がり速度percentile 90以上 / 4着以下 + 強い位置取り改善 + 上がり80以上,2026-05-31,05262c11,6,-0.3541666666666643,0.3541666666666643,94.11764705882354,0.4117647058823529,-0.2529280904280891,29.673202614379093,2,9.6,3,1,190
2026-09-21,A,09264712,0926471201,09,12,1,22104944,シュネーグロッケン,HV03,HV03,4着以下 + 上がり速度percentile 90以上,2026-08-09,07262610,8,-0.559523809523815,0.559523809523815,100.0,,0.33994708994708867,54.07096171802055,14,62.4,12,0,0
2026-09-21,A,09264712,0926471203,09,12,3,22103634,メイショウサトノヒ,HV01|HV02,HV01+HV02,4着以下 + performance_signal 上位20% / 6着以下 + performance_signal 上位20%,2026-08-29,07263310,7,-0.013888888888889792,0.013888888888889792,73.33333333333333,,0.2222222222222198,9.682539682539684,7,44.5,10,0,0
2026-09-21,A,09264712,0926471207,09,12,7,21105098,ディーエストッキー,HV03,HV03,4着以下 + 上がり速度percentile 90以上,2026-09-05,09264112,5,-0.39682539682539797,0.39682539682539797,90.9090909090909,,-0.2777777777777823,-2.1067821067821058,9,21.7,7,0,0
2026-09-21,A,09264712,0926471211,09,12,11,23103256,ユキノサイエンス,HV01|HV02,HV01+HV02,4着以下 + performance_signal 上位20% / 6着以下 + performance_signal 上位20%,2026-08-01,04262305,6,0.0138888888888881,-0.0138888888888881,78.57142857142857,,0.344907407407409,5.238095238095241,6,163.8,15,0,0
2026-09-21,A,09264712,0926471212,09,12,12,23101199,クリノセーラーマン,HV03,HV03,4着以下 + 上がり速度percentile 90以上,2026-09-05,09264112,7,-0.6111111111111103,0.6111111111111103,100.0,,1.2136243386243373,76.66666666666667,10,49.5,11,0,0
2026-09-22,S,06264712,0626471213,06,12,13,23106312,ジェイエルキャリア,HV01|HV05|HV11,HV01+HV05+HV11,4着以下 + performance_signal 上位20% / 4着以下 + performance上位20% + 上がり80以上 / 4着以下 + performance上位20% + 自身過去3走比改善,2026-07-11,03262508,5,0.19693094629156638,-0.19693094629156638,80.0,,0.513068512429131,4.957264957264954,1,1.9,1,1,130
2026-09-22,A,06264701,0626470101,06,1,1,21107224,アドアプローズ,HV03,HV03,4着以下 + 上がり速度percentile 90以上,2026-03-14,07261108,9,-0.8333333333333334,0.8333333333333334,100.0,,0.4038142430885373,31.1111111111111,2,25.5,9,1,520
2026-09-22,A,06264701,0626470109,06,1,9,22101139,アバットゥータ,HV03,HV03,4着以下 + 上がり速度percentile 90以上,2025-08-09,07253502,10,-0.5555555555555556,0.5555555555555556,100.0,0.1428571428571428,0.8277777777777802,48.436400201106075,6,5.9,4,0,0
2026-09-22,A,06264701,0626470111,06,1,11,20103697,ロイガヴェーグル,HV03,HV03,4着以下 + 上がり速度percentile 90以上,2026-02-22,09261212,12,-0.888888888888896,0.888888888888896,93.33333333333333,,0.04496576408340658,51.11111111111111,12,90.3,13,0,0
2026-09-22,A,06264702,0626470204,06,2,4,24102846,スペシャルサンクス,HV01|HV11,HV01+HV11,4着以下 + performance_signal 上位20% / 4着以下 + performance上位20% + 自身過去3走比改善,2026-09-06,06264202,4,-0.08333333333334045,0.08333333333334045,46.15384615384615,,1.360416666666654,2.3076923076923066,2,5.3,2,1,160
2026-09-22,A,06264702,0626470209,06,2,9,24105422,ニシノムホウモノ,HV03,HV03,4着以下 + 上がり速度percentile 90以上,2026-08-29,04263304,12,-1.5223214285714246,1.5223214285714246,100.0,,,,11,6.1,3,0,0
2026-09-22,A,06264702,0626470212,06,2,12,24101107,ダンシングアワー,HV03,HV03,4着以下 + 上がり速度percentile 90以上,2026-07-05,03262406,6,-0.277777777777762,0.277777777777762,91.66666666666667,,,,8,19.1,7,0,0
2026-09-22,A,06264707,0626470703,06,7,3,23105177,タケルムサシ,HV07,HV07,4着以下 + 強い位置取り改善 + 上がり80以上,2026-09-06,06264208,5,-1.0555555555555587,1.0555555555555587,86.66666666666667,0.4666666666666667,-0.5107376283846938,13.797313797313791,8,11.1,4,0,0
2026-09-22,A,06264708,0626470812,06,8,12,23107032,イモータリス,HV01,HV01,4着以下 + performance_signal 上位20%,2026-08-23,04263210,4,0.75,-0.75,54.54545454545455,,0.32478956228956024,-26.96969696969697,4,3.2,1,0,0
2026-09-22,A,06264708,0626470813,06,8,13,23102410,ブリックアブラック,HV03|HV07,HV03+HV07,4着以下 + 上がり速度percentile 90以上 / 4着以下 + 強い位置取り改善 + 上がり80以上,2026-09-06,06264207,6,-1.1333333333333329,1.1333333333333329,94.11764705882354,0.47058823529411753,-0.3584667647167673,17.194570135746616,3,23.3,8,1,480
2026-09-22,A,06264710,0626471004,06,10,4,20102803,エリム,HV01|HV02,HV01+HV02,4着以下 + performance_signal 上位20% / 6着以下 + performance_signal 上位20%,2026-09-12,06264309,6,0.09374999999999467,-0.09374999999999467,53.84615384615385,,0.38263888888888925,12.350427350427346,10,85.2,10,0,0
2026-09-26,S,06264806,0626480605,06,6,5,22105131,キューティリップ,HV01|HV02|HV03|HV05|HV06|HV11|HV12,HV01+HV02+HV03+HV05+HV06+HV11+HV12,4着以下 + performance_signal 上位20% / 6着以下 + performance_signal 上位20% / 4着以下 + 上がり速度percentile 90以上 / 4着以下 + performance上位20% + 上がり80以上 / 6着以下 + performance上位20% + 上がり80以上 / 4着以下 + performance上位20% + 自身過去3走比改善 / 6着以下 + performance上位20% + 自身過去3走比改善,2026-08-02,04262408,8,-0.020138888888894257,0.020138888888894257,92.3076923076923,,0.5923611111111087,13.877233877233877,4,14.8,6,0,0
2026-09-26,S,06264807,0626480712,06,7,12,23102403,ルンベーラ,HV01|HV05|HV11,HV01+HV05+HV11,4着以下 + performance_signal 上位20% / 4着以下 + performance上位20% + 上がり80以上 / 4着以下 + performance上位20% + 自身過去3走比改善,2026-09-05,06264109,4,-0.027777777777776198,0.027777777777776198,85.71428571428571,0.2142857142857143,0.6075066137566157,37.33821733821734,6,16.4,5,0,0
2026-09-26,S,06264811,0626481111,06,11,11,22106760,マイネルフルムーン,HV01|HV02|HV05|HV06,HV01+HV02+HV05+HV06,4着以下 + performance_signal 上位20% / 6着以下 + performance_signal 上位20% / 4着以下 + performance上位20% + 上がり80以上 / 6着以下 + performance上位20% + 上がり80以上,2026-05-31,05262c10,7,-0.08333333333333649,0.08333333333333649,81.25,0.23529411764705876,0.3833994708994711,4.821428571428569,4,36.3,10,0,0
2026-09-26,S,09264806,0926480602,09,6,2,23105762,ケイアイアマゾン,HV01|HV03|HV05|HV07|HV11,HV01+HV03+HV05+HV07+HV11,4着以下 + performance_signal 上位20% / 4着以下 + 上がり速度percentile 90以上 / 4着以下 + performance上位20% + 上がり80以上 / 4着以下 + 強い位置取り改善 + 上がり80以上 / 4着以下 + performance上位20% + 自身過去3走比改善,2026-09-06,09264209,5,0.13888888888888098,-0.13888888888888098,93.33333333333333,0.4666666666666667,0.5052910052909972,20.12820512820514,5,12.5,5,0,0
2026-09-26,S,09264806,0926480613,09,6,13,23102836,ミランド,HV01|HV05|HV07|HV11,HV01+HV05+HV07+HV11,4着以下 + performance_signal 上位20% / 4着以下 + performance上位20% + 上がり80以上 / 4着以下 + 強い位置取り改善 + 上がり80以上 / 4着以下 + performance上位20% + 自身過去3走比改善,2026-09-06,09264209,4,0.36111111111109845,-0.36111111111109845,80.0,0.4,0.9522642390289333,10.303030303030297,1,4.4,2,1,190
2026-09-26,A,06264801,0626480104,06,1,4,24102636,リコルディオーロ,HV03,HV03,4着以下 + 上がり速度percentile 90以上,2026-08-16,04262803,7,-1.0694444444444549,1.0694444444444549,100.0,,-0.2638888888888977,69.23076923076923,6,5.6,3,0,0
2026-09-26,A,06264801,0626480105,06,1,5,24101886,コウソクレムリア,HV03,HV03,4着以下 + 上がり速度percentile 90以上,2026-08-08,04262501,6,-1.1071428571428552,1.1071428571428552,91.66666666666667,,-0.5476190476190432,54.16666666666667,12,32.3,8,0,0
2026-09-26,A,06264801,0626480113,06,1,13,24109080,ファイアリーボルト,HV03,HV03,4着以下 + 上がり速度percentile 90以上,2026-09-12,06264306,9,-1.1666666666666714,1.1666666666666714,90.9090909090909,,,,5,21.5,6,0,0
2026-09-26,A,06264804,0626480401,06,4,1,18104261,プラチナトレジャー,HV01|HV02,HV01+HV02,4着以下 + performance_signal 上位20% / 6着以下 + performance_signal 上位20%,2025-01-19,07251711,12,0.03181818181817871,-0.03181818181817871,46.666666666666664,0.0,0.10720991970991783,-27.069597069597073,3,3.6,3,0,0
2026-09-26,A,06264806,0626480607,06,6,7,22101465,リュミナーズ,HV07,HV07,4着以下 + 強い位置取り改善 + 上がり80以上,2026-09-05,01262512,4,-1.0970588235294172,1.0970588235294172,83.33333333333333,0.75,-0.1879901960784376,15.187590187590189,5,10.4,5,0,0
2026-09-26,A,06264807,0626480703,06,7,3,22104092,サクラアドリア,HV03,HV03,4着以下 + 上がり速度percentile 90以上,2026-09-05,01262509,11,-1.2611111111111057,1.2611111111111057,100.0,0.15384615384615385,-0.4407407407407372,17.84313725490196,7,19.7,6,0,0
2026-09-26,A,06264807,0626480706,06,7,6,23105324,ダノンファンスター,HV03,HV03,4着以下 + 上がり速度percentile 90以上,2026-08-16,04262805,4,-1.0888888888888932,1.0888888888888932,90.9090909090909,,-1.1890625000000012,-5.757575757575751,1,1.7,1,1,110
2026-09-26,A,06264808,0626480810,06,8,10,21102784,ノアスペシャル,HV01|HV02,HV01+HV02,4着以下 + performance_signal 上位20% / 6着以下 + performance_signal 上位20%,2026-07-18,03262712,6,0.17391304347825098,-0.17391304347825098,33.333333333333336,,0.33512336093857076,-43.015873015873005,4,18.3,7,0,0
2026-09-26,A,06264808,0626480814,06,8,14,22100497,スマートブル,HV03,HV03,4着以下 + 上がり速度percentile 90以上,2026-08-30,04263412,9,-0.4166666666666785,0.4166666666666785,92.85714285714286,,1.0923319327730991,53.160173160173166,14,22.4,8,0,0
2026-09-26,A,06264810,0626481001,06,10,1,23106190,デンプシー,HV01,HV01,4着以下 + performance_signal 上位20%,2026-08-30,01262410,5,0.15576923076923305,-0.15576923076923305,26.666666666666668,,0.4613247863247831,-48.391608391608386,4,7.4,4,0,0
2026-09-26,A,06264810,0626481004,06,10,4,20110127,ジョヴィアン,HV03,HV03,4着以下 + 上がり速度percentile 90以上,2026-06-06,05263110,9,-0.4964285714285767,0.4964285714285767,100.0,,1.0295530492898866,40.0,1,29.0,11,1,600
2026-09-26,A,06264810,0626481005,06,10,5,21101595,ヴィヴァクラウン,HV01|HV11,HV01+HV11,4着以下 + performance_signal 上位20% / 4着以下 + performance上位20% + 自身過去3走比改善,2026-09-05,06264110,4,-1.1842378929335004e-14,1.1842378929335004e-14,58.333333333333336,,1.1564102564102465,-10.897435897435905,12,32.7,12,0,0
2026-09-26,A,06264810,0626481006,06,10,6,23100935,トラスコンガーデン,HV01|HV11,HV01+HV11,4着以下 + performance_signal 上位20% / 4着以下 + performance上位20% + 自身過去3走比改善,2026-09-05,06264110,5,-1.1842378929335004e-14,1.1842378929335004e-14,75.0,,0.868849206349196,11.388888888888893,10,40.2,13,0,0
2026-09-26,A,06264810,0626481010,06,10,10,20106777,セレッソデアモール,HV01|HV11,HV01+HV11,4着以下 + performance_signal 上位20% / 4着以下 + performance上位20% + 自身過去3走比改善,2026-01-10,08261310,4,0.06250000000000237,-0.06250000000000237,41.1764705882353,,0.6969246031746009,-19.240196078431367,16,82.4,16,0,0
2026-09-26,A,06264811,0626481103,06,11,3,21101639,ソルトブリーズ,HV01,HV01,4着以下 + performance_signal 上位20%,2026-05-31,05262c10,4,0.0833333333333286,-0.0833333333333286,25.0,-0.11764705882352944,-0.0037518037518074893,-53.87205387205388,2,5.9,3,1,180
2026-09-26,A,06264811,0626481107,06,11,7,18106154,エスコバル,HV01|HV02|HV11|HV12,HV01+HV02+HV11+HV12,4着以下 + performance_signal 上位20% / 6着以下 + performance_signal 上位20% / 4着以下 + performance上位20% + 自身過去3走比改善 / 6着以下 + performance上位20% + 自身過去3走比改善,2026-08-09,04262606,9,0.11458333333333175,-0.11458333333333175,58.333333333333336,,0.8799452861952894,7.828282828282838,14,172.3,14,0,0
2026-09-26,A,06264811,0626481108,06,11,8,22101230,インパクトシー,HV03|HV07,HV03+HV07,4着以下 + 上がり速度percentile 90以上 / 4着以下 + 強い位置取り改善 + 上がり80以上,2026-07-11,02261911,7,-1.8055555555555556,1.8055555555555556,100.0,0.5,-1.8158880471380447,11.1111111111111,3,4.5,2,1,160
2026-09-26,A,06264811,0626481112,06,11,12,21101422,マテンロウブラボー,HV03,HV03,4着以下 + 上がり速度percentile 90以上,2026-06-21,05263610,7,-0.6116071428571449,0.6116071428571449,100.0,,-0.40342111592111385,18.181818181818173,12,9.7,5,0,0
2026-09-26,A,06264811,0626481114,06,11,14,22101134,テンミラクルスター,HV01|HV02,HV01+HV02,4着以下 + performance_signal 上位20% / 6着以下 + performance_signal 上位20%,2026-08-09,04262606,11,0.003472222222219064,-0.003472222222219064,25.0,,0.15694444444444172,-26.851851851851848,9,35.7,9,0,0
2026-09-26,A,06264812,0626481204,06,12,4,21103588,グラスブランシュ,HV03,HV03,4着以下 + 上がり速度percentile 90以上,2026-07-18,03262710,13,-0.7953964194373451,0.7953964194373451,100.0,0.1428571428571429,0.5395032409098806,2.2222222222222285,14,225.5,14,0,0
2026-09-26,A,06264812,0626481211,06,12,11,21104874,ルーフオブヘヴン,HV03,HV03,4着以下 + 上がり速度percentile 90以上,2026-09-06,06264209,4,-0.5277777777777833,0.5277777777777833,93.33333333333333,,-0.18892450142451062,27.77777777777777,10,11.3,5,0,0
2026-09-26,A,06264812,0626481212,06,12,12,19105041,ホウオウプレミア,HV03,HV03,4着以下 + 上がり速度percentile 90以上,2026-09-20,06264610,4,-1.1875000000000095,1.1875000000000095,100.0,,-0.29725537558018755,20.0,12,24.9,10,0,0
2026-09-26,A,06264812,0626481216,06,12,16,21103549,ホウオウフロイト,HV03,HV03,4着以下 + 上がり速度percentile 90以上,2026-06-27,03262110,10,-1.4053708439897652,1.4053708439897652,100.0,0.09999999999999998,-0.468201531820451,7.692307692307693,9,200.1,13,0,0
2026-09-26,A,09264801,0926480111,09,1,11,24100751,ユイリノベーション,HV03,HV03,4着以下 + 上がり速度percentile 90以上,2026-07-11,10262501,7,-0.9166666666666738,0.9166666666666738,100.0,,-0.08333333333334048,40.0,4,21.6,5,0,0
2026-09-26,A,09264802,0926480204,09,2,4,24101002,ホットハニーラグ,HV03,HV03,4着以下 + 上がり速度percentile 90以上,2026-09-20,09264604,6,-1.722222222222231,1.722222222222231,92.85714285714286,,,,7,29.9,5,0,0
2026-09-26,A,09264803,0926480307,09,3,7,24102020,ベルメグスタ,HV01,HV01,4着以下 + performance_signal 上位20%,2026-09-05,09264105,5,0.10000000000000041,-0.10000000000000041,54.54545454545455,,,,8,122.6,12,0,0
2026-09-26,A,09264803,0926480310,09,3,10,24105934,フォルトゥナロッサ,HV01|HV05,HV01+HV05,4着以下 + performance_signal 上位20% / 4着以下 + performance上位20% + 上がり80以上,2026-08-29,01262302,4,-0.052777777777777146,0.052777777777777146,83.33333333333333,,-0.8444444444444343,-8.333333333333343,2,7.6,4,1,210
2026-09-26,A,09264806,0926480608,09,6,8,23103636,ウルフ,HV01,HV01,4着以下 + performance_signal 上位20%,2026-06-07,09263212,4,-0.05555555555556029,0.05555555555556029,72.72727272727273,0.0,-0.08730158730158796,-23.701298701298697,4,3.4,1,0,0
2026-09-26,A,09264807,0926480701,09,7,1,23103166,ランスオブヒーロー,HV03,HV03,4着以下 + 上がり速度percentile 90以上,2026-06-20,09263512,4,-1.6388888888888875,1.6388888888888875,94.11764705882354,,-2.022937710437712,0.0,1,10.3,4,1,240
2026-09-26,A,09264807,0926480706,09,7,6,21106206,ウインラウダ,HV03,HV03,4着以下 + 上がり速度percentile 90以上,2026-08-01,07262312,5,-0.11249999999999538,0.11249999999999538,100.0,,0.1363425925925962,16.883116883116884,5,30.9,6,0,0
2026-09-26,A,09264807,0926480708,09,7,8,23105965,コレオシークエンス,HV01,HV01,4着以下 + performance_signal 上位20%,2026-09-12,09264308,4,0.3333333333333381,-0.3333333333333381,61.53846153846154,,0.04788359788360219,-0.666925666925664,8,4.8,3,0,0
2026-09-26,A,09264808,0926480806,09,8,6,23103488,シュプリームレルム,HV03|HV07,HV03+HV07,4着以下 + 上がり速度percentile 90以上 / 4着以下 + 強い位置取り改善 + 上がり80以上,2026-09-05,09264108,4,-0.5874999999999986,0.5874999999999986,100.0,0.375,-0.8481481481481454,18.250377073906478,4,3.3,2,0,0
2026-09-26,A,09264808,0926480809,09,8,9,22102550,メイショウピリカ,HV01|HV02|HV11|HV12,HV01+HV02+HV11+HV12,4着以下 + performance_signal 上位20% / 6着以下 + performance_signal 上位20% / 4着以下 + performance上位20% + 自身過去3走比改善 / 6着以下 + performance上位20% + 自身過去3走比改善,2026-08-23,07263205,11,0.025000000000005684,-0.025000000000005684,0.0,-0.30000000000000004,0.5871527777777777,-91.66666666666667,6,19.8,6,0,0
2026-09-26,A,09264810,0926481012,09,10,12,22104171,スナークピカソ,HV03|HV07,HV03+HV07,4着以下 + 上がり速度percentile 90以上 / 4着以下 + 強い位置取り改善 + 上がり80以上,2026-09-13,06264409,7,-0.1736111111111111,0.1736111111111111,90.0,0.30000000000000004,0.22222222222222932,20.0,12,103.2,14,0,0
2026-09-26,A,09264811,0926481115,09,11,15,21101259,カズタンジャー,HV03|HV07,HV03+HV07,4着以下 + 上がり速度percentile 90以上 / 4着以下 + 強い位置取り改善 + 上がり80以上,2026-08-29,04263308,4,-0.6111111111111079,0.6111111111111079,90.0,0.6,-0.6522817460317438,-10.0,12,24.0,11,0,0
2026-09-27,S,06264907,0626490707,06,7,7,22106150,スワローシチー,HV01|HV02|HV03|HV05|HV06,HV01+HV02+HV03+HV05+HV06,4着以下 + performance_signal 上位20% / 6着以下 + performance_signal 上位20% / 4着以下 + 上がり速度percentile 90以上 / 4着以下 + performance上位20% + 上がり80以上 / 6着以下 + performance上位20% + 上がり80以上,2026-09-13,06264407,7,0.12500000000000178,-0.12500000000000178,100.0,,0.03564814814815191,38.888888888888886,8,12.2,6,0,0
2026-09-27,S,06264910,0626491010,06,10,10,22102604,サンライズバブル,HV01|HV03|HV05|HV07,HV01+HV03+HV05+HV07,4着以下 + performance_signal 上位20% / 4着以下 + 上がり速度percentile 90以上 / 4着以下 + performance上位20% + 上がり80以上 / 4着以下 + 強い位置取り改善 + 上がり80以上,2026-09-13,09264409,4,0.012500000000002842,-0.012500000000002842,100.0,0.29999999999999993,-0.760984848484855,12.962962962962976,12,5.3,2,0,0
2026-09-27,S,09264903,0926490309,09,3,9,24107019,セブンサークル,HV01|HV02|HV05|HV06,HV01+HV02+HV05+HV06,4着以下 + performance_signal 上位20% / 6着以下 + performance_signal 上位20% / 4着以下 + performance上位20% + 上がり80以上 / 6着以下 + performance上位20% + 上がり80以上,2026-09-21,09264705,7,0.3819444444444444,-0.3819444444444444,88.88888888888889,,,,7,18.2,6,0,0
2026-09-27,S,09264904,0926490401,09,4,1,24106098,ロクメイカン,HV01|HV05|HV07,HV01+HV05+HV07,4着以下 + performance_signal 上位20% / 4着以下 + performance上位20% + 上がり80以上 / 4着以下 + 強い位置取り改善 + 上がり80以上,2026-07-12,10262605,5,-0.05000000000000426,0.05000000000000426,85.71428571428571,0.4285714285714286,,,5,12.0,5,0,0
2026-09-27,S,09264908,0926490806,09,8,6,23103436,テンタイムトップ,HV01|HV02|HV05|HV06|HV11|HV12,HV01+HV02+HV05+HV06+HV11+HV12,4着以下 + performance_signal 上位20% / 6着以下 + performance_signal 上位20% / 4着以下 + performance上位20% + 上がり80以上 / 6着以下 + performance上位20% + 上がり80以上 / 4着以下 + performance上位20% + 自身過去3走比改善 / 6着以下 + performance上位20% + 自身過去3走比改善,2026-09-06,01262604,9,0.06666666666666525,-0.06666666666666525,80.0,,1.2643518518518484,51.52777777777777,10,96.9,12,0,0
2026-09-27,A,06264902,0626490211,06,2,11,24101182,ギガントシュラーク,HV03|HV07,HV03+HV07,4着以下 + 上がり速度percentile 90以上 / 4着以下 + 強い位置取り改善 + 上がり80以上,2026-09-13,06264402,4,-0.26250000000000284,0.26250000000000284,100.0,0.44444444444444453,2.181944444444437,72.72727272727272,10,25.8,7,0,0
2026-09-27,A,06264903,0626490303,06,3,3,24100841,フレンドミラノ,HV03|HV07,HV03+HV07,4着以下 + 上がり速度percentile 90以上 / 4着以下 + 強い位置取り改善 + 上がり80以上,2026-09-05,01262501,5,-1.0382352941176392,1.0382352941176392,90.9090909090909,0.5454545454545454,1.447875816993461,72.72727272727272,3,105.1,8,1,1000
2026-09-27,A,06264903,0626490307,06,3,7,24104534,メイプルカモーン,HV03|HV07,HV03+HV07,4着以下 + 上がり速度percentile 90以上 / 4着以下 + 強い位置取り改善 + 上がり80以上,2026-09-06,06264206,4,-0.2777777777777778,0.2777777777777778,90.9090909090909,0.5454545454545455,,,5,5.3,3,0,0
2026-09-27,A,06264906,0626490603,06,6,3,21103150,タルタロス,HV03,HV03,4着以下 + 上がり速度percentile 90以上,2026-06-14,05263408,6,-0.9494047619047574,0.9494047619047574,93.33333333333333,,-0.40447012138188476,1.2698412698412653,3,59.1,11,1,640
2026-09-27,A,06264907,0626490701,06,7,1,22106212,ウインロゼライト,HV01|HV02,HV01+HV02,4着以下 + performance_signal 上位20% / 6着以下 + performance_signal 上位20%,2026-07-25,04262112,10,0.04285714285714448,-0.04285714285714448,62.5,,0.12232142857142869,-20.27777777777777,3,96.6,14,1,1810
2026-09-27,A,06264907,0626490705,06,7,5,22101259,ショウナンマリーナ,HV01|HV02|HV11|HV12,HV01+HV02+HV11+HV12,4着以下 + performance_signal 上位20% / 6着以下 + performance_signal 上位20% / 4着以下 + performance上位20% + 自身過去3走比改善 / 6着以下 + performance上位20% + 自身過去3走比改善,2026-07-25,04262112,12,-0.02857142857143304,0.02857142857143304,25.0,,1.19012410519763,-5.532212885154063,9,78.7,13,0,0
2026-09-27,A,06264907,0626490709,06,7,9,22100700,ポッドロルフ,HV01|HV02,HV01+HV02,4着以下 + performance_signal 上位20% / 6着以下 + performance_signal 上位20%,2026-07-19,03262808,9,-0.06944444444443655,0.06944444444443655,53.333333333333336,-0.1333333333333333,-0.1666666666666585,0.31746031746032344,6,18.6,8,0,0
2026-09-27,A,06264907,0626490712,06,7,12,21107253,ニシノコマチムスメ,HV01|HV11,HV01+HV11,4着以下 + performance_signal 上位20% / 4着以下 + performance上位20% + 自身過去3走比改善,2026-08-30,04263411,5,0.2222222222222175,-0.2222222222222175,66.66666666666667,,0.5446759259259253,-10.427350427350419,13,50.3,9,0,0
2026-09-27,A,06264908,0626490810,06,8,10,21105086,フクチャントウメイ,HV03|HV07,HV03+HV07,4着以下 + 上がり速度percentile 90以上 / 4着以下 + 強い位置取り改善 + 上がり80以上,2026-08-02,04262406,8,-0.4583333333333349,0.4583333333333349,92.85714285714286,0.5,0.8883928571428555,48.41269841269841,4,92.8,12,0,0
2026-09-27,A,06264908,0626490814,06,8,14,21102200,レッドライトニング,HV03|HV07,HV03+HV07,4着以下 + 上がり速度percentile 90以上 / 4着以下 + 強い位置取り改善 + 上がり80以上,2026-08-23,01262210,4,-0.5147058823529412,0.5147058823529412,92.3076923076923,0.46153846153846145,-0.15664961636828173,33.6996336996337,13,10.6,4,0,0
2026-09-27,A,06264910,0626491014,06,10,14,22103310,レイヤードレッド,HV01|HV02,HV01+HV02,4着以下 + performance_signal 上位20% / 6着以下 + performance_signal 上位20%,2026-09-19,06264510,6,-0.06875,0.06875,36.36363636363637,-0.18181818181818188,0.4212072649572677,-15.174825174825173,7,45.7,11,0,0
2026-09-27,A,06264910,0626491016,06,10,16,21105144,トレミニョン,HV01|HV02|HV11|HV12,HV01+HV02+HV11+HV12,4着以下 + performance_signal 上位20% / 6着以下 + performance_signal 上位20% / 4着以下 + performance上位20% + 自身過去3走比改善 / 6着以下 + performance上位20% + 自身過去3走比改善,2026-07-19,02261c09,9,0.5138888888888794,-0.5138888888888794,75.0,0.16666666666666674,0.8916245791245734,18.571428571428577,6,79.9,15,0,0
2026-09-27,A,06264911,0626491101,06,11,1,19105496,レッドモンレーヴ,HV03,HV03,4着以下 + 上がり速度percentile 90以上,2026-09-06,09264211,16,-2.4166666666666714,2.4166666666666714,100.0,,-2.805059523809531,4.183006535947712,5,52.3,14,0,0
2026-09-27,A,06264911,0626491102,06,11,2,22103875,アイサンサン,HV03,HV03,4着以下 + 上がり速度percentile 90以上,2026-05-17,05262811,13,-0.472222222222225,0.472222222222225,94.11764705882354,,0.08068783068783147,68.0672268907563,11,56.1,15,0,0
2026-09-27,A,06264911,0626491107,06,11,7,21102320,ペアポルックス,HV01|HV02|HV11|HV12,HV01+HV02+HV11+HV12,4着以下 + performance_signal 上位20% / 6着以下 + performance_signal 上位20% / 4着以下 + performance上位20% + 自身過去3走比改善 / 6着以下 + performance上位20% + 自身過去3走比改善,2026-03-29,07261611,10,0.46875,-0.46875,70.58823529411765,,1.239078282828281,-0.10620915032679079,8,36.7,13,0,0
2026-09-27,A,06264911,0626491112,06,11,12,23107008,ブラックチャリス,HV01|HV02|HV11|HV12,HV01+HV02+HV11+HV12,4着以下 + performance_signal 上位20% / 6着以下 + performance_signal 上位20% / 4着以下 + performance上位20% + 自身過去3走比改善 / 6着以下 + performance上位20% + 自身過去3走比改善,2026-08-09,01261611,6,-0.02500000000000095,0.02500000000000095,20.0,,0.6661616161616202,-32.036199095022624,16,113.6,16,0,0
2026-09-27,A,06264912,0626491206,06,12,6,21106421,キタノソワレ,HV03,HV03,4着以下 + 上がり速度percentile 90以上,2026-04-25,03261511,4,-0.7289002557544801,0.7289002557544801,90.0,,-0.27056692242114516,-1.6666666666666714,10,17.5,8,0,0
2026-09-27,A,09264901,0926490106,09,1,6,20102452,フェスティヴビーム,HV01|HV02,HV01+HV02,4着以下 + performance_signal 上位20% / 6着以下 + performance_signal 上位20%,2024-12-07,07244307,8,0.02142857142857224,-0.02142857142857224,56.25,0.05882352941176472,0.4942790121099006,19.66880341880342,2,12.1,8,1,400
2026-09-27,A,09264908,0926490808,09,8,8,22100200,ワンダーイロネ,HV01|HV02|HV11|HV12,HV01+HV02+HV11+HV12,4着以下 + performance_signal 上位20% / 6着以下 + performance_signal 上位20% / 4着以下 + performance上位20% + 自身過去3走比改善 / 6着以下 + performance上位20% + 自身過去3走比改善,2026-09-20,09264608,7,0.14583333333332504,-0.14583333333332504,71.42857142857143,,0.8402777777777647,27.619047619047628,9,17.8,7,0,0
2026-09-27,A,09264909,0926490904,09,9,4,22101601,ニュークレド,HV07,HV07,4着以下 + 強い位置取り改善 + 上がり80以上,2026-08-30,07263408,9,-0.7037337662337573,0.7037337662337573,85.71428571428571,0.3571428571428572,0.47347744847745754,12.857142857142847,4,19.6,6,0,0
2026-09-27,A,09264909,0926490906,09,9,6,22104963,マテンロウシルビア,HV03|HV07,HV03+HV07,4着以下 + 上がり速度percentile 90以上 / 4着以下 + 強い位置取り改善 + 上がり80以上,2026-06-28,10262209,5,-1.8461538461538505,1.8461538461538505,100.0,0.4285714285714286,-0.7589845339845411,32.73809523809524,6,43.0,8,0,0
2026-09-27,A,09264910,0926491004,09,10,4,20104738,ラフエイジアン,HV03|HV07,HV03+HV07,4着以下 + 上がり速度percentile 90以上 / 4着以下 + 強い位置取り改善 + 上がり80以上,2026-08-01,04262307,4,-0.5694444444444476,0.5694444444444476,100.0,0.7142857142857143,0.41099507435823845,31.66666666666667,9,46.4,8,0,0
2026-09-27,A,09264910,0926491006,09,10,6,22105021,マテンロウブレイブ,HV03|HV07,HV03+HV07,4着以下 + 上がり速度percentile 90以上 / 4着以下 + 強い位置取り改善 + 上がり80以上,2026-09-12,09264310,9,-0.6904761904761929,0.6904761904761929,100.0,0.4285714285714286,-0.39139433551198244,0.0,2,8.2,3,1,200
2026-09-27,A,09264910,0926491010,09,10,10,23107036,ショウナンバンライ,HV03|HV07,HV03+HV07,4着以下 + 上がり速度percentile 90以上 / 4着以下 + 強い位置取り改善 + 上がり80以上,2026-08-09,04262607,6,-0.29861111111110794,0.29861111111110794,90.9090909090909,0.2727272727272727,-0.5721677559912781,21.212121212121204,1,1.8,1,1,120
2026-09-27,A,09264911,0926491104,09,11,4,18102020,ヤマニンサンパ,HV01|HV02,HV01+HV02,4着以下 + performance_signal 上位20% / 6着以下 + performance_signal 上位20%,2026-08-08,04262507,13,0.11111111111111269,-0.11111111111111269,53.333333333333336,,-0.042989417989415135,-33.654188948306604,2,21.7,9,1,490
2026-09-27,A,09264911,0926491106,09,11,6,19105482,アサヒ,HV01|HV02|HV11|HV12,HV01+HV02+HV11+HV12,4着以下 + performance_signal 上位20% / 6着以下 + performance_signal 上位20% / 4着以下 + performance上位20% + 自身過去3走比改善 / 6着以下 + performance上位20% + 自身過去3走比改善,2026-05-24,08263a11,11,0.39236111111111743,-0.39236111111111743,16.666666666666668,,0.9240740740740814,-48.00653594771242,10,77.9,15,0,0
2026-09-27,A,09264911,0926491109,09,11,9,17105194,ラインベック,HV01|HV02,HV01+HV02,4着以下 + performance_signal 上位20% / 6着以下 + performance_signal 上位20%,2026-08-08,04262507,8,0.22222222222222537,-0.22222222222222537,6.666666666666667,,0.27893518518518967,-33.80952380952381,14,20.4,8,0,0
2026-09-27,A,09264911,0926491115,09,11,15,22105192,ビップデイジー,HV01|HV02|HV11|HV12,HV01+HV02+HV11+HV12,4着以下 + performance_signal 上位20% / 6着以下 + performance_signal 上位20% / 4着以下 + performance上位20% + 自身過去3走比改善 / 6着以下 + performance上位20% + 自身過去3走比改善,2026-06-21,05263611,11,0.055555555555552395,-0.055555555555552395,33.333333333333336,-0.2666666666666666,0.5809193121693124,-8.376068376068375,9,10.0,5,0,0